merek,model,tahun,transmisi,bahan_bakar,kilometer,warna,lokasi,harga
Daihatsu,Sigra,2022,Manual,Bensin,47055.0,Biru,Yogyakarta,104500000
Toyota,Innova,2017,Manual,Bensin,71386.0,Merah,Surabaya,144300000
Toyota,Yaris,2020,Manual,Bensin,38447.0,Abu-abu,Surabaya,149600000
Daihatsu,Terios,2009,Automatic,,,,Medan,29300000
Mitsubishi,Pajero Sport,2016,Automatic,Bensin,140859.0,Putih,Makassar,197000000
Mitsubishi,Pajero Sport,2017,Automatic,Diesel,141683.0,Merah,Semarang,234400000
BMW,Seri 3,2017,Automatic,Bensin,158310.0,Biru,Makassar,276400000
Toyota,Rush,2012,Automatic,Bensin,110262.0,Putih,Yogyakarta,50500000
Toyota,Fortuner,2017,Automatic,Diesel,153229.0,Abu-abu,Surabaya,181400000
Honda,BR-V,2010,Automatic,Bensin,319518.0,Putih,Yogyakarta,28700000
Daihatsu,Gran Max,2012,Manual,Bensin,288247.0,Hitam,Makassar,21200000
Toyota,Avanza,2015,Manual,Bensin,85516.0,Abu-abu,Bali,58600000
Mercedes-Benz,GLA,2018,Manual,Diesel,77279.0,Hitam,Semarang,332300000
Daihatsu,Sigra,2021,Automatic,Bensin,45819.0,Hitam,Makassar,99200000
Toyota,Yaris,2021,Automatic,Bensin,16660.0,Merah,Medan,177100000
Daihatsu,Terios,2009,Manual,Bensin,181174.0,Merah,Jakarta,25800000
Daihatsu,Sigra,2008,Manual,Bensin,78524.0,Silver,Medan,18900000
Suzuki,Carry,2019,Manual,Bensin,52067.0,Merah,Surabaya,80100000
Mercedes-Benz,E-Class,2021,Automatic,Bensin,73237.0,Merah,Bandung,888100000
Toyota,Avanza,2017,Manual,Diesel,123726.0,Abu-abu,Medan,77300000
Daihatsu,Ayla,2022,Automatic,Bensin,,,Surabaya,107300000
Toyota,Avanza,2020,Manual,Bensin,95318.0,Hitam,Jakarta,121100000
Mitsubishi,Triton,2011,Automatic,Bensin,286663.0,Hitam,Makassar,44300000
Toyota,Agya,2009,Manual,Bensin,356381.0,Silver,Surabaya,12600000
Toyota,Rush,2012,Manual,Bensin,145897.0,Putih,Semarang,50300000
Nissan,X-Trail,2019,Automatic,Bensin,114920.0,Putih,Jakarta,207100000
Toyota,Innova,2019,Automatic,Bensin,92477.0,Hitam,Bandung,180900000
Mitsubishi,Pajero Sport,2016,,,,,Jakarta,178800000
Mercedes-Benz,C-Class,2022,Automatic,Bensin,50751.0,Abu-abu,Bali,653100000
Suzuki,XL7,2008,Automatic,Diesel,184286.0,Hitam,Bandung,30600000
Honda,Jazz,2019,Manual,Bensin,50301.0,Abu-abu,Semarang,107700000
Honda,CR-V,2011,Manual,Bensin,273862.0,Putih,Semarang,56900000
Suzuki,Baleno,2020,Automatic,Diesel,50491.0,Silver,Bandung,138700000
Toyota,Calya,2021,MT,Bensin,31499.0,Silver,Bali,105900000
Toyota,Rush,2022,Automatic,Bensin,29928.0,Silver,Medan,183500000
Honda,Mobilio,2010,Manual,Bensin,261253.0,Abu-abu,Yogyakarta,28300000
Mitsubishi,Triton,2013,Automatic,Diesel,198210.0,Silver,Bali,69300000
Toyota,Avanza,2016,,,,,Surabaya,61800000
Toyota,Fortuner,2010,Automatic,Diesel,154851.0,Merah,Bali,74100000
Toyota,Innova,2023,Manual,Bensin,19916.0,Merah,Makassar,338200000
Mitsubishi,Pajero Sport,2013,,,,,Medan,120200000
Toyota,Fortuner,2022,Automatic,Diesel,37456.0,Hitam,Surabaya,380000000
Honda,CR-V,2018,Automatic,Diesel,89022.0,Merah,Semarang,198500000
Toyota,Yaris,2011,Manual,Bensin,156036.0,Biru,Jakarta,40400000
Toyota,Fortuner,2019,Automatic,Diesel,120943.0,Silver,Surabaya,237800000
Toyota,Calya,2013,Manual,Bensin,167152.0,Biru,Yogyakarta,34000000
Honda,HR-V,2019,Matic,Bensin,69832.0,Putih,Semarang,193300000
Toyota,Avanza,2011,Manual,Bensin,208178.0,Merah,Makassar,28500000
Toyota,Agya,2020,Manual,Bensin,52529.0,Biru,Surabaya,96100000
Honda,City,2013,Automatic,Bensin,152847.0,Silver,Bali,69500000
Toyota,Calya,2013,Manual,Bensin,97339.0,Silver,Yogyakarta,36500000
Toyota,Agya,2014,Manual,Bensin,156301.0,Abu-abu,Bandung,29700000
Daihatsu,Sigra,2015,Manual,Bensin,96593.0,Silver,Yogyakarta,39400000
Honda,BR-V,2016,Automatic,Bensin,83990.0,Putih,Jakarta,95400000
Toyota,Agya,2022,Manual,Diesel,47085.0,Abu-abu,Jakarta,113100000
Honda,CR-V,2022,Automatic,Bensin,40199.0,Hitam,Yogyakarta,338800000
Honda,CR-V,2008,Manual,Diesel,307441.0,Merah,Surabaya,42300000
Toyota,Innova,2021,Manual,Diesel,65974.0,Putih,Yogyakarta,234300000
Suzuki,XL7,2014,Automatic,Bensin,139063.0,Silver,Surabaya,64800000
Toyota,Yaris,2018,Automatic,Bensin,109222.0,Putih,Surabaya,101000000
Honda,BR-V,2014,Matic,Bensin,105569.0,Merah,Surabaya,66700000
Mercedes-Benz,C-Class,2015,Automatic,Bensin,144040.0,Hitam,Surabaya,256800000
Suzuki,Ertiga,2012,Manual,Diesel,244076.0,Hitam,Surabaya,37500000
Mitsubishi,Xpander,2013,Manual,Bensin,179529.0,Putih,Medan,47000000
Honda,HR-V,2016,Automatic,Bensin,146344.0,Silver,Bali,108800000
Honda,Brio,2010,Manual,Bensin,244792.0,Silver,Yogyakarta,18800000
Toyota,Agya,2010,Manual,Diesel,271932.0,Biru,Semarang,16700000
BMW,Seri 3,2018,Automatic,Bensin,100864.0,Putih,Medan,351100000
Toyota,Agya,2018,MT,Bensin,144980.0,Silver,Semarang,58900000
Honda,CR-V,2017,Manual,Bensin,106686.0,Putih,Yogyakarta,164200000
Suzuki,Baleno,2017,Automatic,Bensin,79552.0,Merah,Surabaya,85400000
Toyota,Avanza,2014,Manual,Bensin,111881.0,Putih,Medan,51800000
Suzuki,Ignis,2022,Manual,,,,Jakarta,111000000
Honda,BR-V,2022,Manual,Bensin,54507.0,Merah,Yogyakarta,193300000
Suzuki,Ignis,2011,Manual,Bensin,391732.0,Merah,Jakarta,19400000
Suzuki,Ignis,2011,Manual,Bensin,159154.0,Merah,Bandung,27000000
Mercedes-Benz,E-Class,2013,Matic,Bensin,115028.0,Biru,Makassar,271900000
Toyota,Innova,2015,Automatic,Diesel,87639.0,Hitam,Semarang,118600000
Honda,BR-V,2010,Automatic,Bensin,207995.0,Biru,Bandung,39800000
Daihatsu,Gran Max,2099,Automatic,Diesel,164159.0,Biru,Bali,33800000
Honda,CR-V,2008,Manual,Bensin,203489.0,Abu-abu,Surabaya,43100000
Honda,Jazz,2010,Automatic,Bensin,113969.0,Abu-abu,Yogyakarta,37800000
Toyota,Avanza,2009,Automatic,Bensin,316349.0,Biru,Jakarta,22700000
Toyota,Yaris,2013,Automatic,Bensin,58561.0,Hitam,Medan,55900000
Toyota,Yaris,2022,Manual,Bensin,27802.0,Hitam,Makassar,157200000
Toyota,Calya,2017,Manual,Bensin,130058.0,Merah,Yogyakarta,52900000
Daihatsu,Gran Max,2013,Manual,Bensin,199266.0,Silver,Bandung,28700000
Daihatsu,Sigra,2008,Manual,Bensin,221167.0,Putih,Surabaya,15800000
Toyota,Rush,2012,Automatic,Bensin,253386.0,Putih,Semarang,38500000
Honda,Brio,2014,Manual,Bensin,155800.0,Biru,Jakarta,34000000
Suzuki,Baleno,2018,Manual,Bensin,102861.0,Hitam,Makassar,81500000
Daihatsu,Gran Max,2015,Automatic,Bensin,145012.0,Abu-abu,Surabaya,38200000
Honda,BR-V,2014,Automatic,Bensin,165019.0,Silver,Medan,62200000
BMW,Seri 5,2008,Automatic,Bensin,246352.0,Hitam,Surabaya,115700000
Honda,HR-V,2020,Manual,Bensin,56788.0,Merah,Yogyakarta,200500000
Toyota,Innova,2022,Automatic,Bensin,61456.0,Abu-abu,Bandung,287200000
Toyota,Agya,2008,Automatic,Bensin,274893.0,Biru,Surabaya,13400000
Toyota,Agya,2022,Manual,Bensin,48544.0,Hitam,Bandung,106300000
Toyota,Rush,2011,Automatic,Bensin,195395.0,Abu-abu,Bandung,38800000
Mitsubishi,Pajero Sport,2023,Manual,Bensin,37742.0,Silver,Surabaya,477300000
Mitsubishi,Xpander,2013,MT,Bensin,132986.0,Merah,Surabaya,53200000
Honda,HR-V,2017,Manual,Bensin,58709.0,Silver,Surabaya,137900000
Mitsubishi,Triton,2021,Automatic,Diesel,87841.0,Hitam,Jakarta,274000000
Honda,CR-V,2020,Manual,Bensin,82174.0,Hitam,Medan,230000000
Toyota,Rush,2009,Manual,Bensin,228805.0,Putih,Yogyakarta,27800000
Nissan,Livina,2008,Manual,Bensin,201420.0,Merah,Bandung,21200000
Mitsubishi,Triton,2009,Automatic,Bensin,157191.0,Silver,Yogyakarta,51700000
Suzuki,Ignis,2014,Matic,Bensin,144102.0,Abu-abu,Surabaya,38900000
Suzuki,Ertiga,2011,Manual,Bensin,222874.0,Hitam,Medan,31800000
Toyota,Innova,2018,Automatic,Diesel,34156.0,Putih,Semarang,176200000
Daihatsu,Sigra,2014,Manual,Diesel,84634.0,Putih,Yogyakarta,41100000
Toyota,Yaris,2016,Manual,Bensin,185862.0,Abu-abu,Bandung,67200000
Mitsubishi,Xpander,2013,Automatic,Bensin,215981.0,Hitam,Bandung,50700000
BMW,Seri 3,2011,Automatic,Bensin,271855.0,Merah,Yogyakarta,119000000
Honda,BR-V,2020,Manual,Bensin,79886.0,Merah,Bandung,136700000
BMW,Seri 5,2009,Automatic,Bensin,209336.0,Silver,Medan,142700000
Honda,BR-V,2019,Manual,Bensin,87453.0,Putih,Yogyakarta,112400000
Daihatsu,Terios,2019,Manual,Bensin,49734.0,Silver,Bandung,117400000
Toyota,Calya,2022,Manual,Bensin,42855.0,Abu-abu,Yogyakarta,103200000
Nissan,Livina,2021,Manual,Bensin,100368.0,Merah,Jakarta,140600000
Honda,HR-V,2009,Automatic,Bensin,154673.0,Biru,Makassar,45000000
Toyota,Yaris,2014,Manual,Bensin,186722.0,Biru,Bandung,43800000
Toyota,Innova,2023,Manual,Diesel,18215.0,Merah,Semarang,324000000
Mitsubishi,Pajero Sport,2009,Automatic,Diesel,250144.0,Silver,Medan,59900000
Honda,Brio,2018,Manual,Bensin,103588.0,Hitam,Yogyakarta,77900000
Honda,HR-V,2022,Automatic,Bensin,39789.0,Putih,Bali,274600000
Toyota,Rush,2010,Manual,Bensin,268372.0,Hitam,Semarang,29400000
Toyota,Calya,2022,Manual,Bensin,44426.0,Silver,Yogyakarta,114000000
Mitsubishi,Xpander,2012,Automatic,Bensin,288537.0,Biru,Bali,39600000
Suzuki,XL7,2018,Manual,Bensin,67041.0,Silver,Yogyakarta,110600000
Toyota,Fortuner,2009,Manual,Bensin,197399.0,Silver,Bandung,63700000
Honda,Brio,2020,Manual,Bensin,59861.0,Silver,Surabaya,86000000
Toyota,Rush,2010,Automatic,Bensin,203113.0,Abu-abu,Surabaya,37900000
BMW,X5,2023,Automatic,Diesel,22434.0,Putih,Bandung,1413700000
Mercedes-Benz,GLA,2020,Automatic,Bensin,49792.0,Merah,Makassar,525400000
Toyota,Avanza,2017,Automatic,,,,Jakarta,77600000
Honda,Mobilio,2023,Manual,Bensin,24363.0,Abu-abu,Medan,179400000
Suzuki,Ertiga,2010,Manual,Diesel,219857.0,Putih,Yogyakarta,31700000
Suzuki,XL7,2016,Manual,Bensin,198027.0,Silver,Bandung,65800000
Daihatsu,Sigra,2014,Manual,Bensin,206606.0,Putih,Makassar,31500000
Toyota,Agya,2014,Automatic,Bensin,198676.0,Putih,Semarang,37100000
Daihatsu,Terios,2018,Manual,Diesel,74088.0,Biru,Semarang,102800000
Suzuki,Ignis,2014,Manual,Bensin,226589.0,Putih,Makassar,33000000
Suzuki,Baleno,2015,Manual,Diesel,105135.0,Merah,Surabaya,57700000
Honda,CR-V,2008,Manual,Bensin,234953.0,Biru,Yogyakarta,44300000
Daihatsu,Sigra,2022,Automatic,Bensin,46840.0,Putih,Bandung,124300000
Nissan,X-Trail,2008,Automatic,Bensin,200952.0,Abu-abu,Yogyakarta,43800000
Toyota,Rush,2012,Manual,Bensin,133775.0,Merah,Makassar,43300000
Honda,Jazz,2016,Automatic,Bensin,92299.0,Silver,Yogyakarta,76100000
Honda,Brio,2016,Manual,Bensin,98434.0,Abu-abu,Jakarta,51200000
Toyota,Fortuner,2019,Automatic,Diesel,73610.0,Biru,Bali,285600000
Suzuki,Ertiga,2015,Manual,Bensin,122358.0,Biru,Yogyakarta,63900000
Daihatsu,Terios,2015,Manual,,,,Yogyakarta,59700000
Daihatsu,Gran Max,2010,Manual,Bensin,78142.0,Silver,Bali,22200000
Toyota,Innova,2019,Manual,Bensin,80689.0,Biru,Makassar,164600000
Honda,City,2016,Automatic,Bensin,74195.0,Silver,Surabaya,113900000
Mitsubishi,Pajero Sport,2018,Automatic,Diesel,85477.0,Biru,Jakarta,277600000
BMW,X5,2009,Automatic,Diesel,193930.0,Hitam,Bali,198100000
Suzuki,Ertiga,2014,Automatic,Bensin,192851.0,Putih,Yogyakarta,52800000
Toyota,Yaris,2010,Manual,Bensin,163304.0,Hitam,Surabaya,34600000
Honda,City,2014,Automatic,Bensin,200252.0,Merah,Semarang,66100000
Daihatsu,Ayla,2015,Manual,Bensin,186413.0,Silver,Makassar,32500000
Suzuki,XL7,2018,,,,,Medan,122900000
Daihatsu,Gran Max,2008,Manual,Bensin,157403.0,Putih,Bandung,14800000
Honda,HR-V,2016,Manual,Bensin,133896.0,Silver,Bali,107400000
Toyota,Yaris,2010,Automatic,Bensin,200185.0,Putih,Bandung,31000000
Toyota,Rush,2021,Manual,Bensin,,,Makassar,149600000
Toyota,Calya,2015,Manual,Bensin,70077.0,Abu-abu,Makassar,47800000
Toyota,Avanza,2011,Manual,Bensin,174519.0,Putih,Makassar,33200000
Toyota,Avanza,2020,Manual,Diesel,65720.0,Hitam,Bali,122900000
Toyota,Calya,2012,Manual,Bensin,225993.0,Merah,Surabaya,24000000
Honda,BR-V,2017,Manual,Bensin,100868.0,Merah,Bali,87000000
Mercedes-Benz,C-Class,2014,Automatic,Bensin,182758.0,Silver,Jakarta,210700000
Suzuki,Baleno,2023,Automatic,Bensin,36944.0,Abu-abu,Bandung,204400000
Honda,CR-V,2013,Manual,Bensin,211495.0,Merah,Bandung,89500000
Honda,CR-V,2012,Automatic,Bensin,217365.0,Biru,Medan,84100000
Honda,Mobilio,2012,Manual,Diesel,146154.0,Putih,Surabaya,42800000
Suzuki,Ertiga,2014,Manual,Bensin,169017.0,Merah,Bandung,48500000
Suzuki,XL7,2008,Manual,Bensin,283481.0,Putih,Yogyakarta,24600000
Nissan,Livina,2019,Manual,Bensin,94776.0,Abu-abu,Makassar,92800000
Honda,Mobilio,2018,Manual,Bensin,126812.0,Merah,Medan,76600000
Honda,City,2020,Manual,Bensin,72800.0,Hitam,Jakarta,168000000
Honda,CR-V,2017,Automatic,Diesel,155123.0,Hitam,Jakarta,163400000
Toyota,Fortuner,2013,Manual,Diesel,163943.0,Abu-abu,Makassar,93200000
Daihatsu,Ayla,2019,Manual,Bensin,96146.0,Abu-abu,Surabaya,56200000
Toyota,Innova,2014,Automatic,Bensin,180327.0,Merah,Makassar,87900000
Toyota,Yaris,2018,Manual,Bensin,19126.0,Merah,Semarang,109200000
Nissan,Livina,2015,Manual,Bensin,96423.0,Hitam,Bali,52300000
BMW,X5,2017,Automatic,Bensin,75329.0,Merah,Bali,629500000
Suzuki,XL7,2014,Automatic,Diesel,115647.0,Abu-abu,Medan,71400000
Suzuki,Ertiga,2022,Automatic,Bensin,40060.0,Putih,Surabaya,168000000
Mitsubishi,Pajero Sport,2021,Automatic,Bensin,65268.0,Putih,Bandung,372400000
Toyota,Agya,2023,Manual,Bensin,23069.0,Biru,Medan,125700000
Toyota,Avanza,2011,Manual,Bensin,177963.0,Putih,Yogyakarta,32300000
Mitsubishi,Pajero Sport,2010,Automatic,Bensin,244375.0,Merah,Yogyakarta,71800000
Daihatsu,Gran Max,2017,Manual,Bensin,124595.0,Silver,Bali,53800000
Honda,City,2009,Manual,Bensin,292991.0,Silver,Semarang,29500000
Nissan,Grand Livina,2015,Automatic,Diesel,82381.0,Merah,Makassar,62700000
Honda,City,2010,Automatic,Bensin,96712.0,Merah,Semarang,52800000
Toyota,Yaris,2014,Manual,Bensin,104573.0,Putih,Medan,55800000
Honda,HR-V,2010,Automatic,Diesel,247790.0,Silver,Surabaya,49200000
BMW,Seri 3,2011,Manual,Diesel,181729.0,Silver,Bandung,139300000
Honda,Jazz,2018,Automatic,Bensin,84843.0,,Semarang,105500000
BMW,Seri 5,2018,Automatic,Bensin,163500.0,Putih,Bali,375900000
Toyota,Yaris,2010,Manual,Bensin,214876.0,Silver,Semarang,30100000
Nissan,X-Trail,2010,Automatic,Bensin,206729.0,Merah,Bandung,59600000
Daihatsu,Ayla,2020,Manual,Bensin,40582.0,Putih,Surabaya,80900000
Mitsubishi,Triton,2013,Automatic,Diesel,157262.0,Silver,Semarang,75000000
Honda,HR-V,2010,Manual,Diesel,157230.0,Silver,Medan,47500000
Toyota,Rush,2008,Automatic,Bensin,267748.0,Biru,Yogyakarta,26400000
Suzuki,XL7,2020,Automatic,Bensin,39299.0,Putih,Semarang,162300000
Daihatsu,Terios,2022,Manual,Bensin,35794.0,Putih,Surabaya,187500000
Honda,BR-V,2008,Automatic,Bensin,234913.0,Putih,Makassar,25900000
Honda,City,2009,Automatic,Diesel,288786.0,Biru,Makassar,36500000
Toyota,Avanza,2009,Automatic,Bensin,119689.0,Hitam,Semarang,27400000
Mercedes-Benz,C-Class,2013,Automatic,Bensin,159265.0,Biru,Makassar,192700000
Honda,CR-V,2011,Automatic,Bensin,185770.0,Hitam,Bali,71500000
Mitsubishi,Triton,2020,Manual,Bensin,90141.0,Abu-abu,Makassar,207400000
BMW,Seri 5,2022,Automatic,Bensin,33380.0,Merah,Yogyakarta,849600000
Toyota,Avanza,2015,Manual,Bensin,115574.0,Hitam,Jakarta,54900000
Toyota,Avanza,2010,Manual,Bensin,245437.0,Biru,Makassar,23900000
Honda,Jazz,2008,Manual,Bensin,163011.0,Abu-abu,Yogyakarta,23700000
Daihatsu,Ayla,2020,Automatic,Bensin,47806.0,Hitam,Bali,79200000
Toyota,Innova,2012,Manual,,,,Medan,48900000
Suzuki,XL7,2023,Automatic,Bensin,21061.0,Hitam,Bandung,222700000
Toyota,Rush,2010,Manual,Bensin,116156.0,Biru,Surabaya,36800000
Suzuki,Baleno,2014,Manual,Bensin,161377.0,Putih,Jakarta,56100000
Toyota,Innova,2008,Manual,Bensin,250307.0,Abu-abu,Yogyakarta,29400000
Toyota,Yaris,2016,Manual,Bensin,123047.0,Silver,Makassar,68000000
Toyota,Avanza,2011,Manual,Bensin,234490.0,Silver,Semarang,25800000
Suzuki,Carry,2017,Manual,Bensin,127259.0,Merah,Medan,51800000
Mercedes-Benz,GLA,2021,Automatic,Bensin,61928.0,Putih,Bali,510100000
Mitsubishi,Triton,2023,Automatic,Diesel,24687.0,Putih,Yogyakarta,376900000
Daihatsu,Terios,2008,Automatic,Bensin,249641.0,Hitam,Makassar,23600000
Mitsubishi,Pajero Sport,2016,Automatic,Diesel,109635.0,Abu-abu,Yogyakarta,202600000
Mercedes-Benz,E-Class,2022,Automatic,Bensin,36768.0,Abu-abu,Surabaya,995200000
Honda,Brio,2015,Manual,Bensin,73632.0,Abu-abu,Makassar,47400000
Suzuki,Ignis,2018,,,,,Bali,70700000
Daihatsu,Gran Max,2020,Manual,Diesel,69939.0,Biru,Surabaya,88700000
Toyota,Calya,2020,Manual,Bensin,60416.0,Merah,Semarang,95400000
Mitsubishi,Xpander,2008,Manual,Bensin,159396.0,Merah,Medan,31200000
Toyota,Innova,2011,Automatic,Bensin,124563.0,Hitam,Bali,58400000
Suzuki,XL7,2021,Automatic,Bensin,56313.0,Merah,Bandung,183600000
Honda,HR-V,2022,Manual,Bensin,46256.0,Biru,Makassar,270100000
Mitsubishi,Triton,2009,Automatic,Bensin,325244.0,Merah,Bali,41400000
Toyota,Innova,2019,Manual,Bensin,106387.0,Putih,Makassar,159400000
Toyota,Agya,2012,Automatic,Bensin,257172.0,Biru,Yogyakarta,22500000
Nissan,Grand Livina,2015,Automatic,Bensin,190973.0,Biru,Semarang,56200000
Toyota,Agya,2010,Manual,Bensin,159810.0,Abu-abu,Jakarta,21800000
Toyota,Avanza,2008,Manual,Bensin,427364.0,Hitam,Makassar,12300000
Nissan,Livina,2016,Manual,Bensin,148121.0,Hitam,Bali,66800000
Toyota,Fortuner,2009,Automatic,Diesel,238453.0,Putih,Makassar,61000000
Honda,Jazz,2021,Automatic,Bensin,45431.0,Abu-abu,Makassar,150400000
Daihatsu,Sigra,2010,Manual,Diesel,240273.0,Hitam,Surabaya,18700000
Honda,City,2016,Automatic,Bensin,131072.0,Hitam,Bali,101300000
Toyota,Agya,2012,Manual,Bensin,224540.0,Merah,Surabaya,24900000
Honda,BR-V,2018,Manual,Bensin,120288.0,Silver,Jakarta,106300000
Suzuki,Baleno,2010,MT,Bensin,178384.0,Silver,Bandung,29900000
Nissan,X-Trail,2019,Automatic,Bensin,88549.0,Merah,Bandung,205100000
Mercedes-Benz,E-Class,2021,Automatic,Bensin,92456.0,Silver,Medan,633400000
Mitsubishi,Pajero Sport,2008,Automatic,Bensin,292540.0,Merah,Bali,54400000
Daihatsu,Terios,2013,Automatic,Diesel,134311.0,Putih,Semarang,50300000
Mitsubishi,Pajero Sport,2023,Automatic,Bensin,14139.0,Abu-abu,Jakarta,606000000
Toyota,Yaris,2012,Manual,Bensin,270993.0,Hitam,Makassar,38200000
Honda,HR-V,2021,Manual,Bensin,52706.0,Abu-abu,Jakarta,194900000
Daihatsu,Sigra,2014,Manual,Bensin,150120.0,Merah,Semarang,33500000
Honda,Brio,2022,Automatic,Bensin,41599.0,Putih,Surabaya,132600000
Daihatsu,Xenia,2018,MT,Bensin,114739.0,Hitam,Yogyakarta,78500000
Nissan,Livina,2017,Manual,Bensin,87146.0,Putih,Surabaya,83600000
Daihatsu,Gran Max,2015,Manual,Bensin,165588.0,Abu-abu,Medan,42600000
Nissan,Livina,2023,Manual,Diesel,29420.0,Biru,Surabaya,203500000
Mitsubishi,Pajero Sport,2008,Automatic,Diesel,302245.0,Biru,Medan,54500000
Mitsubishi,Xpander,2020,Automatic,Bensin,70613.0,Biru,Bandung,135800000
Honda,Jazz,2022,Automatic,Bensin,41560.0,Merah,Bandung,184700000
Mercedes-Benz,C-Class,2014,Automatic,Diesel,162319.0,Hitam,Bandung,207200000
Mercedes-Benz,C-Class,2016,Automatic,Bensin,174477.0,Abu-abu,Medan,230100000
Honda,HR-V,2012,Manual,Diesel,152701.0,Putih,Surabaya,66800000
Daihatsu,Terios,2014,Manual,Bensin,104638.0,Hitam,Semarang,53400000
Honda,Jazz,2022,Automatic,Bensin,63147.0,Putih,Makassar,195000000
Toyota,Innova,2023,Automatic,Bensin,33492.0,Biru,Semarang,308000000
Mitsubishi,Xpander,2012,Automatic,Bensin,169794.0,Putih,Yogyakarta,47200000
Daihatsu,Sigra,2016,Manual,Bensin,105336.0,Abu-abu,Bali,47900000
Mitsubishi,Pajero Sport,2017,Automatic,Diesel,87113.0,Hitam,Bandung,248300000
Honda,BR-V,2017,Manual,Bensin,75892.0,Merah,Semarang,89400000
Honda,HR-V,2018,Automatic,Bensin,52002.0,Abu-abu,Surabaya,153400000
Daihatsu,Sigra,2021,Manual,Bensin,75201.0,Silver,Semarang,92100000
Toyota,Yaris,2013,Automatic,Bensin,185722.0,Merah,Jakarta,45100000
Toyota,Calya,2008,Manual,Bensin,218257.0,Biru,Bandung,15800000
Honda,HR-V,2010,Automatic,Bensin,256891.0,Silver,Medan,37900000
Mitsubishi,Triton,2018,Automatic,Diesel,127563.0,Putih,Medan,155600000
Mitsubishi,Pajero Sport,2008,Manual,Diesel,251787.0,Hitam,Makassar,54300000
Suzuki,Baleno,2011,Automatic,Bensin,185777.0,,Bandung,37600000
Honda,HR-V,2013,Automatic,Diesel,144934.0,Biru,Semarang,80700000
Mercedes-Benz,C-Class,2010,Automatic,Bensin,245485.0,Biru,Medan,104200000
Toyota,Calya,2016,Manual,Bensin,205425.0,Merah,Makassar,42200000
Nissan,X-Trail,2023,Manual,Diesel,34789.0,Putih,Semarang,360800000
Toyota,Rush,2010,Automatic,Bensin,223990.0,Hitam,Medan,33500000
Daihatsu,Terios,2023,Manual,Diesel,29469.0,Biru,Semarang,201500000
Nissan,X-Trail,2019,Automatic,Bensin,71396.0,Silver,Bandung,195700000
Honda,Brio,2012,Manual,Bensin,152603.0,Silver,Jakarta,28700000
Daihatsu,Terios,2018,Manual,Bensin,54689.0,Abu-abu,Semarang,112500000
Toyota,Avanza,2016,Automatic,Diesel,158820.0,Biru,Surabaya,65000000
Toyota,Innova,2011,Automatic,Diesel,204245.0,Silver,Surabaya,59300000
Mitsubishi,Xpander,2011,Manual,Bensin,282561.0,Putih,Semarang,35100000
Honda,HR-V,2013,Manual,Bensin,123848.0,Putih,Medan,72700000
Toyota,Fortuner,2018,Automatic,Diesel,130052.0,Merah,Yogyakarta,218600000
Honda,City,2014,Automatic,Diesel,37724.0,Abu-abu,Semarang,91400000
Mitsubishi,Xpander,2020,Manual,Bensin,73186.0,,Yogyakarta,128300000
Suzuki,Ertiga,2018,Manual,Bensin,108352.0,Hitam,Bali,87400000
Toyota,Rush,2013,Manual,Bensin,133610.0,Silver,Surabaya,45600000
BMW,Seri 3,2017,Automatic,Diesel,154743.0,Biru,Medan,296500000
Toyota,Innova,2022,Matic,Bensin,39017.0,Merah,Surabaya,261700000
Honda,BR-V,2010,Manual,Bensin,253893.0,Putih,Medan,32900000
Mitsubishi,Xpander,2020,Manual,Bensin,92862.0,Silver,Bandung,136600000
BMW,Seri 5,2012,Automatic,Diesel,136746.0,Biru,Jakarta,219400000
Toyota,Fortuner,2016,Automatic,Bensin,136809.0,Hitam,Medan,168500000
Suzuki,Ignis,2017,Manual,Diesel,128180.0,Hitam,Yogyakarta,58700000
Toyota,Yaris,2018,Automatic,Bensin,125381.0,Putih,Surabaya,111500000
Toyota,Fortuner,2014,Automatic,Diesel,154725.0,Hitam,Medan,121900000
Honda,Jazz,2018,Manual,Bensin,126947.0,Biru,Bali,93100000
Toyota,Rush,2016,Manual,Diesel,75754.0,Silver,Medan,92000000
BMW,Seri 3,2017,Automatic,Bensin,53516.0,Merah,Semarang,362700000
Toyota,Innova,2012,Automatic,Bensin,227728.0,Merah,Bandung,68000000
Daihatsu,Sigra,2017,Manual,Bensin,135789.0,Hitam,Yogyakarta,52300000
Toyota,Fortuner,2021,Automatic,Diesel,28561.0,Silver,Bandung,355400000
Toyota,Agya,2020,Manual,Bensin,62689.0,Silver,Yogyakarta,75100000
Mercedes-Benz,C-Class,2020,Automatic,Bensin,76755.0,Hitam,Jakarta,540000000
Suzuki,Carry,2023,Manual,Bensin,49629.0,Silver,Jakarta,123600000
Suzuki,XL7,2017,Manual,Bensin,82521.0,Putih,Bandung,95700000
Toyota,Calya,2018,Manual,Bensin,74109.0,Abu-abu,Surabaya,75000000
Mitsubishi,Triton,2014,Automatic,Bensin,182819.0,Hitam,Yogyakarta,76200000
Toyota,Innova,2019,Manual,Bensin,91994.0,,Jakarta,174900000
Toyota,Fortuner,2009,Automatic,Diesel,291753.0,Merah,Makassar,63300000
Honda,Jazz,2008,Automatic,Bensin,231416.0,Hitam,Bali,22900000
Nissan,X-Trail,2018,Automatic,Diesel,81144.0,Merah,Bandung,175000000
Daihatsu,Xenia,2015,Manual,Bensin,184293.0,Hitam,Semarang,47000000
Toyota,Innova,2009,Manual,Bensin,97445.0,Merah,Medan,44900000
Toyota,Agya,2009,Manual,Bensin,320174.0,Abu-abu,Jakarta,13200000
Mitsubishi,Xpander,2020,Automatic,Bensin,79095.0,Putih,Medan,139300000
Mercedes-Benz,GLA,2019,Automatic,Bensin,48226.0,Putih,Makassar,445700000
Suzuki,Baleno,2010,Manual,Bensin,288782.0,Hitam,Semarang,23500000
Toyota,Fortuner,2019,Manual,Diesel,70514.0,Silver,Makassar,260300000
Honda,BR-V,2015,Automatic,Bensin,113893.0,Biru,Makassar,75600000
Suzuki,Ertiga,2014,Manual,Diesel,49208.0,Abu-abu,Bandung,49500000
Honda,HR-V,2017,Automatic,Bensin,133580.0,Merah,Bali,122000000
Mercedes-Benz,E-Class,2011,Automatic,Bensin,185266.0,Abu-abu,Bali,201900000
Suzuki,Ignis,2010,Manual,Bensin,200222.0,Putih,Makassar,19200000
Toyota,Agya,2021,Manual,Bensin,8599.0,Putih,Yogyakarta,94400000
Suzuki,Baleno,2013,Manual,Bensin,192480.0,Putih,Makassar,41000000
Toyota,Calya,2020,Automatic,Bensin,48914.0,Silver,Semarang,98400000
Toyota,Rush,2021,Manual,Bensin,,,Makassar,149600000
Toyota,Yaris,2010,Manual,Bensin,306071.0,Biru,Yogyakarta,24800000
Toyota,Calya,2008,Automatic,Bensin,148594.0,Hitam,Semarang,17000000
Honda,Brio,2019,Manual,Bensin,94207.0,Merah,Jakarta,79000000
Honda,CR-V,2010,Automatic,Bensin,229574.0,Abu-abu,Jakarta,68900000
Daihatsu,Terios,2019,Manual,Bensin,68917.0,Abu-abu,Bandung,107600000
BMW,Seri 3,2009,Automatic,Bensin,238933.0,Biru,Semarang,93400000
Mercedes-Benz,GLA,2008,Manual,Diesel,299271.0,Putih,Surabaya,67300000
Toyota,Fortuner,2014,Manual,Bensin,115977.0,Silver,Bandung,112300000
Honda,CR-V,2008,Automatic,Bensin,313865.0,Hitam,Yogyakarta,39800000
Nissan,Livina,2009,Manual,Bensin,241814.0,Abu-abu,Bali,23800000
Honda,BR-V,2016,MT,Bensin,115964.0,Biru,Makassar,72800000
Mitsubishi,Pajero Sport,2019,Automatic,Diesel,92037.0,Biru,Makassar,285900000
Honda,City,2019,Automatic,Bensin,62942.0,Putih,Makassar,168100000
Honda,Jazz,2008,Manual,Bensin,252271.0,Hitam,Semarang,23500000
Toyota,Rush,2011,Automatic,Bensin,237446.0,Putih,Semarang,36300000
Daihatsu,Gran Max,2011,Manual,Bensin,132158.0,Hitam,Bandung,24100000
Toyota,Fortuner,2022,Automatic,Bensin,35246.0,Biru,Medan,382400000
Toyota,Rush,2017,Automatic,Bensin,106001.0,Hitam,Yogyakarta,93300000
Toyota,Avanza,2021,Automatic,Bensin,14881.0,Abu-abu,Bali,159500000
Honda,City,2008,Automatic,Diesel,246539.0,Hitam,Bali,32900000
Honda,Brio,2015,,,,,Bandung,40100000
Daihatsu,Terios,2023,Automatic,Bensin,21404.0,Biru,Jakarta,196100000
Toyota,Avanza,2015,Automatic,Bensin,74389.0,Biru,Jakarta,71400000
Honda,BR-V,2008,Automatic,Diesel,199571.0,Merah,Medan,29000000
Honda,Mobilio,2013,Manual,Bensin,175956.0,Abu-abu,Bali,42800000
Honda,Jazz,2009,Manual,Bensin,139088.0,Merah,Jakarta,31700000
Toyota,Avanza,2008,Manual,Bensin,281679.0,Merah,Medan,18600000
Daihatsu,Gran Max,2018,Manual,Bensin,113832.0,Merah,Yogyakarta,68600000
Toyota,Calya,2015,Manual,Bensin,202312.0,Hitam,Surabaya,38600000
Toyota,Rush,2022,Manual,Bensin,48377.0,Putih,Bandung,174000000
Nissan,Livina,2023,Automatic,Bensin,37796.0,Putih,Medan,201900000
Toyota,Yaris,2022,Manual,Bensin,17521.0,Putih,Semarang,165600000
Toyota,Agya,2023,Manual,Bensin,31697.0,Abu-abu,Yogyakarta,117800000
Honda,City,2022,Automatic,Bensin,25025.0,Silver,Surabaya,254200000
Suzuki,Carry,2022,Automatic,Bensin,20621.0,Merah,Medan,112900000
Honda,BR-V,2020,Automatic,Bensin,48227.0,Putih,Surabaya,158700000
Suzuki,Ertiga,2020,Manual,Bensin,71176.0,Putih,Jakarta,128700000
Toyota,Fortuner,2011,Automatic,Diesel,207708.0,Abu-abu,Bandung,77300000
Toyota,Yaris,2008,Manual,Bensin,278239.0,Abu-abu,Yogyakarta,19600000
Toyota,Rush,2017,Manual,Bensin,65384.0,Putih,Medan,88700000
Honda,City,2012,Manual,Bensin,106473.0,Abu-abu,Medan,55700000
Toyota,Yaris,2014,Automatic,Bensin,167215.0,Merah,Yogyakarta,59800000
Mercedes-Benz,E-Class,2011,Automatic,Bensin,244798.0,Biru,Makassar,168900000
Mitsubishi,Xpander,2018,Automatic,Bensin,87781.0,Merah,Yogyakarta,110200000
Suzuki,Carry,2023,Manual,Bensin,60096.0,Putih,Medan,113300000
Honda,HR-V,2013,Manual,Bensin,187087.0,Putih,Jakarta,63900000
BMW,X5,2012,Automatic,Bensin,220395.0,Biru,Makassar,249600000
Mercedes-Benz,C-Class,2010,Automatic,Bensin,154370.0,Silver,Bali,133200000
Toyota,Fortuner,2014,Manual,Diesel,150466.0,Silver,Jakarta,125000000
Honda,City,2023,Manual,Bensin,20509.0,Putih,Medan,272200000
Daihatsu,Sigra,2013,Manual,Bensin,,,Surabaya,33300000
Honda,HR-V,2010,Manual,Bensin,288880.0,Merah,Makassar,37800000
Daihatsu,Terios,2019,Matic,Bensin,103562.0,Abu-abu,Semarang,114200000
Mitsubishi,Xpander,2017,Automatic,Bensin,115719.0,Abu-abu,Bali,95100000
Daihatsu,Sigra,2022,Manual,Bensin,55339.0,,Surabaya,107200000
Mercedes-Benz,C-Class,2008,Automatic,Diesel,189056.0,Biru,Makassar,105800000
Mercedes-Benz,E-Class,2010,Automatic,Bensin,221693.0,Silver,Surabaya,155000000
Mercedes-Benz,C-Class,2023,Automatic,Bensin,26509.0,Silver,Yogyakarta,741300000
Honda,Mobilio,2013,Matic,Bensin,168347.0,Biru,Bali,42700000
Daihatsu,Xenia,2021,Automatic,Bensin,72442.0,Silver,Bandung,126200000
Honda,Mobilio,2009,Manual,Bensin,176139.0,Biru,Surabaya,26900000
Daihatsu,Xenia,2011,Manual,Bensin,136433.0,Putih,Surabaya,35600000
BMW,Seri 3,2014,Manual,Bensin,122252.0,Biru,Semarang,201200000
BMW,Seri 5,2008,Automatic,Bensin,233565.0,Abu-abu,Surabaya,125400000
Honda,BR-V,2016,Automatic,Bensin,55860.0,Biru,Medan,87200000
Toyota,Agya,2016,Manual,Bensin,122836.0,Silver,Bandung,39900000
Toyota,Calya,2010,Manual,Bensin,217436.0,Biru,Bali,20200000
Honda,CR-V,2008,Automatic,Bensin,361855.0,Putih,Semarang,37800000
Honda,HR-V,2021,Manual,,,,Makassar,214000000
Suzuki,Ignis,2020,Manual,,,,Jakarta,97500000
Mitsubishi,Xpander,2009,Manual,Bensin,313815.0,Biru,Makassar,26300000
Daihatsu,Ayla,2008,Automatic,Bensin,292292.0,Silver,Jakarta,13400000
Toyota,Yaris,2021,Manual,Bensin,66097.0,Merah,Bali,150900000
Mitsubishi,Pajero Sport,2008,Automatic,Bensin,199862.0,Putih,Medan,54900000
Mitsubishi,Triton,2009,Manual,Bensin,170344.0,Putih,Surabaya,45200000
Toyota,Agya,2009,Automatic,Bensin,203153.0,Silver,Makassar,17100000
Suzuki,XL7,2019,Automatic,Bensin,98043.0,Merah,Makassar,149000000
Toyota,Calya,2010,MT,Bensin,266037.0,Merah,Bandung,17600000
Toyota,Avanza,2020,Automatic,Bensin,41404.0,Putih,Bali,117500000
Toyota,Rush,2016,Automatic,Bensin,97797.0,Silver,Makassar,86500000
BMW,X5,2009,Manual,Bensin,175342.0,Putih,Bandung,155100000
Mitsubishi,Pajero Sport,2015,Automatic,Bensin,178105.0,Biru,Surabaya,154200000
Mercedes-Benz,C-Class,2008,Automatic,Bensin,266884.0,Biru,Semarang,82600000
Daihatsu,Terios,2023,Automatic,Bensin,23716.0,Biru,Bandung,183200000
Honda,Jazz,2020,Automatic,Bensin,83874.0,Hitam,Jakarta,146900000
Suzuki,XL7,2012,Manual,Bensin,163853.0,Abu-abu,Medan,42200000
Honda,Jazz,2012,Manual,Bensin,205529.0,Hitam,Makassar,39700000
BMW,Seri 5,2023,Automatic,Bensin,37143.0,Hitam,Bali,955500000
BMW,Seri 5,2014,Automatic,,,,Yogyakarta,287600000
Toyota,Calya,2018,Automatic,Bensin,120317.0,Abu-abu,Medan,64100000
Toyota,Fortuner,2011,Manual,Bensin,164901.0,Abu-abu,Yogyakarta,80100000
Suzuki,Baleno,2023,Manual,Bensin,46716.0,Silver,Yogyakarta,187100000
Daihatsu,Sigra,2015,,,,,Medan,39900000
Honda,CR-V,2016,Automatic,Bensin,96415.0,Abu-abu,Jakarta,163400000
Suzuki,Carry,2015,Manual,Bensin,139077.0,Merah,Yogyakarta,41300000
Mitsubishi,Pajero Sport,2008,Automatic,Diesel,234530.0,Merah,Bali,54600000
Toyota,Fortuner,2009,Manual,Diesel,245524.0,Merah,Jakarta,60600000
Toyota,Yaris,2018,Automatic,Bensin,98452.0,Hitam,Yogyakarta,101500000
BMW,Seri 3,2021,Automatic,Bensin,95025.0,Hitam,Makassar,516300000
Toyota,Yaris,2008,Manual,Bensin,144747.0,Hitam,Makassar,25800000
Toyota,Agya,2020,Manual,Bensin,43072.0,Abu-abu,Surabaya,82800000
Suzuki,Ignis,2011,Manual,Bensin,243360.0,Merah,Bali,23100000
Daihatsu,Xenia,2013,Automatic,Diesel,182030.0,Abu-abu,Surabaya,44400000
Nissan,Livina,2010,Manual,Bensin,223494.0,Silver,Semarang,28000000
Mercedes-Benz,E-Class,2023,Automatic,Bensin,26244.0,Silver,Bandung,1095600000
Honda,Brio,2011,MT,Diesel,116664.0,Hitam,Bandung,26300000
Honda,CR-V,2016,Automatic,Bensin,162782.0,Silver,Surabaya,141600000
Toyota,Fortuner,2014,,,,,Jakarta,132400000
BMW,Seri 5,2021,Manual,Bensin,48403.0,Hitam,Bali,648300000
Daihatsu,Gran Max,2017,Manual,Bensin,114229.0,Biru,Jakarta,59500000
Nissan,Grand Livina,2019,Automatic,Bensin,126212.0,Putih,Surabaya,95000000
Suzuki,Carry,2011,MT,Bensin,116621.0,Silver,Yogyakarta,23500000
Nissan,Grand Livina,2012,Manual,Bensin,209663.0,Hitam,Jakarta,28800000
Daihatsu,Terios,2020,Manual,Bensin,90232.0,Putih,Yogyakarta,124200000
Toyota,Innova,2008,Automatic,Bensin,318799.0,Merah,Jakarta,37400000
Daihatsu,Xenia,2017,Manual,Bensin,105532.0,Silver,Jakarta,77800000
Mitsubishi,Xpander,2015,Automatic,Bensin,132359.0,Biru,Makassar,79500000
Toyota,Calya,2014,Manual,Diesel,199704.0,Putih,Medan,38000000
Toyota,Rush,2014,Automatic,Bensin,103951.0,Hitam,Bandung,70400000
Nissan,Grand Livina,2017,Manual,Bensin,134551.0,Abu-abu,Makassar,61700000
Honda,Jazz,2012,Manual,Bensin,221210.0,Putih,Surabaya,39600000
Daihatsu,Terios,2023,Matic,Bensin,33751.0,Putih,Jakarta,197500000
Toyota,Yaris,2017,Automatic,Bensin,89711.0,Biru,Medan,91600000
Daihatsu,Ayla,2014,Manual,Bensin,138405.0,Abu-abu,Bandung,27500000
BMW,Seri 5,2020,Automatic,Bensin,69777.0,Biru,Jakarta,673600000
Toyota,Calya,2018,Automatic,Bensin,150856.0,Merah,Semarang,59200000
Mitsubishi,Pajero Sport,2015,Manual,Diesel,182401.0,Merah,Surabaya,131000000
Toyota,Calya,2016,Manual,Bensin,102998.0,Merah,Jakarta,51400000
Suzuki,Baleno,2020,Manual,Diesel,56893.0,Abu-abu,Bandung,138600000
Honda,CR-V,2015,Automatic,Diesel,95882.0,Abu-abu,Makassar,143000000
Toyota,Calya,2013,Manual,Bensin,221906.0,Silver,Medan,27800000
Daihatsu,Xenia,2019,Automatic,Bensin,85909.0,Merah,Semarang,84800000
Mitsubishi,Xpander,2019,Manual,Bensin,80653.0,Putih,Bali,126800000
Honda,Mobilio,2014,Manual,Bensin,127033.0,Merah,Bandung,49400000
Daihatsu,Ayla,2021,Manual,Bensin,72385.0,Silver,Bali,71000000
Toyota,Rush,2014,Manual,Bensin,122241.0,Abu-abu,Semarang,62400000
Daihatsu,Gran Max,2023,Manual,Bensin,18286.0,Biru,Medan,111900000
Mitsubishi,Pajero Sport,2021,MT,Diesel,63049.0,Biru,Bandung,372900000
Mitsubishi,Pajero Sport,2011,Automatic,Bensin,164329.0,Putih,Yogyakarta,80200000
BMW,Seri 5,2014,Automatic,Bensin,160694.0,Abu-abu,Bali,228400000
Daihatsu,Gran Max,2023,Automatic,Bensin,27440.0,Putih,Surabaya,129300000
Suzuki,Carry,2022,Manual,Bensin,49111.0,Merah,Surabaya,103900000
Toyota,Innova,2014,Automatic,Bensin,75983.0,Abu-abu,Medan,88000000
Toyota,Rush,2016,Manual,Bensin,66502.0,Hitam,Yogyakarta,73000000
Suzuki,XL7,2012,Manual,,,,Surabaya,50700000
Toyota,Calya,2016,Automatic,Bensin,170568.0,Biru,Bandung,57900000
Daihatsu,Terios,2018,Automatic,Bensin,130681.0,Merah,Medan,90700000
Toyota,Yaris,2021,Manual,Bensin,56319.0,Silver,Medan,139400000
Honda,Mobilio,2018,Manual,Diesel,139433.0,Silver,Bali,77600000
Daihatsu,Terios,2010,Automatic,Bensin,138454.0,Merah,Jakarta,34600000
Toyota,Yaris,2020,Manual,Bensin,117208.0,Putih,Yogyakarta,133500000
Mercedes-Benz,C-Class,2010,,,,,Yogyakarta,147400000
Suzuki,XL7,2013,Automatic,Bensin,122924.0,Hitam,Yogyakarta,62400000
Toyota,Innova,2010,Manual,Bensin,203496.0,Hitam,Medan,49800000
Honda,HR-V,2008,Automatic,Bensin,222134.0,Abu-abu,Yogyakarta,32800000
Honda,Brio,2014,Manual,Diesel,157328.0,Silver,Jakarta,37800000
Daihatsu,Xenia,2016,,,,,Surabaya,51700000
Toyota,Yaris,2015,Automatic,Bensin,155578.0,Abu-abu,Jakarta,68100000
Toyota,Calya,2023,Manual,Bensin,28653.0,Silver,Semarang,133600000
Honda,Mobilio,2021,Manual,Bensin,56567.0,Abu-abu,Bali,125200000
Toyota,Yaris,2015,Manual,Bensin,149393.0,Abu-abu,Semarang,56400000
Daihatsu,Ayla,2023,Manual,Bensin,19186.0,Silver,Semarang,105000000
Honda,BR-V,2022,Automatic,Bensin,29952.0,Abu-abu,Bandung,191400000
Daihatsu,Gran Max,2016,Manual,Bensin,128527.0,Merah,Medan,50100000
Toyota,Rush,2021,Manual,Bensin,20526.0,Abu-abu,Yogyakarta,152100000
Honda,BR-V,2010,Manual,Bensin,176922.0,Biru,Makassar,30900000
Honda,Jazz,2009,Manual,Bensin,188542.0,Biru,Bandung,28000000
Toyota,Fortuner,2021,Automatic,Diesel,64892.0,Hitam,Semarang,411000000
Suzuki,Baleno,2018,MT,Diesel,103283.0,Silver,Semarang,100300000
Honda,Brio,2020,Manual,Bensin,90905.0,Hitam,Semarang,80000000
Nissan,Livina,2014,Manual,Bensin,204639.0,Silver,Jakarta,51100000
Honda,HR-V,2018,Manual,Bensin,73074.0,Biru,Yogyakarta,151900000
Toyota,Calya,2022,Manual,Diesel,48409.0,Biru,Surabaya,122200000
Daihatsu,Terios,2013,Automatic,Bensin,112687.0,Silver,Makassar,51400000
Mitsubishi,Pajero Sport,2020,Automatic,Diesel,62577.0,Biru,Surabaya,373000000
Daihatsu,Xenia,2012,MT,Bensin,78111.0,Hitam,Bandung,41400000
Mitsubishi,Xpander,2021,Automatic,Bensin,61279.0,Silver,Bandung,178100000
Nissan,X-Trail,2020,Automatic,Diesel,34149.0,Silver,Yogyakarta,245700000
Suzuki,Carry,2015,Manual,Bensin,93809.0,Merah,Jakarta,50100000
Daihatsu,Terios,2022,,,,,Yogyakarta,174500000
Daihatsu,Ayla,2008,Manual,Bensin,197793.0,Merah,Surabaya,13500000
Toyota,Agya,2023,Manual,Bensin,12244.0,Hitam,Medan,122000000
Toyota,Avanza,2021,Manual,Bensin,34087.0,Abu-abu,Bali,125800000
Honda,CR-V,2008,Automatic,Bensin,293721.0,Abu-abu,Makassar,42600000
Nissan,Grand Livina,2022,Manual,Bensin,19189.0,Hitam,Medan,152600000
Daihatsu,Gran Max,2020,Manual,Bensin,11739.0,Abu-abu,Jakarta,87200000
Mitsubishi,Pajero Sport,2011,Automatic,Diesel,271861.0,Merah,Yogyakarta,80200000
Honda,Brio,2014,MT,Bensin,113722.0,Putih,Bali,39500000
Nissan,Grand Livina,2010,Manual,Bensin,217645.0,Silver,Bandung,21900000
Suzuki,Ertiga,2019,Manual,Bensin,75510.0,Abu-abu,Medan,94300000
Honda,HR-V,2018,Manual,Bensin,98559.0,Putih,Bali,147300000
Nissan,X-Trail,2009,Automatic,Bensin,202945.0,Hitam,Medan,48500000
Suzuki,XL7,2009,Automatic,Bensin,106663.0,Hitam,Medan,32000000
Honda,CR-V,2013,Automatic,Bensin,77407.0,Merah,Medan,94400000
Daihatsu,Sigra,2013,Manual,Diesel,224130.0,Silver,Semarang,23100000
Daihatsu,Terios,2022,MT,Bensin,46344.0,Abu-abu,Medan,161000000
Nissan,X-Trail,2010,Manual,Diesel,181818.0,Putih,Bandung,52800000
Daihatsu,Gran Max,2022,Matic,Bensin,,,Semarang,108400000
Toyota,Fortuner,2016,Manual,Bensin,125686.0,Biru,Makassar,169100000
BMW,Seri 3,2011,Automatic,Bensin,244191.0,Abu-abu,Makassar,124900000
Honda,BR-V,2022,Automatic,Bensin,21697.0,Merah,Semarang,201800000
Toyota,Fortuner,2012,Manual,Diesel,136481.0,Abu-abu,Jakarta,99700000
Daihatsu,Sigra,2017,Manual,Bensin,93134.0,Hitam,Semarang,49300000
Toyota,Fortuner,2023,Automatic,Diesel,20475.0,Merah,Surabaya,443000000
Toyota,Agya,2009,Manual,Bensin,263906.0,Silver,Makassar,15900000
Suzuki,Ignis,2011,Manual,Bensin,203235.0,Silver,Semarang,24200000
Daihatsu,Ayla,2022,Manual,Diesel,40738.0,Biru,Semarang,90600000
Mercedes-Benz,GLA,2015,Automatic,Bensin,77318.0,Biru,Medan,218100000
Daihatsu,Xenia,2017,Manual,Bensin,,,Bali,69300000
Toyota,Avanza,2023,Manual,Bensin,40137.0,Abu-abu,Semarang,170800000
Honda,CR-V,2020,Automatic,Bensin,29207.0,Silver,Surabaya,263100000
Daihatsu,Terios,2013,Automatic,Bensin,169243.0,Abu-abu,Medan,49000000
Honda,Brio,2017,Manual,Bensin,79137.0,Merah,Jakarta,54900000
Toyota,Innova,2009,Manual,Bensin,311874.0,Hitam,Surabaya,39200000
Honda,Jazz,2021,Manual,Diesel,20391.0,Silver,Yogyakarta,164100000
Toyota,Calya,2018,MT,Bensin,107995.0,Putih,Yogyakarta,63800000
Toyota,Agya,2016,MT,Bensin,141121.0,Hitam,Surabaya,42400000
Honda,CR-V,2023,Manual,Bensin,44974.0,Biru,Surabaya,378900000
Suzuki,Carry,2022,Manual,Diesel,47076.0,Putih,Makassar,102000000
Toyota,Yaris,2012,Manual,Bensin,100026.0,Hitam,Makassar,45300000
Toyota,Innova,2015,Automatic,Bensin,97555.0,Putih,Surabaya,118400000
Toyota,Yaris,2022,Manual,Bensin,28722.0,Hitam,Semarang,169400000
BMW,X5,2020,Automatic,Bensin,84066.0,Abu-abu,Semarang,756200000
Mercedes-Benz,E-Class,2010,Automatic,Bensin,238184.0,Abu-abu,Jakarta,159900000
Daihatsu,Terios,2011,Manual,Bensin,149852.0,Abu-abu,Jakarta,41100000
Toyota,Yaris,2008,Manual,Bensin,,,Bandung,20700000
BMW,X5,2017,Automatic,Bensin,93122.0,Silver,Medan,565300000
BMW,X5,2008,Manual,Bensin,188912.0,Putih,Surabaya,162700000
Toyota,Rush,2012,Automatic,Bensin,94397.0,Biru,Bali,41600000
Honda,CR-V,2013,Manual,Bensin,290965.0,Biru,Jakarta,78400000
Suzuki,XL7,2016,Manual,Bensin,171571.0,Biru,Yogyakarta,81800000
Toyota,Avanza,2011,Manual,Bensin,246569.0,Putih,Makassar,28300000
Honda,Mobilio,2015,Manual,Diesel,80079.0,Hitam,Bali,51700000
BMW,X5,2015,Automatic,Diesel,143355.0,Hitam,Semarang,466000000
Toyota,Yaris,2009,Manual,Bensin,203696.0,Putih,Makassar,26000000
Toyota,Avanza,2011,Manual,Bensin,182645.0,Biru,Surabaya,31300000
Toyota,Agya,2015,Automatic,Bensin,183464.0,Hitam,Surabaya,37000000
Mercedes-Benz,C-Class,2018,Automatic,Bensin,126963.0,Merah,Semarang,349100000
Toyota,Calya,2018,Manual,Bensin,126023.0,Putih,Yogyakarta,70100000
Toyota,Fortuner,2014,Automatic,Diesel,229236.0,Silver,Jakarta,121300000
Honda,Brio,2023,Manual,Bensin,26339.0,Merah,Surabaya,141700000
Nissan,X-Trail,2008,Manual,Bensin,49650.0,,Yogyakarta,48100000
Daihatsu,Terios,2013,Manual,Bensin,76416.0,Silver,Surabaya,52200000
Suzuki,Ertiga,2019,Manual,Bensin,63356.0,Abu-abu,Bandung,95200000
Honda,CR-V,2009,Automatic,Bensin,263585.0,Abu-abu,Semarang,49200000
Suzuki,Carry,2016,Manual,Bensin,107820.0,Merah,Semarang,47100000
Mercedes-Benz,GLA,2014,Automatic,Bensin,112798.0,Merah,Bandung,198800000
Daihatsu,Ayla,2014,MT,Bensin,121442.0,Biru,Jakarta,27800000
Honda,CR-V,2016,Automatic,Bensin,169720.0,Merah,Bandung,142800000
Suzuki,Carry,2011,MT,Bensin,224381.0,Hitam,Bandung,19800000
Honda,Brio,2010,Manual,Bensin,242584.0,Hitam,Bandung,19200000
Suzuki,Ignis,2018,Manual,Bensin,97118.0,Silver,Bali,76100000
Daihatsu,Sigra,2018,Manual,Bensin,91881.0,Merah,Medan,54200000
Honda,Brio,2019,Manual,Bensin,89266.0,Putih,Makassar,79100000
Toyota,Innova,2020,Manual,Bensin,39536.0,Putih,Yogyakarta,195100000
Honda,CR-V,2022,Automatic,Bensin,12802.0,Hitam,Semarang,352800000
Daihatsu,Gran Max,2010,Manual,Bensin,213851.0,Merah,Medan,19100000
Toyota,Fortuner,2021,Manual,Diesel,33475.0,Hitam,Jakarta,303600000
Suzuki,Ignis,2012,Automatic,Bensin,189212.0,Putih,Makassar,33700000
Toyota,Yaris,2015,Manual,Bensin,163994.0,Abu-abu,Makassar,59400000
Honda,HR-V,2008,Manual,Bensin,305554.0,Biru,Semarang,26500000
Daihatsu,Xenia,2009,Manual,Bensin,210700.0,Abu-abu,Yogyakarta,23500000
Mercedes-Benz,C-Class,2008,Automatic,Bensin,135547.0,Hitam,Medan,108000000
Suzuki,Carry,2021,Manual,,,,Yogyakarta,93900000
Toyota,Agya,2010,Manual,Bensin,169172.0,Putih,Medan,21600000
Daihatsu,Ayla,2014,Manual,Bensin,194090.0,Merah,Jakarta,27600000
Toyota,Avanza,2014,Automatic,Bensin,159148.0,Merah,Semarang,53400000
Honda,BR-V,2023,Manual,Bensin,29082.0,Abu-abu,Surabaya,192300000
Toyota,Yaris,2018,Automatic,Bensin,118366.0,Putih,Jakarta,100800000
Honda,Jazz,2014,Manual,Bensin,177347.0,Merah,Yogyakarta,52900000
Mercedes-Benz,C-Class,2014,Automatic,Bensin,174820.0,Putih,Semarang,202200000
Toyota,Avanza,2023,Manual,Bensin,44830.0,,Medan,180600000
Toyota,Agya,2008,Manual,Bensin,335307.0,Silver,Surabaya,12700000
Honda,City,2008,Manual,Bensin,192528.0,Putih,Bandung,32400000
Suzuki,XL7,2021,Automatic,Bensin,55274.0,Merah,Medan,166600000
Honda,HR-V,2013,Manual,Bensin,168332.0,Hitam,Jakarta,66800000
Mitsubishi,Pajero Sport,2022,MT,Bensin,21440.0,Abu-abu,Makassar,453600000
Daihatsu,Terios,2016,Automatic,Bensin,85565.0,Hitam,Makassar,68700000
Honda,City,2017,Manual,Bensin,100277.0,Hitam,Makassar,104500000
Nissan,X-Trail,2020,Manual,Bensin,95892.0,Abu-abu,Surabaya,251900000
Honda,Brio,2013,Manual,Bensin,190780.0,Biru,Yogyakarta,28000000
Honda,Jazz,2020,Manual,Bensin,102001.0,Merah,Semarang,133800000
Nissan,Grand Livina,2009,Automatic,Bensin,122088.0,Biru,Yogyakarta,24400000
Nissan,Grand Livina,2018,Manual,Bensin,64642.0,Silver,Yogyakarta,80900000
Suzuki,Ignis,2018,Automatic,Diesel,170006.0,Biru,Makassar,64600000
Nissan,Grand Livina,2009,Manual,Bensin,162185.0,Abu-abu,Yogyakarta,19400000
Daihatsu,Terios,2010,Manual,Bensin,240407.0,Hitam,Semarang,28300000
Suzuki,Ertiga,2008,Manual,Bensin,308826.0,Merah,Makassar,18900000
Daihatsu,Sigra,2011,Automatic,Bensin,116418.0,Biru,Jakarta,27600000
Toyota,Agya,2017,Manual,Bensin,43212.0,Abu-abu,Bali,51900000
Honda,HR-V,2023,Manual,Bensin,28039.0,Biru,Bali,255200000
Daihatsu,Xenia,2023,Automatic,Bensin,35429.0,Abu-abu,Jakarta,168900000
Suzuki,XL7,2019,Manual,Bensin,95289.0,Hitam,Medan,126800000
Honda,Jazz,2020,MT,Bensin,57227.0,Biru,Makassar,142300000
Daihatsu,Gran Max,2011,Automatic,Bensin,129227.0,Merah,Bandung,25900000
Toyota,Avanza,2020,Manual,Bensin,31597.0,Putih,Semarang,118200000
Toyota,Yaris,2014,Manual,Bensin,155891.0,Biru,Surabaya,54200000
Toyota,Rush,2016,Matic,Diesel,106695.0,Merah,Bandung,77100000
Suzuki,Baleno,2014,Manual,Bensin,151715.0,,Yogyakarta,42500000
Mercedes-Benz,E-Class,2021,Automatic,Bensin,42823.0,Abu-abu,Yogyakarta,933500000
Daihatsu,Sigra,2017,Manual,Bensin,88043.0,Abu-abu,Jakarta,50900000
Mitsubishi,Xpander,2010,Automatic,Bensin,142145.0,Hitam,Makassar,37500000
Toyota,Fortuner,2014,Matic,Bensin,96031.0,Abu-abu,Makassar,131000000
Toyota,Avanza,2014,Automatic,Bensin,127839.0,Biru,Bali,47700000
Daihatsu,Xenia,2011,Automatic,Bensin,189223.0,Silver,Makassar,28500000
Suzuki,Carry,2022,Matic,Bensin,34649.0,Hitam,Makassar,116400000
Nissan,X-Trail,2012,Automatic,Diesel,216124.0,Abu-abu,Bali,73600000
Nissan,Grand Livina,2013,Automatic,Bensin,121210.0,Merah,Makassar,46000000
Mitsubishi,Pajero Sport,2022,Automatic,Bensin,34849.0,Merah,Semarang,396700000
Mercedes-Benz,C-Class,2010,Automatic,Bensin,107884.0,Hitam,Semarang,129900000
Mitsubishi,Triton,2012,Manual,Diesel,130363.0,Putih,Medan,69600000
Mercedes-Benz,C-Class,2013,Automatic,Bensin,221036.0,Silver,Jakarta,145900000
Suzuki,Ertiga,2023,Manual,Bensin,26236.0,Abu-abu,Surabaya,183800000
Honda,HR-V,2011,Automatic,Bensin,327584.0,Silver,Bandung,45300000
Mitsubishi,Triton,2016,Manual,Bensin,144568.0,Biru,Makassar,118500000
Daihatsu,Terios,2015,Manual,Bensin,71335.0,Biru,Yogyakarta,62000000
BMW,X5,2022,Automatic,Bensin,57431.0,Silver,Makassar,1060700000
Mitsubishi,Triton,2008,Manual,Diesel,219288.0,Silver,Medan,41100000
Toyota,Innova,2016,Manual,Bensin,98760.0,Hitam,Yogyakarta,117200000
Suzuki,Carry,2015,Manual,Diesel,65172.0,Biru,Yogyakarta,43600000
Honda,Mobilio,2012,Manual,Bensin,236993.0,Abu-abu,Jakarta,35000000
Nissan,Grand Livina,2014,Automatic,Bensin,145940.0,Putih,Yogyakarta,45800000
Daihatsu,Terios,2009,Manual,Bensin,267709.0,Putih,Medan,26200000
Honda,CR-V,2015,Automatic,Bensin,128639.0,Putih,Surabaya,143700000
Suzuki,Ignis,2023,Manual,Bensin,49654.0,Abu-abu,Makassar,128300000
Mitsubishi,Pajero Sport,2014,Automatic,Diesel,159003.0,Abu-abu,Yogyakarta,141900000
Toyota,Agya,2012,Manual,Bensin,200740.0,Hitam,Makassar,24600000
Toyota,Rush,2008,Matic,Bensin,149869.0,Abu-abu,Medan,29100000
Honda,Mobilio,2013,MT,Bensin,204073.0,Biru,Bali,41800000
Toyota,Yaris,2008,Automatic,Bensin,293468.0,Silver,Makassar,25000000
Honda,CR-V,2010,Automatic,Bensin,237794.0,Biru,Bali,66400000
BMW,Seri 5,2009,Automatic,Bensin,158947.0,Putih,Bandung,139100000
Daihatsu,Terios,2010,Automatic,Bensin,161642.0,Silver,Medan,34100000
Toyota,Fortuner,2015,Automatic,Bensin,148164.0,Biru,Yogyakarta,138000000
Suzuki,XL7,2023,,,,,Bandung,244100000
Toyota,Agya,2008,Manual,Bensin,297199.0,Merah,Medan,13600000
Mitsubishi,Pajero Sport,2018,Automatic,,,,Medan,306600000
Toyota,Innova,2017,MT,Bensin,159974.0,Putih,Yogyakarta,116400000
Toyota,Agya,2008,Automatic,Diesel,250653.0,Silver,Jakarta,17000000
Toyota,Rush,2014,Automatic,Bensin,102387.0,Merah,Yogyakarta,62300000
Suzuki,Ignis,2014,,,,,Medan,37000000
Honda,Jazz,2019,Manual,Bensin,44386.0,Merah,Makassar,116500000
Mitsubishi,Triton,2022,Automatic,Bensin,52344.0,Hitam,Jakarta,301800000
Honda,Mobilio,2021,Manual,Bensin,36271.0,Biru,Yogyakarta,152900000
Suzuki,Carry,2018,MT,Bensin,79392.0,Merah,Medan,58800000
Daihatsu,Xenia,2010,MT,Bensin,159159.0,Abu-abu,Semarang,24600000
Nissan,X-Trail,2023,Automatic,Bensin,42188.0,Abu-abu,Surabaya,381900000
Toyota,Yaris,2023,Manual,Bensin,37586.0,Abu-abu,Bandung,177000000
Toyota,Avanza,2014,Manual,Bensin,143398.0,Putih,Yogyakarta,52900000
Toyota,Yaris,2018,,,,,Makassar,91900000
Nissan,X-Trail,2017,Manual,,,,Bali,143000000
Mitsubishi,Xpander,2013,Manual,Bensin,135451.0,Biru,Surabaya,51300000
Toyota,Avanza,2014,MT,Bensin,184613.0,Putih,Makassar,48600000
Honda,Jazz,2017,Automatic,Bensin,116284.0,Silver,Semarang,93100000
Toyota,Fortuner,2014,Automatic,Diesel,285889.0,Abu-abu,Surabaya,102100000
Honda,City,2015,Manual,Bensin,150539.0,Silver,Makassar,74700000
Toyota,Yaris,2013,Manual,Bensin,261151.0,Merah,Yogyakarta,39100000
Toyota,Agya,2014,Manual,Bensin,173051.0,Biru,Semarang,27400000
Honda,HR-V,2015,Manual,Bensin,85079.0,Biru,Semarang,84300000
Honda,BR-V,2014,Automatic,Bensin,260783.0,Abu-abu,Surabaya,52700000
Honda,CR-V,2008,Automatic,Bensin,183264.0,Biru,Bandung,49000000
Mitsubishi,Xpander,2014,Manual,Bensin,173662.0,Putih,Makassar,52700000
Nissan,Grand Livina,2015,Automatic,Bensin,105674.0,Silver,Makassar,51100000
Nissan,Livina,2017,Manual,Bensin,199281.0,Putih,Yogyakarta,67500000
Daihatsu,Terios,2015,Manual,Diesel,147810.0,Hitam,Medan,76300000
Honda,City,2008,Manual,Bensin,206586.0,Putih,Semarang,35400000
Daihatsu,Xenia,2023,Automatic,Diesel,39960.0,Silver,Makassar,156900000
Daihatsu,Xenia,2016,Automatic,Diesel,128084.0,Silver,Yogyakarta,60400000
Toyota,Yaris,2013,Manual,Bensin,117202.0,Abu-abu,Bandung,56700000
Suzuki,XL7,2008,Manual,Bensin,277713.0,Merah,Makassar,23200000
Mitsubishi,Xpander,2011,Automatic,Bensin,247878.0,Hitam,Yogyakarta,36400000
Toyota,Yaris,2012,Manual,Bensin,203266.0,Abu-abu,Bali,40500000
Toyota,Rush,2021,Automatic,Bensin,48702.0,Merah,Medan,156300000
Toyota,Agya,2012,Manual,Diesel,212961.0,Merah,Surabaya,28200000
Suzuki,Ignis,2017,Automatic,Bensin,145310.0,Biru,Yogyakarta,50900000
Mitsubishi,Xpander,2008,Automatic,Bensin,391716.0,Putih,Medan,18700000
Toyota,Avanza,2023,Manual,Bensin,39496.0,Silver,Medan,157500000
Honda,HR-V,2020,Automatic,Bensin,100155.0,Hitam,Makassar,186200000
Toyota,Fortuner,2016,Manual,Diesel,131763.0,Biru,Semarang,164600000
Daihatsu,Sigra,2013,Automatic,Diesel,151809.0,Merah,Jakarta,36600000
Honda,Mobilio,2012,Automatic,Bensin,159192.0,Hitam,Surabaya,40400000
Honda,Mobilio,2010,Manual,Bensin,223114.0,Biru,Makassar,26000000
Mercedes-Benz,E-Class,2012,Automatic,Bensin,288674.0,Abu-abu,Surabaya,224500000
Toyota,Fortuner,2018,Automatic,Diesel,147380.0,Merah,Medan,210700000
Mitsubishi,Triton,2009,MT,Diesel,292121.0,Silver,Bali,41200000
Suzuki,Ertiga,2008,Manual,Bensin,173492.0,Putih,Bali,23300000
Toyota,Rush,2023,Manual,Bensin,37297.0,Merah,Semarang,204700000
BMW,Seri 5,2023,Automatic,Bensin,34194.0,Abu-abu,Medan,941500000
Suzuki,Ignis,2013,Manual,Bensin,207882.0,Hitam,Semarang,33200000
Suzuki,XL7,2010,,,,,Medan,34700000
Suzuki,Ertiga,2011,MT,,,,Surabaya,26900000
Mitsubishi,Triton,2015,Automatic,Diesel,149987.0,Silver,Makassar,107000000
Honda,City,2020,Manual,Bensin,70583.0,Hitam,Jakarta,160800000
BMW,Seri 3,2022,Manual,Bensin,49976.0,Hitam,Medan,575300000
Mercedes-Benz,GLA,2020,Automatic,Bensin,60911.0,Hitam,Yogyakarta,465900000
Mercedes-Benz,GLA,2014,Automatic,Bensin,172136.0,Silver,Bandung,197600000
Honda,Jazz,2019,Manual,Bensin,114816.0,Silver,Bali,106200000
Daihatsu,Sigra,2023,Manual,Bensin,28053.0,Abu-abu,Makassar,127800000
Toyota,Innova,2022,Automatic,Bensin,34540.0,Silver,Yogyakarta,306700000
Mitsubishi,Xpander,2023,Manual,Bensin,37887.0,Abu-abu,Makassar,217000000
Daihatsu,Xenia,2017,Manual,Bensin,152558.0,Abu-abu,Makassar,66700000
Toyota,Rush,2010,Manual,Bensin,174383.0,Silver,Surabaya,33700000
Mercedes-Benz,E-Class,2010,Automatic,Bensin,199895.0,Merah,Makassar,173800000
Toyota,Yaris,2015,Automatic,Bensin,190267.0,Merah,Yogyakarta,62800000
Toyota,Agya,2011,,,,,Semarang,23700000
Toyota,Rush,2021,Automatic,Bensin,69363.0,Merah,Semarang,148200000
Suzuki,Ignis,2023,Manual,Bensin,26766.0,Abu-abu,Bali,137500000
Toyota,Innova,2014,Automatic,Bensin,148073.0,Abu-abu,Surabaya,91300000
Suzuki,Baleno,2021,Matic,Bensin,46618.0,Merah,Bandung,182500000
Suzuki,XL7,2021,Automatic,Bensin,24572.0,Merah,Bali,185500000
Mercedes-Benz,C-Class,2010,Automatic,Bensin,287763.0,Hitam,Bali,104800000
Honda,Jazz,2016,Automatic,Bensin,93979.0,Biru,Medan,81000000
Toyota,Innova,2012,Matic,Bensin,122028.0,Putih,Jakarta,72700000
Toyota,Rush,2020,Manual,Diesel,51248.0,Putih,Bali,157800000
Nissan,Livina,2009,Manual,Bensin,238928.0,Biru,Makassar,23500000
Honda,HR-V,2011,Manual,Bensin,117217.0,Abu-abu,Medan,58500000
Honda,Mobilio,2020,Manual,Bensin,61055.0,Merah,Medan,114600000
Honda,HR-V,2021,Automatic,Bensin,26468.0,Putih,Yogyakarta,221900000
Toyota,Yaris,2010,Automatic,Bensin,172483.0,Hitam,Bali,35200000
Suzuki,Ignis,2016,Manual,Bensin,102335.0,Merah,Jakarta,55600000
Honda,BR-V,2011,Manual,Bensin,209435.0,Putih,Bandung,32800000
Toyota,Fortuner,2023,Automatic,Diesel,32908.0,Silver,Bandung,479400000
Toyota,Agya,2021,Manual,Bensin,41736.0,Merah,Bali,104300000
Mercedes-Benz,E-Class,2009,Manual,Bensin,272120.0,Merah,Semarang,132000000
Suzuki,Baleno,2018,Manual,Bensin,97758.0,,Jakarta,97600000
Mercedes-Benz,E-Class,2015,Automatic,Bensin,169717.0,Silver,Medan,367000000
Honda,BR-V,2017,Manual,Bensin,104756.0,Merah,Jakarta,96100000
Toyota,Innova,2013,Automatic,Bensin,138789.0,Merah,Jakarta,86000000
Daihatsu,Xenia,2022,Automatic,Diesel,20286.0,Hitam,Bandung,153100000
Toyota,Agya,2021,Manual,Bensin,74015.0,Silver,Semarang,87800000
Honda,Mobilio,2016,Manual,Bensin,131434.0,Biru,Medan,60000000
Daihatsu,Ayla,2018,Automatic,Bensin,62179.0,Putih,Bandung,53400000
Toyota,Avanza,2009,Manual,Bensin,250509.0,Biru,Makassar,21700000
BMW,X5,2019,Automatic,Bensin,95080.0,Abu-abu,Semarang,733800000
BMW,Seri 3,2017,Automatic,Diesel,99030.0,Merah,Bali,330700000
Honda,City,2019,Matic,Bensin,98524.0,Biru,Medan,136000000
Toyota,Agya,2020,Manual,Bensin,9026.0,Hitam,Makassar,85200000
Toyota,Innova,2010,Automatic,Diesel,161585.0,Silver,Yogyakarta,50300000
BMW,Seri 5,2022,Automatic,Bensin,16666.0,Merah,Yogyakarta,843500000
Suzuki,Ignis,2016,Manual,Bensin,72165.0,,Yogyakarta,49700000
Toyota,Fortuner,2020,Automatic,Bensin,46334.0,Silver,Bandung,318000000
Honda,BR-V,2014,Manual,Bensin,72282.0,Hitam,Medan,66100000
Suzuki,Ertiga,2008,Manual,Bensin,334162.0,Putih,Yogyakarta,17900000
Suzuki,Ertiga,2021,Manual,Bensin,69113.0,Abu-abu,Semarang,128500000
Toyota,Agya,2023,Automatic,Bensin,39135.0,Abu-abu,Medan,121400000
Toyota,Agya,2018,Manual,Bensin,53567.0,Putih,Semarang,69700000
Daihatsu,Sigra,2015,Automatic,Bensin,121838.0,Silver,Yogyakarta,45000000
Toyota,Innova,2008,Manual,Bensin,323912.0,Hitam,Makassar,29300000
Nissan,Livina,2017,Manual,Bensin,127158.0,Hitam,Bali,61000000
Toyota,Agya,2012,Automatic,Bensin,257172.0,Biru,Yogyakarta,22500000
Toyota,Avanza,2011,Manual,Diesel,161990.0,Biru,Makassar,36600000
Mitsubishi,Pajero Sport,2022,Automatic,Diesel,64755.0,Merah,Jakarta,418700000
Toyota,Yaris,2020,Manual,Bensin,44106.0,Putih,Semarang,134000000
Suzuki,XL7,2012,Manual,Bensin,276976.0,Silver,Yogyakarta,43300000
Daihatsu,Sigra,2013,Manual,Bensin,202130.0,Abu-abu,Bali,27300000
Toyota,Yaris,2021,Automatic,Bensin,64395.0,Biru,Bali,147000000
Toyota,Innova,2023,Automatic,Diesel,29352.0,Silver,Jakarta,386400000
Suzuki,XL7,2014,Automatic,Bensin,246116.0,Biru,Bali,59800000
Toyota,Rush,2015,Manual,Bensin,140295.0,Merah,Jakarta,54700000
Mercedes-Benz,E-Class,2020,Automatic,Bensin,,,Jakarta,837700000
Honda,Brio,2012,Manual,Bensin,216333.0,Merah,Medan,27300000
Toyota,Rush,2017,Manual,Bensin,94805.0,Hitam,Yogyakarta,91100000
Honda,Mobilio,2010,Automatic,Bensin,206225.0,Abu-abu,Bali,30100000
Toyota,Yaris,2015,Manual,Bensin,188046.0,Biru,Jakarta,64400000
Honda,BR-V,2019,Manual,Bensin,46728.0,Hitam,Medan,131300000
Daihatsu,Gran Max,2021,Manual,Diesel,55239.0,Hitam,Surabaya,94100000
Mitsubishi,Triton,2018,,,,,Bandung,153000000
Suzuki,Ignis,2009,Manual,Bensin,265121.0,Abu-abu,Jakarta,18600000
Honda,City,2023,Automatic,Bensin,29693.0,Abu-abu,Surabaya,289700000
Honda,BR-V,2023,Manual,Bensin,41286.0,Merah,Bandung,230300000
Honda,Mobilio,2012,Manual,Bensin,92710.0,Biru,Bandung,37400000
Toyota,Fortuner,2013,Automatic,Diesel,157325.0,Abu-abu,Surabaya,120700000
Honda,CR-V,2022,Automatic,Bensin,42573.0,Putih,Semarang,370400000
Daihatsu,Ayla,2010,Automatic,Bensin,174236.0,Merah,Bali,17400000
Toyota,Calya,2023,Manual,Bensin,22300.0,Biru,Semarang,129600000
Mitsubishi,Pajero Sport,2017,Manual,Diesel,94112.0,,Jakarta,217500000
Suzuki,Ertiga,2012,Manual,Bensin,225347.0,Silver,Semarang,34400000
Mitsubishi,Xpander,2016,Manual,Bensin,129120.0,Merah,Medan,77100000
Daihatsu,Ayla,2019,Automatic,Bensin,123056.0,Silver,Medan,63000000
Honda,Brio,2012,Manual,Diesel,222276.0,Abu-abu,Yogyakarta,26700000
Suzuki,Baleno,2015,Manual,Diesel,84935.0,Silver,Bandung,53300000
Suzuki,Baleno,2021,Manual,Bensin,47455.0,Hitam,Makassar,150800000
Toyota,Agya,2015,Manual,Bensin,199272.0,Putih,Surabaya,36000000
Mercedes-Benz,E-Class,2019,Manual,Diesel,59262.0,Biru,Makassar,606800000
Toyota,Agya,2017,,,,,Bali,47300000
Toyota,Avanza,2023,MT,Bensin,30939.0,Silver,Surabaya,207200000
Mitsubishi,Xpander,2008,Manual,Bensin,363768.0,Merah,Bali,21000000
Honda,Brio,2021,Manual,Bensin,54946.0,Silver,Bali,98800000
Suzuki,Ignis,2018,Manual,Bensin,21474.0,Silver,Surabaya,77400000
Toyota,Calya,2014,Manual,Bensin,200013.0,Silver,Makassar,30300000
Toyota,Calya,2010,Automatic,Bensin,189830.0,Putih,Surabaya,21100000
Honda,Mobilio,2020,Automatic,Bensin,65347.0,Merah,Yogyakarta,134100000
Honda,City,2014,Manual,Bensin,221573.0,Abu-abu,Medan,66500000
Toyota,Calya,2018,Automatic,Diesel,116174.0,Abu-abu,Medan,79500000
Honda,Mobilio,2018,Manual,Bensin,70121.0,Silver,Yogyakarta,86800000
BMW,Seri 3,2019,Automatic,Bensin,51698.0,Abu-abu,Bandung,446700000
Toyota,Innova,2020,Automatic,Bensin,85689.0,Putih,Bali,201700000
Daihatsu,Ayla,2014,Manual,Bensin,90402.0,Biru,Yogyakarta,31200000
Toyota,Avanza,2016,Manual,Bensin,143559.0,Hitam,Makassar,60100000
Toyota,Yaris,2008,Manual,Bensin,320400.0,Hitam,Makassar,21200000
Suzuki,Ignis,2017,Manual,Bensin,157144.0,Hitam,Yogyakarta,57600000
Toyota,Avanza,2017,MT,Bensin,144696.0,Abu-abu,Makassar,61600000
Daihatsu,Terios,2019,Manual,Bensin,123427.0,Putih,Yogyakarta,85400000
Honda,BR-V,2013,Manual,Bensin,115928.0,Hitam,Surabaya,53800000
Toyota,Calya,2015,Manual,Bensin,238004.0,Putih,Bandung,34300000
Toyota,Innova,2020,Automatic,Bensin,67765.0,Putih,Surabaya,217800000
Mitsubishi,Pajero Sport,2012,Automatic,Diesel,164981.0,Biru,Jakarta,119000000
Toyota,Avanza,2008,Manual,Bensin,234708.0,Silver,Semarang,23100000
Toyota,Yaris,2020,Manual,Bensin,95625.0,Silver,Bali,120400000
Honda,City,2008,Manual,Bensin,175299.0,Silver,Medan,34900000
Toyota,Rush,2013,Manual,Diesel,132238.0,Abu-abu,Jakarta,49200000
Honda,CR-V,2021,Automatic,Bensin,32591.0,Abu-abu,Jakarta,299800000
Suzuki,Carry,2021,Automatic,Bensin,48709.0,Hitam,Semarang,84100000
Honda,Mobilio,2018,Automatic,Bensin,110241.0,Abu-abu,Semarang,95100000
Honda,CR-V,2017,Automatic,Bensin,55064.0,Hitam,Yogyakarta,173600000
BMW,Seri 3,2016,Automatic,Diesel,64792.0,Silver,Makassar,326200000
Honda,CR-V,2019,Manual,Bensin,81168.0,Biru,Medan,247900000
Toyota,Calya,2016,Automatic,Bensin,130261.0,Hitam,Bali,45800000
Honda,Jazz,2011,Manual,Bensin,106052.0,Putih,Medan,39900000
Mitsubishi,Xpander,2023,Automatic,Bensin,8450.0,Hitam,Jakarta,226700000
Toyota,Agya,2016,Manual,Bensin,31705.0,Abu-abu,Makassar,50000000
Suzuki,Baleno,2016,Manual,Bensin,32184.0,Merah,Semarang,79100000
Honda,CR-V,2010,Automatic,Bensin,195742.0,Abu-abu,Semarang,68000000
Toyota,Fortuner,2009,Automatic,Diesel,190903.0,Abu-abu,Yogyakarta,61100000
BMW,Seri 3,2010,Automatic,Diesel,233984.0,Merah,Surabaya,113800000
Honda,CR-V,2013,Matic,Bensin,174414.0,Putih,Medan,99400000
Mitsubishi,Xpander,2010,Matic,Bensin,215961.0,Biru,Surabaya,37200000
Honda,HR-V,2018,Manual,Bensin,108131.0,Silver,Medan,135100000
Honda,HR-V,2012,Manual,Bensin,197178.0,Abu-abu,Bandung,65900000
Nissan,Grand Livina,2023,Manual,Bensin,20409.0,Abu-abu,Semarang,161400000
Suzuki,Carry,2009,Automatic,Bensin,244408.0,Merah,Yogyakarta,15600000
Suzuki,Ignis,2011,Automatic,Bensin,175043.0,Silver,Jakarta,28400000
Suzuki,Carry,2013,Manual,Bensin,166679.0,Putih,Semarang,28500000
Toyota,Agya,2008,Automatic,Bensin,303814.0,Abu-abu,Bandung,11800000
Mitsubishi,Triton,2021,Automatic,Diesel,76004.0,Putih,Yogyakarta,259400000
Honda,Brio,2020,Manual,Bensin,60705.0,Hitam,Medan,75700000
Honda,Brio,2010,Manual,Bensin,206599.0,Putih,Makassar,17600000
Toyota,Innova,2014,Manual,Bensin,150017.0,Abu-abu,Surabaya,85700000
Daihatsu,Xenia,2011,Automatic,Bensin,189223.0,Silver,Makassar,28500000
Honda,City,2016,Automatic,Bensin,183304.0,Putih,Jakarta,109500000
Mercedes-Benz,GLA,2010,Automatic,Bensin,231039.0,Merah,Makassar,94800000
Toyota,Fortuner,2008,Automatic,Bensin,162368.0,Biru,Medan,61600000
Daihatsu,Sigra,2017,Manual,Bensin,106254.0,Merah,Jakarta,52500000
Toyota,Fortuner,2021,Automatic,Bensin,59878.0,Abu-abu,Yogyakarta,329300000
Daihatsu,Gran Max,2016,Automatic,Bensin,190147.0,Biru,Semarang,48800000
Honda,Brio,2009,Manual,Bensin,195466.0,Silver,Makassar,16500000
Toyota,Rush,2017,Manual,Bensin,86137.0,Silver,Bandung,86100000
BMW,Seri 5,2014,Manual,Bensin,248723.0,Merah,Makassar,226000000
Mercedes-Benz,C-Class,2016,Automatic,Bensin,124156.0,Biru,Makassar,254300000
Toyota,Yaris,2014,Automatic,Diesel,157599.0,Hitam,Surabaya,68700000
Honda,BR-V,2020,,,,,Yogyakarta,154700000
Honda,City,2017,MT,Diesel,108742.0,Silver,Makassar,107000000
Honda,Mobilio,2018,Automatic,Bensin,97123.0,Abu-abu,Bali,94500000
Suzuki,Carry,2013,Manual,Bensin,154695.0,Merah,Bandung,30000000
Suzuki,Carry,2019,Manual,Bensin,90551.0,Putih,Jakarta,64700000
Toyota,Fortuner,2008,Automatic,,,,Bandung,46900000
Honda,Mobilio,2014,Automatic,Bensin,154995.0,Silver,Bandung,4900000000
Honda,CR-V,2013,Manual,Bensin,161598.0,Silver,Bali,89700000
Suzuki,XL7,2021,Automatic,Bensin,68684.0,Abu-abu,Bandung,177300000
Toyota,Yaris,2009,Manual,Bensin,215774.0,Merah,Surabaya,30300000
Honda,Jazz,2008,Manual,Bensin,295838.0,Merah,Semarang,21200000
Suzuki,Baleno,2011,MT,Bensin,202802.0,Biru,Surabaya,33700000
BMW,X5,2022,Automatic,Bensin,25536.0,Hitam,Bali,1126500000
Toyota,Rush,2012,Manual,Bensin,175801.0,Biru,Bandung,44500000
Toyota,Fortuner,2013,MT,Diesel,179686.0,Abu-abu,Bali,102000000
Mitsubishi,Triton,2019,Manual,Diesel,70419.0,Merah,Surabaya,217900000
Toyota,Fortuner,2010,Automatic,Diesel,204706.0,Silver,Makassar,71300000
BMW,Seri 3,2023,Automatic,Bensin,27476.0,Biru,Bali,798900000
Mitsubishi,Xpander,2013,Manual,Bensin,221583.0,Biru,Surabaya,49000000
BMW,Seri 5,2009,Manual,Bensin,180198.0,Silver,Makassar,132000000
Toyota,Calya,2023,Manual,Bensin,29027.0,Merah,Medan,123900000
Honda,Mobilio,2020,Matic,Bensin,67564.0,Putih,Bali,123300000
Honda,CR-V,2018,Automatic,Diesel,104688.0,Putih,Medan,190700000
Honda,City,2014,Manual,Bensin,197536.0,Putih,Makassar,61100000
Toyota,Avanza,2014,,,,,Medan,44600000
Daihatsu,Xenia,2016,Manual,Diesel,150416.0,Biru,Medan,57800000
Nissan,Livina,2008,Manual,Bensin,320202.0,Putih,Yogyakarta,17700000
Daihatsu,Ayla,2014,Manual,Diesel,115459.0,Abu-abu,Medan,29500000
Mitsubishi,Xpander,2020,Automatic,Bensin,47916.0,Biru,Yogyakarta,146300000
Toyota,Agya,2008,Manual,Bensin,76587.0,Merah,Bali,15900000
Honda,HR-V,2017,Manual,Bensin,163503.0,,Makassar,109600000
Mitsubishi,Xpander,2017,Manual,Bensin,149052.0,Hitam,Semarang,100100000
Toyota,Fortuner,2022,Automatic,Diesel,46248.0,Silver,Jakarta,420600000
Toyota,Calya,2008,Automatic,Bensin,276660.0,Biru,Medan,14000000
Mitsubishi,Xpander,2023,Automatic,Bensin,16087.0,Abu-abu,Surabaya,217700000
Honda,CR-V,2010,Automatic,Bensin,227220.0,Biru,Semarang,64100000
Nissan,Grand Livina,2013,Manual,Diesel,198571.0,Merah,Semarang,37000000
Toyota,Innova,2020,Manual,Diesel,83680.0,Hitam,Surabaya,212300000
Toyota,Agya,2017,Manual,Bensin,31898.0,Merah,Makassar,54600000
Toyota,Agya,2015,Automatic,Bensin,106436.0,Silver,Makassar,46100000
Nissan,Grand Livina,2022,Manual,Bensin,37865.0,Biru,Bali,124900000
Suzuki,Carry,2015,Manual,Bensin,137492.0,Biru,Jakarta,42000000
Daihatsu,Sigra,2009,Automatic,Bensin,273259.0,Biru,Surabaya,15700000
Mercedes-Benz,E-Class,2020,Automatic,Bensin,107601.0,Abu-abu,Jakarta,706400000
Honda,Brio,2020,,,,,Yogyakarta,88600000
Suzuki,Ertiga,2022,Manual,Bensin,25362.0,Silver,Semarang,159800000
Honda,Mobilio,2020,Automatic,Bensin,29953.0,Silver,Medan,115400000
Toyota,Avanza,2009,Manual,Bensin,275592.0,Silver,Semarang,20800000
BMW,Seri 3,2021,Manual,,,,Jakarta,0
Honda,Jazz,2013,Manual,Bensin,122078.0,Biru,Medan,50200000
Mitsubishi,Triton,2017,Automatic,Diesel,141746.0,Biru,Surabaya,147800000
Honda,Brio,2012,Manual,Bensin,203419.0,Abu-abu,Surabaya,27900000
Toyota,Avanza,2009,Automatic,Bensin,271119.0,Biru,Bali,24500000
Toyota,Fortuner,2023,Manual,Diesel,5861.0,Abu-abu,Makassar,444500000
Toyota,Agya,2015,Manual,Bensin,86402.0,Biru,Bali,47600000
Suzuki,XL7,2010,Manual,Bensin,321973.0,Biru,Surabaya,30500000
Honda,Jazz,2010,Manual,Bensin,210060.0,Silver,Bandung,31300000
Honda,CR-V,2018,Manual,Bensin,110282.0,Hitam,Yogyakarta,178600000
BMW,Seri 3,2017,Manual,Bensin,97847.0,Merah,Semarang,249700000
Honda,BR-V,2018,Automatic,Bensin,115640.0,Biru,Bandung,109000000
Daihatsu,Gran Max,2009,Manual,Bensin,162377.0,Putih,Bandung,19200000
Nissan,Grand Livina,2010,MT,Bensin,243727.0,Hitam,Yogyakarta,24200000
Toyota,Yaris,2016,Manual,Bensin,84849.0,Putih,Semarang,68800000
Honda,Mobilio,2010,Manual,Diesel,275871.0,Merah,Semarang,25500000
Daihatsu,Terios,2017,Manual,Bensin,162931.0,Hitam,Surabaya,73400000
Honda,Jazz,2020,Manual,Bensin,79582.0,Biru,Bali,114600000
Suzuki,XL7,2021,Automatic,Bensin,46204.0,Putih,Jakarta,162900000
BMW,Seri 5,2017,,,,,Yogyakarta,422300000
Toyota,Innova,2023,Manual,Diesel,22540.0,Merah,Yogyakarta,322300000
Honda,City,2008,Manual,Bensin,164351.0,Biru,Medan,32500000
Suzuki,Ertiga,2012,Manual,Bensin,192779.0,Silver,Bandung,37000000
Honda,Brio,2017,Automatic,Diesel,197045.0,Abu-abu,Medan,56900000
Daihatsu,Ayla,2021,Manual,Bensin,60569.0,Merah,Yogyakarta,79700000
Toyota,Rush,2011,Manual,Bensin,205406.0,Silver,Semarang,31100000
Honda,City,2021,Automatic,Bensin,79003.0,Abu-abu,Medan,195600000
BMW,Seri 5,2021,Automatic,Bensin,82757.0,Biru,Jakarta,710000000
Daihatsu,Xenia,2017,Manual,Bensin,148053.0,Hitam,Jakarta,70900000
Daihatsu,Gran Max,2009,Manual,Bensin,302457.0,Merah,Surabaya,13800000
Honda,Brio,2018,Manual,Bensin,94613.0,Silver,Semarang,64100000
Daihatsu,Terios,2014,Manual,Diesel,103398.0,Biru,Medan,60900000
Honda,Brio,2013,Manual,Diesel,211313.0,Merah,Jakarta,31600000
Toyota,Avanza,2016,MT,Bensin,148962.0,Biru,Bandung,63600000
Toyota,Fortuner,2009,Automatic,Diesel,206260.0,Hitam,Surabaya,69600000
Toyota,Agya,2023,Automatic,Bensin,40383.0,Silver,Bandung,108600000
Daihatsu,Xenia,2019,Manual,Bensin,75908.0,Silver,Surabaya,91000000
Honda,HR-V,2018,Manual,Diesel,134353.0,Biru,Yogyakarta,141500000
Mercedes-Benz,GLA,2012,Automatic,Bensin,170697.0,Silver,Surabaya,144400000
Toyota,Fortuner,2009,Automatic,Bensin,228418.0,Abu-abu,Semarang,55000000
Honda,HR-V,2012,Matic,Bensin,194287.0,Merah,Surabaya,61600000
Mitsubishi,Pajero Sport,2011,Manual,Diesel,167944.0,Biru,Bali,80700000
Toyota,Fortuner,2008,Automatic,Diesel,220490.0,Abu-abu,Surabaya,63500000
Suzuki,Ertiga,2017,Manual,Bensin,17325.0,Merah,Semarang,83700000
BMW,Seri 5,2021,Manual,Diesel,24827.0,Silver,Yogyakarta,753400000
Toyota,Fortuner,2019,Manual,Diesel,66576.0,Abu-abu,Bandung,242000000
Mitsubishi,Triton,2021,Automatic,Bensin,59578.0,Merah,Semarang,259800000
Honda,HR-V,2009,Manual,Bensin,214858.0,Hitam,Jakarta,40500000
Mitsubishi,Xpander,2021,Manual,Bensin,50937.0,Silver,Jakarta,168400000
Honda,BR-V,2015,Manual,Bensin,157912.0,Silver,Yogyakarta,60700000
BMW,Seri 5,2016,Automatic,Diesel,149494.0,Biru,Bandung,397900000
Toyota,Calya,2008,Automatic,Bensin,265386.0,Abu-abu,Surabaya,15200000
Mitsubishi,Xpander,2017,Manual,Bensin,79061.0,Abu-abu,Medan,81400000
Daihatsu,Ayla,2011,Manual,Bensin,259232.0,Merah,Makassar,19400000
Honda,HR-V,2019,Manual,Diesel,80203.0,Abu-abu,Makassar,177600000
Honda,City,2017,Automatic,Bensin,184859.0,Abu-abu,Bandung,106200000
Daihatsu,Sigra,2009,Automatic,Bensin,232197.0,Merah,Jakarta,17700000
Toyota,Calya,2021,Manual,Bensin,56766.0,Biru,Makassar,95600000
Daihatsu,Ayla,2010,Manual,Bensin,175387.0,Silver,Jakarta,17300000
Toyota,Calya,2017,MT,Bensin,116794.0,Merah,Surabaya,59900000
Honda,BR-V,2008,Manual,Bensin,273973.0,Abu-abu,Bandung,22100000
Mitsubishi,Xpander,2023,Manual,Bensin,14037.0,Biru,Surabaya,236500000
Mercedes-Benz,GLA,2015,Automatic,Bensin,139591.0,Hitam,Yogyakarta,219500000
Toyota,Agya,2021,Manual,Diesel,50051.0,,Makassar,93900000
Honda,BR-V,2022,Manual,Diesel,42730.0,Abu-abu,Semarang,197500000
Honda,Brio,2008,Manual,Bensin,238657.0,Hitam,Bali,14700000
Honda,BR-V,2012,Manual,Bensin,158688.0,Putih,Makassar,44900000
Honda,CR-V,2017,Manual,Bensin,115691.0,Putih,Makassar,171100000
Mitsubishi,Triton,2020,Manual,Bensin,96880.0,Hitam,Jakarta,203700000
Suzuki,XL7,2010,Manual,Bensin,244688.0,Hitam,Surabaya,32200000
Toyota,Innova,2016,,,,,Medan,111500000
Mercedes-Benz,GLA,2018,Automatic,Bensin,64052.0,Putih,Bali,373700000
Nissan,Livina,2023,Manual,Bensin,39994.0,Hitam,Medan,164500000
Honda,HR-V,2020,Automatic,Bensin,85559.0,Hitam,Bandung,195800000
Mitsubishi,Triton,2012,Manual,Diesel,152081.0,Merah,Bandung,74000000
BMW,X5,2011,Automatic,Bensin,208601.0,Silver,Bali,177800000
Daihatsu,Xenia,2023,Automatic,Bensin,24839.0,Biru,Semarang,164700000
Honda,CR-V,2015,Manual,Diesel,123445.0,Abu-abu,Medan,133500000
Suzuki,Baleno,2015,Manual,Bensin,52190.0,Putih,Jakarta,65300000
Suzuki,Baleno,2008,Manual,Bensin,310574.0,Biru,Surabaya,17300000
Toyota,Fortuner,2009,Automatic,Bensin,208018.0,Hitam,Yogyakarta,56000000
Mitsubishi,Pajero Sport,2008,Automatic,Bensin,255566.0,Biru,Surabaya,57400000
Honda,Jazz,2013,Manual,Diesel,161927.0,Biru,Makassar,46500000
Suzuki,XL7,2014,Automatic,Bensin,216180.0,Biru,Surabaya,62500000
Toyota,Avanza,2020,Manual,Bensin,94436.0,Hitam,Semarang,108300000
Honda,Brio,2010,,,,,Yogyakarta,18700000
Suzuki,Ignis,2021,Automatic,Bensin,53048.0,Abu-abu,Makassar,112900000
Nissan,Livina,2021,Matic,Bensin,75609.0,Silver,Yogyakarta,122800000
Toyota,Fortuner,2014,Automatic,Diesel,176513.0,Abu-abu,Bandung,127200000
Honda,CR-V,2011,Manual,Bensin,137325.0,Abu-abu,Medan,71300000
Suzuki,Ignis,2009,Manual,Bensin,182720.0,Merah,Bali,21500000
Toyota,Rush,2021,Matic,Bensin,24037.0,Silver,Medan,163400000
Toyota,Innova,2023,Automatic,Bensin,26557.0,Putih,Bandung,325200000
Suzuki,Baleno,2020,Manual,Bensin,67849.0,Merah,Bali,111500000
Nissan,X-Trail,2015,Automatic,Diesel,113453.0,Silver,Semarang,112100000
Nissan,X-Trail,2011,Manual,Diesel,219806.0,Putih,Bali,55000000
Mercedes-Benz,GLA,2008,Automatic,Bensin,253456.0,Abu-abu,Jakarta,83000000
Daihatsu,Terios,2018,,,,,Jakarta,100300000
Daihatsu,Terios,2020,Matic,Bensin,81358.0,Hitam,Medan,143500000
Honda,Mobilio,2017,,,,,Medan,71000000
Honda,BR-V,2023,Automatic,Bensin,725.0,Putih,Makassar,225900000
Toyota,Innova,2019,Manual,Bensin,95544.0,Putih,Surabaya,176300000
Suzuki,XL7,2021,Automatic,Diesel,42805.0,Biru,Semarang,213200000
Daihatsu,Terios,2015,Manual,Bensin,96488.0,Putih,Bandung,65000000
Suzuki,Ertiga,2015,Manual,Bensin,,,Jakarta,61000000
Mitsubishi,Triton,2012,Automatic,Diesel,174449.0,Hitam,Semarang,69800000
Daihatsu,Sigra,2023,Manual,Bensin,8177.0,Biru,Bali,131300000
Toyota,Calya,2022,Manual,Bensin,47466.0,,Yogyakarta,113100000
Toyota,Rush,2023,Manual,Bensin,37297.0,Merah,Semarang,204700000
Honda,BR-V,2019,Manual,Bensin,74732.0,Hitam,Medan,112100000
Mercedes-Benz,E-Class,2021,Automatic,Diesel,50211.0,Biru,Jakarta,972000000
Toyota,Yaris,2016,Automatic,Bensin,72992.0,Merah,Makassar,81400000
Daihatsu,Xenia,2021,MT,Bensin,58920.0,Biru,Semarang,109400000
Toyota,Avanza,2022,Manual,Bensin,44388.0,Hitam,Yogyakarta,147600000
Daihatsu,Sigra,2011,Automatic,Bensin,154132.0,Silver,Makassar,24700000
Honda,Mobilio,2009,Manual,Bensin,,,Jakarta,24600000
Toyota,Fortuner,2018,Manual,Diesel,121205.0,Silver,Semarang,225900000
Suzuki,XL7,2021,Matic,Bensin,39024.0,Putih,Surabaya,210800000
Mercedes-Benz,E-Class,2009,Automatic,Bensin,228845.0,Abu-abu,Bandung,133500000
Mercedes-Benz,C-Class,2008,Automatic,Bensin,271324.0,Biru,Makassar,77000000
Mercedes-Benz,E-Class,2023,Automatic,,,,Semarang,1238800000
Daihatsu,Sigra,2016,Manual,Bensin,168003.0,Hitam,Jakarta,50100000
Toyota,Calya,2014,Manual,Bensin,215945.0,Biru,Surabaya,38500000
Mercedes-Benz,C-Class,2014,Matic,Bensin,211742.0,Silver,Surabaya,201400000
Honda,BR-V,2017,Matic,Bensin,169469.0,Silver,Surabaya,92300000
Mitsubishi,Pajero Sport,2014,Matic,Diesel,181685.0,Merah,Medan,134100000
Honda,BR-V,2021,Manual,Bensin,43229.0,Putih,Surabaya,171600000
Suzuki,XL7,2010,Automatic,Bensin,252096.0,Merah,Surabaya,39200000
Mercedes-Benz,GLA,2015,Automatic,Bensin,101373.0,Putih,Medan,239100000
Honda,Brio,2013,Automatic,Bensin,166607.0,Putih,Bandung,38100000
Toyota,Innova,2018,Manual,Bensin,151809.0,Abu-abu,Semarang,139600000
Nissan,Grand Livina,2019,Manual,Bensin,88377.0,Biru,Medan,81000000
Honda,HR-V,2009,Automatic,Bensin,206478.0,Putih,Bali,37800000
Suzuki,XL7,2020,Manual,Bensin,60084.0,Putih,Surabaya,156100000
Honda,Brio,2021,Manual,Bensin,51576.0,Hitam,Bali,99600000
Honda,Mobilio,2014,Manual,Bensin,115530.0,Abu-abu,Surabaya,51000000
Honda,BR-V,2014,Automatic,Diesel,153424.0,Hitam,Makassar,65600000
Toyota,Fortuner,2019,Automatic,Diesel,73203.0,Silver,Semarang,236800000
Toyota,Yaris,2017,Automatic,Bensin,127116.0,Hitam,Bandung,82500000
Mitsubishi,Pajero Sport,2012,Manual,Bensin,269869.0,Merah,Bandung,78400000
Mitsubishi,Pajero Sport,2020,Manual,Diesel,70322.0,Merah,Medan,321200000
Honda,Jazz,2023,Manual,Bensin,,,Medan,197000000
Honda,Mobilio,2018,Automatic,Bensin,83888.0,Abu-abu,Bandung,84800000
Suzuki,Baleno,2010,Automatic,Bensin,200080.0,Biru,Surabaya,29000000
Honda,Brio,2013,Manual,Bensin,220787.0,Biru,Medan,30500000
Mercedes-Benz,C-Class,2014,Automatic,Bensin,140716.0,Abu-abu,Makassar,217100000
Honda,Mobilio,2009,Manual,Bensin,333196.0,Silver,Semarang,20900000
Toyota,Avanza,2023,Manual,Bensin,62418.0,Hitam,Surabaya,184100000
Daihatsu,Ayla,2016,Manual,Bensin,63767.0,Hitam,Semarang,43400000
Mercedes-Benz,GLA,2012,Automatic,Diesel,261023.0,Hitam,Medan,131000000
Honda,Brio,2023,Automatic,Bensin,,,Surabaya,141600000
BMW,Seri 3,2018,Automatic,Bensin,93313.0,Abu-abu,Medan,383400000
Nissan,Livina,2015,Manual,Bensin,88644.0,Hitam,Medan,58000000
Toyota,Calya,2011,Manual,Bensin,224466.0,Abu-abu,Medan,23000000
Toyota,Avanza,2019,Manual,Bensin,77316.0,Merah,Surabaya,92800000
Daihatsu,Ayla,2012,Manual,Bensin,148615.0,Biru,Yogyakarta,20700000
Toyota,Rush,2011,Manual,Bensin,276338.0,Abu-abu,Bali,34600000
Daihatsu,Gran Max,2018,Manual,Bensin,60959.0,Merah,Yogyakarta,64300000
Honda,Mobilio,2020,Manual,Bensin,113793.0,Putih,Surabaya,107000000
Suzuki,Ertiga,2019,Manual,Bensin,54397.0,Silver,Semarang,103300000
Honda,City,2022,Manual,Bensin,53597.0,Putih,Jakarta,207000000
Daihatsu,Sigra,2016,Automatic,Bensin,142980.0,Merah,Yogyakarta,48400000
Honda,Brio,2022,Manual,Bensin,44270.0,Merah,Makassar,112100000
Toyota,Fortuner,2012,Automatic,Diesel,92923.0,Merah,Jakarta,117600000
Nissan,Livina,2010,Automatic,Bensin,195253.0,Abu-abu,Surabaya,31800000
Toyota,Yaris,2014,Manual,Bensin,122543.0,Biru,Semarang,56400000
Toyota,Fortuner,2021,Automatic,Bensin,50493.0,Hitam,Yogyakarta,308900000
Honda,Mobilio,2015,Automatic,Bensin,157276.0,Biru,Bandung,61100000
Honda,Mobilio,2022,Manual,Bensin,57236.0,Hitam,Yogyakarta,140900000
BMW,X5,2022,Automatic,Bensin,52943.0,Biru,Semarang,1021800000
Toyota,Fortuner,2023,Automatic,Diesel,30838.0,Abu-abu,Medan,461900000
Suzuki,Ignis,2012,Manual,Bensin,231901.0,Putih,Yogyakarta,24500000
Honda,Brio,2020,Manual,Bensin,87235.0,Putih,Bandung,80000000
Suzuki,Ertiga,2015,Automatic,Bensin,155705.0,Biru,Makassar,57000000
Mitsubishi,Xpander,2009,Manual,Bensin,246025.0,Biru,Jakarta,28400000
Toyota,Calya,2010,Manual,Bensin,215864.0,Abu-abu,Bali,18100000
BMW,X5,2012,Matic,Bensin,191589.0,,Jakarta,291200000
Mitsubishi,Pajero Sport,2010,Automatic,Diesel,163313.0,Merah,Jakarta,86100000
BMW,X5,2010,Automatic,Bensin,108141.0,Biru,Semarang,232600000
Toyota,Agya,2014,Manual,Bensin,156407.0,Biru,Bandung,31200000
Nissan,Grand Livina,2012,Manual,Bensin,103098.0,Merah,Bandung,33700000
Mercedes-Benz,GLA,2020,Automatic,Bensin,80051.0,Silver,Medan,407700000
Honda,HR-V,2015,Manual,Bensin,99167.0,Silver,Medan,89300000
Suzuki,Ignis,2022,Manual,Diesel,13265.0,Biru,Bandung,129400000
Honda,Jazz,2021,Manual,Bensin,68171.0,Putih,Semarang,143600000
Mitsubishi,Xpander,2020,Manual,Bensin,46508.0,Putih,Jakarta,150700000
Mitsubishi,Pajero Sport,2022,Automatic,Bensin,34035.0,Hitam,Bali,407000000
Suzuki,Ertiga,2011,Automatic,Bensin,132833.0,Hitam,Bali,39000000
Mercedes-Benz,C-Class,2018,Automatic,Diesel,106865.0,Hitam,Bandung,411600000
Suzuki,Carry,2009,Automatic,Bensin,288963.0,Silver,Bali,16400000
Honda,City,2018,Manual,Bensin,100568.0,Abu-abu,Makassar,120100000
Toyota,Yaris,2008,Manual,Bensin,320366.0,Silver,Bali,18600000
Honda,Brio,2019,Automatic,Bensin,77672.0,Silver,Medan,81000000
Honda,City,2008,Manual,Bensin,279288.0,Silver,Semarang,30400000
Toyota,Agya,2019,Automatic,Bensin,108239.0,Putih,Medan,74700000
Toyota,Innova,2023,,,,,Makassar,314600000
Honda,Jazz,2018,Manual,Diesel,135083.0,Merah,Surabaya,92200000
Daihatsu,Xenia,2009,Automatic,Bensin,208339.0,Putih,Medan,24600000
Honda,Brio,2020,Manual,Diesel,109644.0,Abu-abu,Bali,82700000
BMW,Seri 3,2022,Automatic,Bensin,27350.0,Putih,Medan,674000000
Toyota,Calya,2019,Manual,Bensin,71687.0,Hitam,Semarang,82600000
BMW,Seri 3,2008,Automatic,Bensin,298947.0,Putih,Medan,67800000
Toyota,Avanza,2014,Manual,Bensin,54381.0,Abu-abu,Medan,58100000
BMW,Seri 5,2020,Automatic,Bensin,62049.0,Merah,Yogyakarta,597900000
Suzuki,Baleno,2011,Automatic,Bensin,142997.0,Merah,Yogyakarta,38800000
Mitsubishi,Xpander,2016,Manual,Bensin,138904.0,Biru,Medan,77000000
Toyota,Innova,2010,Manual,Bensin,154451.0,Biru,Bali,46400000
Suzuki,Ignis,2019,Manual,Bensin,54632.0,Hitam,Semarang,78700000
Honda,BR-V,2016,Manual,Bensin,208028.0,Biru,Makassar,74700000
BMW,Seri 5,2010,Automatic,Bensin,207752.0,Hitam,Makassar,137600000
Toyota,Avanza,2021,Automatic,Bensin,56793.0,Putih,Bali,134900000
Suzuki,Carry,2009,Manual,Bensin,174750.0,Biru,Surabaya,17500000
Honda,City,2016,Automatic,Bensin,78118.0,Abu-abu,Surabaya,104000000
Toyota,Calya,2009,Manual,Bensin,297235.0,Biru,Semarang,15500000
BMW,Seri 5,2014,Manual,Bensin,198542.0,Biru,Bandung,259000000
Mitsubishi,Xpander,2011,Manual,Bensin,146437.0,Merah,Medan,39500000
Toyota,Rush,2020,Manual,Bensin,58032.0,Silver,Medan,128500000
Mitsubishi,Xpander,2009,Automatic,Bensin,161004.0,Abu-abu,Yogyakarta,34300000
Toyota,Agya,2010,MT,Bensin,276394.0,Merah,Semarang,17400000
Nissan,Livina,2019,Manual,Bensin,91881.0,Abu-abu,Surabaya,110600000
Toyota,Innova,2010,Manual,Bensin,181571.0,Abu-abu,Medan,47700000
Suzuki,Ertiga,2017,Automatic,Bensin,143596.0,Merah,Bali,90800000
Daihatsu,Terios,2011,MT,Bensin,255912.0,Hitam,Bali,33800000
Toyota,Agya,2016,Automatic,Bensin,142544.0,Putih,Medan,51100000
Honda,HR-V,2009,Automatic,Bensin,267392.0,Biru,Bandung,37900000
Daihatsu,Sigra,2021,Automatic,Bensin,70791.0,Merah,Bandung,93200000
Honda,Mobilio,2010,Manual,Diesel,181784.0,Merah,Bandung,26200000
Mitsubishi,Pajero Sport,2012,Automatic,Diesel,94143.0,Abu-abu,Bandung,128200000
Mercedes-Benz,C-Class,2023,Automatic,Bensin,32643.0,Merah,Bandung,728500000
Toyota,Fortuner,2012,Manual,Bensin,151658.0,Abu-abu,Bali,80900000
Mitsubishi,Xpander,2023,,,,,Surabaya,219400000
Toyota,Yaris,2014,Manual,Bensin,168588.0,Silver,Bandung,52500000
Nissan,Grand Livina,2010,Manual,Bensin,325084.0,Biru,Semarang,20700000
Mercedes-Benz,C-Class,2018,Automatic,Bensin,94369.0,Biru,Bandung,384000000
Mitsubishi,Triton,2013,,,,,Surabaya,84500000
Toyota,Yaris,2015,Automatic,Bensin,130133.0,Putih,Bandung,67800000
Honda,Mobilio,2018,Manual,Bensin,68744.0,Hitam,Jakarta,92900000
Toyota,Innova,2017,Automatic,Bensin,104400.0,Biru,Medan,154300000
Suzuki,Carry,2016,Manual,Bensin,167768.0,Merah,Medan,45000000
Toyota,Rush,2021,Manual,Bensin,28486.0,Putih,Bali,167600000
Mitsubishi,Pajero Sport,2012,Automatic,Diesel,177335.0,Hitam,Bandung,112800000
Toyota,Agya,2020,Manual,Bensin,70511.0,Merah,Yogyakarta,83000000
Honda,City,2009,Manual,Bensin,264034.0,Silver,Surabaya,31800000
Daihatsu,Gran Max,2014,Matic,Bensin,183048.0,Biru,Yogyakarta,35800000
Honda,BR-V,2023,Manual,Bensin,55781.0,Silver,Semarang,185100000
Honda,Mobilio,2013,Automatic,Bensin,217184.0,Hitam,Yogyakarta,47500000
Suzuki,Ignis,2021,Automatic,Bensin,67096.0,Biru,Medan,121600000
Mercedes-Benz,C-Class,2023,Manual,Bensin,20705.0,Silver,Semarang,592000000
Mitsubishi,Xpander,2017,Automatic,Bensin,36136.0,Merah,Jakarta,93300000
Honda,Jazz,2023,Automatic,Bensin,23057.0,Merah,Makassar,209100000
Nissan,X-Trail,2012,Automatic,Diesel,96791.0,Putih,Surabaya,91100000
Honda,Jazz,2010,Automatic,Bensin,173095.0,Putih,Makassar,37100000
Suzuki,Carry,2012,Manual,Bensin,242422.0,Hitam,Yogyakarta,21200000
Daihatsu,Gran Max,2011,Automatic,Bensin,14138.0,Merah,Semarang,28000000
Toyota,Calya,2017,Manual,Diesel,84716.0,Putih,Yogyakarta,56200000
Mitsubishi,Xpander,2016,Automatic,Bensin,126141.0,Abu-abu,Bandung,77700000
Toyota,Avanza,2008,Manual,Bensin,149951.0,Hitam,Yogyakarta,22200000
Toyota,Rush,2023,Manual,Bensin,25754.0,Putih,Jakarta,221200000
Mitsubishi,Xpander,2023,Manual,Bensin,34468.0,Hitam,Makassar,192900000
Honda,CR-V,2020,Automatic,Bensin,87803.0,Putih,Semarang,228800000
Honda,BR-V,2015,Manual,Bensin,167318.0,Putih,Yogyakarta,59200000
Honda,CR-V,2010,Manual,Bensin,150812.0,Hitam,Bali,67100000
Daihatsu,Ayla,2008,Manual,,,,Medan,11100000
Honda,City,2015,Automatic,Bensin,150109.0,Hitam,Surabaya,78800000
Honda,HR-V,2016,Manual,Bensin,143636.0,Biru,Bandung,89500000
Toyota,Fortuner,2009,Manual,Diesel,186400.0,Hitam,Semarang,59300000
Toyota,Yaris,2012,Manual,Bensin,143710.0,Hitam,Bali,40900000
Mitsubishi,Xpander,2018,Manual,Bensin,80461.0,Silver,Medan,112000000
Toyota,Agya,2022,Automatic,Bensin,53365.0,Biru,Bandung,90700000
Mercedes-Benz,C-Class,2009,Automatic,Bensin,203933.0,Silver,Bandung,106900000
Suzuki,Ertiga,2013,Manual,Bensin,71030.0,Putih,Jakarta,42700000
Mitsubishi,Triton,2013,Automatic,Diesel,198210.0,Silver,Bali,69300000
Daihatsu,Sigra,2022,Manual,Bensin,26700.0,Merah,Surabaya,119200000
Suzuki,Carry,2022,Manual,Diesel,55274.0,Hitam,Makassar,116300000
Honda,Mobilio,2014,Automatic,Bensin,106416.0,Silver,Bali,52700000
Mercedes-Benz,C-Class,2009,Manual,Bensin,133688.0,Biru,Semarang,94500000
Suzuki,Baleno,2023,Automatic,Bensin,23357.0,Abu-abu,Yogyakarta,203400000
Toyota,Avanza,2022,Manual,Bensin,34381.0,Abu-abu,Surabaya,154600000
Mitsubishi,Pajero Sport,2021,Automatic,Diesel,37080.0,Biru,Semarang,395700000
Mercedes-Benz,C-Class,2016,Automatic,Bensin,82219.0,Hitam,Bandung,303700000
Mitsubishi,Triton,2020,Manual,Bensin,75593.0,Putih,Yogyakarta,227400000
Honda,CR-V,2015,Matic,Bensin,56761.0,Putih,Surabaya,130000000
Suzuki,Ignis,2019,Automatic,Bensin,62351.0,Hitam,Medan,88500000
Toyota,Yaris,2009,Automatic,Bensin,205464.0,Silver,Surabaya,27100000
Daihatsu,Gran Max,2018,Automatic,Bensin,89262.0,Hitam,Bandung,61600000
Daihatsu,Terios,2011,Manual,Bensin,113174.0,Putih,Bandung,37300000
Toyota,Avanza,2009,Automatic,Bensin,199736.0,Merah,Bali,27300000
Toyota,Avanza,2011,Manual,Bensin,143053.0,Hitam,Bandung,30600000
Mitsubishi,Pajero Sport,2022,Manual,Diesel,24780.0,Merah,Jakarta,432000000
Honda,CR-V,2008,Automatic,Bensin,336420.0,Biru,Makassar,37000000
Toyota,Fortuner,2010,Automatic,Diesel,152526.0,Silver,Bandung,78400000
Honda,BR-V,2021,Automatic,Bensin,52385.0,Silver,Bali,176000000
Nissan,X-Trail,2008,Automatic,Bensin,127137.0,Hitam,Jakarta,45700000
Toyota,Avanza,2009,Manual,Diesel,253879.0,Merah,Yogyakarta,23700000
Honda,Brio,2016,Manual,Diesel,113323.0,Merah,Yogyakarta,51000000
Honda,Brio,2009,Manual,Bensin,215924.0,Biru,Yogyakarta,18100000
Honda,Brio,2019,Automatic,Bensin,61486.0,Putih,Jakarta,81400000
BMW,Seri 3,2017,Automatic,Bensin,76958.0,Biru,Jakarta,380600000
Suzuki,Ignis,2022,Automatic,Diesel,17408.0,Hitam,Bali,147600000
Toyota,Fortuner,2013,Automatic,Diesel,109522.0,Merah,Medan,125200000
Honda,HR-V,2023,Automatic,Bensin,21872.0,Putih,Makassar,318300000
Mercedes-Benz,C-Class,2016,,,,,Medan,239100000
Honda,Mobilio,2022,Manual,Bensin,30991.0,Putih,Yogyakarta,159100000
Daihatsu,Sigra,2018,Manual,Bensin,91881.0,Merah,Medan,54200000
Toyota,Agya,2022,Manual,Bensin,44036.0,Hitam,Makassar,104700000
Mitsubishi,Triton,2010,Manual,Diesel,303169.0,Biru,Semarang,49300000
Suzuki,Ertiga,2023,Manual,Bensin,18451.0,Silver,Makassar,182100000
Honda,Brio,2009,Automatic,Bensin,131911.0,Hitam,Medan,19300000
Honda,City,2022,Automatic,Bensin,29921.0,Silver,Yogyakarta,247300000
Toyota,Agya,2009,Automatic,Bensin,213772.0,Silver,Bandung,17600000
Toyota,Avanza,2015,Manual,Bensin,165536.0,Biru,Jakarta,52600000
Mitsubishi,Pajero Sport,2021,Automatic,Bensin,60709.0,Hitam,Medan,344200000
Daihatsu,Sigra,2014,Manual,,,,Bandung,36700000
BMW,X5,2013,Automatic,Diesel,220476.0,Biru,Yogyakarta,293800000
Mitsubishi,Pajero Sport,2015,Manual,Bensin,88935.0,Merah,Makassar,157100000
Mercedes-Benz,C-Class,2008,Automatic,Bensin,224767.0,,Surabaya,86300000
Mercedes-Benz,GLA,2008,Automatic,Bensin,139772.0,Putih,Surabaya,94400000
Daihatsu,Ayla,2017,Manual,Bensin,150233.0,Biru,Medan,40000000
Honda,Jazz,2019,Manual,Bensin,85680.0,Putih,Medan,107100000
Suzuki,Ignis,2009,Manual,Bensin,219648.0,Abu-abu,Yogyakarta,17400000
Toyota,Rush,2022,Automatic,Bensin,60319.0,Abu-abu,Semarang,187300000
Toyota,Calya,2008,Automatic,Bensin,255271.0,Merah,Medan,14900000
Toyota,Avanza,2009,Manual,Bensin,198195.0,Biru,Jakarta,25700000
Honda,Jazz,2017,Manual,Bensin,135062.0,Hitam,Bali,71600000
Nissan,Livina,2023,Manual,Bensin,3645.0,Silver,Yogyakarta,199400000
Mitsubishi,Pajero Sport,2009,Matic,Diesel,234274.0,Abu-abu,Jakarta,75500000
BMW,X5,2017,Matic,Bensin,163680.0,Merah,Surabaya,492000000
Suzuki,Ertiga,2012,Manual,Bensin,229030.0,Biru,Medan,34400000
Honda,BR-V,2020,MT,Bensin,77640.0,Abu-abu,Surabaya,126200000
Honda,Mobilio,2008,Manual,Bensin,149204.0,Silver,Makassar,20800000
Honda,City,2022,Manual,Bensin,37698.0,Silver,Bandung,230600000
Mitsubishi,Xpander,2021,Automatic,Bensin,83756.0,Abu-abu,Bali,146100000
BMW,Seri 3,2016,Automatic,Bensin,157612.0,Abu-abu,Semarang,253800000
Toyota,Innova,2017,MT,Bensin,145346.0,Merah,Bali,123800000
Toyota,Yaris,2008,Manual,Bensin,212076.0,Hitam,Semarang,21600000
Honda,CR-V,2015,Automatic,Bensin,128637.0,Silver,Medan,118200000
Mitsubishi,Pajero Sport,2010,Manual,Bensin,268495.0,Abu-abu,Bandung,59800000
Honda,Brio,2016,Manual,Bensin,150923.0,Abu-abu,Bandung,46500000
Daihatsu,Gran Max,2015,Manual,Bensin,186256.0,Abu-abu,Surabaya,35200000
Nissan,Grand Livina,2021,Manual,Diesel,72393.0,Abu-abu,Medan,122100000
Toyota,Rush,2016,,,,,Yogyakarta,70800000
Honda,CR-V,2020,Manual,Bensin,43131.0,Abu-abu,Medan,253300000
Toyota,Fortuner,2015,Automatic,Diesel,112174.0,Silver,Yogyakarta,136700000
Nissan,Grand Livina,2021,Manual,Bensin,40360.0,Abu-abu,Yogyakarta,121300000
Honda,Jazz,2016,Manual,Bensin,137915.0,Hitam,Bali,73600000
Daihatsu,Gran Max,2017,Manual,Bensin,110220.0,Biru,Surabaya,53200000
Daihatsu,Sigra,2015,Manual,Bensin,112578.0,Abu-abu,Semarang,42300000
Nissan,Grand Livina,2008,Automatic,Bensin,206922.0,Hitam,Jakarta,19200000
Daihatsu,Gran Max,2018,Manual,Bensin,56056.0,Putih,Bandung,62900000
Toyota,Fortuner,2014,Automatic,Diesel,83682.0,Merah,Surabaya,164800000
Suzuki,Baleno,2010,Automatic,Bensin,298965.0,Hitam,Bali,28800000
Daihatsu,Ayla,2017,Manual,Bensin,122576.0,Silver,Medan,44000000
Mercedes-Benz,GLA,2013,Automatic,Bensin,164106.0,Putih,Yogyakarta,160800000
Daihatsu,Xenia,2014,,,,,Semarang,42900000
Toyota,Avanza,2014,,,,,Bali,40800000
Toyota,Fortuner,2014,Automatic,Bensin,123900.0,Silver,Yogyakarta,111400000
Toyota,Rush,2018,MT,Bensin,98735.0,Biru,Bali,93700000
Toyota,Calya,2011,Manual,Bensin,205872.0,Abu-abu,Bandung,23300000
Honda,Mobilio,2012,Automatic,Bensin,254262.0,Merah,Semarang,39900000
BMW,X5,2016,Automatic,Bensin,39907.0,Putih,Makassar,515100000
Honda,Jazz,2020,Manual,Bensin,64687.0,Hitam,Surabaya,124000000
BMW,Seri 3,2017,Automatic,Bensin,171314.0,Merah,Makassar,290000000
Honda,HR-V,2009,Manual,Bensin,216359.0,Hitam,Bandung,38200000
Toyota,Fortuner,2012,Manual,Diesel,250873.0,Silver,Surabaya,86100000
Suzuki,Carry,2019,Automatic,Bensin,68998.0,Biru,Makassar,83600000
Honda,Brio,2009,Automatic,Bensin,160080.0,Putih,Semarang,22300000
Daihatsu,Gran Max,2009,Manual,Bensin,237392.0,Biru,Semarang,14300000
Suzuki,XL7,2019,Automatic,Bensin,102694.0,Abu-abu,Semarang,105600000
Daihatsu,Terios,2018,Automatic,Diesel,118900.0,Biru,Medan,98800000
Suzuki,XL7,2014,Automatic,Bensin,120638.0,Hitam,Bandung,64400000
Honda,Jazz,2014,Automatic,Bensin,144355.0,Biru,Bandung,57600000
Honda,Mobilio,2011,Automatic,Bensin,148215.0,Hitam,Semarang,38100000
Daihatsu,Ayla,2023,Automatic,Bensin,8360.0,Hitam,Jakarta,125000000
Mitsubishi,Pajero Sport,2009,Manual,Bensin,129196.0,Putih,Surabaya,67900000
Nissan,Livina,2021,Automatic,Bensin,70260.0,Abu-abu,Yogyakarta,143900000
Daihatsu,Xenia,2008,Automatic,Bensin,185961.0,Silver,Yogyakarta,18600000
Mitsubishi,Xpander,2016,Manual,Bensin,104612.0,Putih,Medan,85600000
Mercedes-Benz,C-Class,2019,Automatic,Bensin,39511.0,Biru,Semarang,489800000
Mercedes-Benz,C-Class,2014,Automatic,Bensin,127439.0,Putih,Surabaya,226000000
Suzuki,Baleno,2021,Manual,Bensin,36591.0,Putih,Bali,133600000
Toyota,Fortuner,2018,Automatic,Diesel,130079.0,Biru,Yogyakarta,225600000
Daihatsu,Gran Max,2009,Manual,Bensin,136542.0,Abu-abu,Jakarta,20300000
Daihatsu,Terios,2016,Manual,Bensin,133188.0,,Jakarta,76400000
Toyota,Rush,2012,Automatic,Bensin,114845.0,Silver,Medan,40800000
Suzuki,Ertiga,2010,Automatic,Bensin,151148.0,Biru,Bandung,32500000
Honda,Brio,2022,Manual,Diesel,40820.0,Abu-abu,Bali,128800000
Honda,Jazz,2015,Manual,Bensin,144275.0,Abu-abu,Surabaya,64600000
Toyota,Avanza,2017,Manual,Bensin,108692.0,Abu-abu,Medan,68600000
Suzuki,Baleno,2008,Automatic,Bensin,107312.0,Silver,Surabaya,27800000
Suzuki,Carry,2012,Manual,Bensin,124793.0,Abu-abu,Bali,23700000
Honda,City,2015,Automatic,Bensin,192870.0,Biru,Bandung,72900000
Toyota,Innova,2022,Automatic,Bensin,42880.0,Abu-abu,Surabaya,326700000
Honda,HR-V,2008,Manual,,,,Semarang,31600000
Daihatsu,Sigra,2022,Manual,Bensin,63903.0,Merah,Semarang,107000000
Daihatsu,Gran Max,2009,Manual,Bensin,254935.0,Silver,Makassar,17300000
Daihatsu,Gran Max,2018,Manual,Bensin,96541.0,Abu-abu,Bali,57400000
Honda,CR-V,2016,Automatic,Bensin,161461.0,Biru,Semarang,146700000
Nissan,X-Trail,2013,Manual,Diesel,143558.0,Silver,Medan,87100000
Daihatsu,Xenia,2012,Manual,Bensin,143746.0,Silver,Yogyakarta,35100000
Toyota,Innova,2022,Manual,Bensin,50454.0,Biru,Jakarta,279200000
Honda,Mobilio,2018,Automatic,Bensin,74323.0,Biru,Yogyakarta,84200000
Mitsubishi,Triton,2009,Automatic,Bensin,191065.0,Merah,Makassar,52300000
Honda,Jazz,2018,Automatic,Bensin,115773.0,Hitam,Yogyakarta,104300000
Mitsubishi,Triton,2020,Automatic,Diesel,64719.0,Putih,Bali,230800000
Nissan,Grand Livina,2023,Automatic,Bensin,13662.0,Biru,Makassar,161800000
BMW,Seri 5,2008,Automatic,Bensin,245957.0,Hitam,Bali,98300000
Toyota,Innova,2021,Automatic,Bensin,88197.0,Abu-abu,Medan,237500000
Toyota,Yaris,2016,Manual,Bensin,152107.0,Hitam,Jakarta,67900000
Mitsubishi,Triton,2017,Automatic,Bensin,80770.0,Putih,Jakarta,172800000
Daihatsu,Gran Max,2008,Manual,Bensin,220646.0,Hitam,Medan,14000000
Toyota,Rush,2010,Manual,Bensin,248287.0,Merah,Semarang,26100000
Suzuki,Ertiga,2017,Manual,Bensin,128387.0,Biru,Semarang,79400000
Toyota,Rush,2020,Manual,Bensin,,,Bandung,131300000
Suzuki,Ertiga,2008,Automatic,Bensin,236767.0,Merah,Bali,23000000
Mercedes-Benz,C-Class,2018,Manual,Bensin,121677.0,Hitam,Yogyakarta,374000000
Honda,Mobilio,2008,Automatic,Bensin,200318.0,Abu-abu,Semarang,21600000
Toyota,Agya,2012,Automatic,Bensin,60543.0,Merah,Makassar,30000000
Honda,City,2020,Manual,Bensin,109604.0,Hitam,Bali,187600000
Honda,Mobilio,2022,Manual,Bensin,68760.0,Hitam,Bandung,132300000
Daihatsu,Xenia,2010,Manual,Bensin,170751.0,Putih,Yogyakarta,23200000
Daihatsu,Gran Max,2013,Manual,Bensin,297132.0,Hitam,Semarang,26100000
Suzuki,Ignis,2022,Manual,Bensin,42945.0,Merah,Bandung,110000000
Honda,City,2022,Manual,Bensin,40547.0,Biru,Yogyakarta,202300000
Honda,BR-V,2021,Automatic,Bensin,24036.0,Hitam,Makassar,164900000
Honda,Jazz,2020,Manual,Bensin,92159.0,Biru,Medan,126600000
Toyota,Calya,2013,Manual,Bensin,215479.0,Merah,Bali,28800000
Suzuki,Ertiga,2019,Automatic,Bensin,78805.0,Putih,Bali,104800000
Honda,Brio,2021,,,,,Yogyakarta,99400000
Daihatsu,Xenia,2009,Manual,Bensin,218619.0,Putih,Bali,21100000
Daihatsu,Sigra,2009,Manual,Bensin,261701.0,Putih,Jakarta,17200000
BMW,Seri 3,2017,Manual,Bensin,174838.0,Abu-abu,Yogyakarta,242700000
Mitsubishi,Pajero Sport,2018,Manual,Diesel,114788.0,Biru,Makassar,191500000
Honda,BR-V,2010,Manual,Bensin,189082.0,Abu-abu,Surabaya,35200000
Honda,Jazz,2010,Manual,Bensin,83223.0,,Bandung,35400000
Toyota,Yaris,2018,Automatic,Bensin,114120.0,Abu-abu,Bali,96500000
Honda,City,2023,Manual,,,,Bandung,236600000
BMW,Seri 5,2018,Automatic,Bensin,84980.0,Silver,Medan,483500000
Toyota,Agya,2021,Automatic,Bensin,58025.0,Hitam,Semarang,92000000
Honda,CR-V,2009,Manual,Bensin,214219.0,Silver,Surabaya,52300000
Suzuki,XL7,2023,Automatic,Bensin,18486.0,Hitam,Surabaya,225700000
BMW,Seri 5,2011,Manual,Bensin,76325.0,Merah,Medan,191700000
BMW,X5,2022,Automatic,Bensin,33783.0,Putih,Jakarta,1169300000
Honda,BR-V,2023,Automatic,Bensin,26828.0,Putih,Bali,250300000
Nissan,X-Trail,2012,Automatic,Diesel,187492.0,Biru,Makassar,86100000
Honda,HR-V,2021,Manual,Bensin,68654.0,Silver,Jakarta,206700000
Suzuki,Carry,2020,Manual,Bensin,136739.0,Merah,Jakarta,76300000
Honda,CR-V,2022,Manual,Bensin,35063.0,Merah,Makassar,320500000
Toyota,Innova,2019,Automatic,Diesel,132539.0,Biru,Bandung,192600000
Honda,CR-V,2010,Automatic,Bensin,255158.0,Silver,Surabaya,62900000
Honda,Jazz,2021,Manual,Bensin,41315.0,Hitam,Bandung,148700000
Mitsubishi,Xpander,2017,Automatic,Bensin,85893.0,Biru,Surabaya,106600000
Toyota,Yaris,2012,Manual,Bensin,161733.0,Putih,Yogyakarta,42400000
Honda,City,2021,Automatic,Bensin,74255.0,Hitam,Surabaya,235100000
Honda,HR-V,2011,Automatic,Bensin,139044.0,Merah,Medan,64100000
Toyota,Yaris,2015,Manual,Bensin,137905.0,Merah,Makassar,62300000
Toyota,Innova,2008,Automatic,Bensin,164108.0,Putih,Semarang,43400000
BMW,Seri 5,2020,Automatic,Bensin,58372.0,Hitam,Bali,584700000
Mitsubishi,Triton,2022,Manual,Diesel,59427.0,Abu-abu,Surabaya,316700000
Suzuki,Baleno,2021,Manual,Bensin,77103.0,Abu-abu,Makassar,143000000
Toyota,Rush,2013,Manual,Bensin,252819.0,Hitam,Surabaya,44200000
Toyota,Avanza,2023,Automatic,Bensin,1232.0,Abu-abu,Bali,194800000
Suzuki,Ertiga,2011,Manual,Bensin,131072.0,Biru,Yogyakarta,37800000
Daihatsu,Sigra,2016,Manual,Diesel,147165.0,Hitam,Semarang,43100000
Toyota,Yaris,2017,Automatic,Bensin,110889.0,Biru,Semarang,79400000
Suzuki,Baleno,2017,Automatic,Bensin,109206.0,Biru,Makassar,77600000
Toyota,Rush,2009,Manual,Bensin,203876.0,Merah,Makassar,29300000
Nissan,Livina,2019,Manual,Bensin,44339.0,Merah,Surabaya,103500000
Toyota,Fortuner,2012,Automatic,Diesel,98753.0,Biru,Yogyakarta,102200000
Daihatsu,Ayla,2015,Manual,Bensin,157038.0,Silver,Jakarta,32300000
Toyota,Calya,2008,Manual,Bensin,200212.0,Biru,Medan,16000000
Nissan,Livina,2013,Manual,Bensin,166793.0,Putih,Yogyakarta,39800000
Honda,BR-V,2011,Matic,Bensin,181608.0,Abu-abu,Bandung,39100000
Suzuki,Ertiga,2010,Manual,,,,Bandung,32400000
Mercedes-Benz,C-Class,2013,Automatic,Bensin,102156.0,Putih,Bandung,208500000
Suzuki,Baleno,2011,Manual,Bensin,55370.0,Biru,Makassar,38400000
Mercedes-Benz,C-Class,2012,Matic,Bensin,267305.0,Silver,Surabaya,148600000
Suzuki,Baleno,2013,Manual,Bensin,180517.0,Abu-abu,Semarang,43100000
Nissan,Grand Livina,2018,Automatic,Bensin,58895.0,Putih,Jakarta,93400000
Honda,HR-V,2023,Manual,Bensin,27794.0,Merah,Jakarta,282500000
Toyota,Avanza,2020,Automatic,Bensin,72188.0,Putih,Bandung,128300000
BMW,X5,2011,Matic,Diesel,294804.0,Silver,Surabaya,238800000
Daihatsu,Terios,2012,Manual,Bensin,210157.0,Putih,Surabaya,38000000
Toyota,Calya,2020,Manual,Bensin,75240.0,Biru,Semarang,95100000
Toyota,Avanza,2020,,,,,Bali,121200000
BMW,X5,2010,Automatic,Bensin,212042.0,Hitam,Bandung,212100000
Daihatsu,Xenia,2011,Automatic,Bensin,156295.0,Abu-abu,Jakarta,32700000
Toyota,Agya,2020,Automatic,,,,Yogyakarta,78300000
Toyota,Yaris,2010,Manual,Bensin,180665.0,Merah,Bali,30600000
Honda,Mobilio,2012,Manual,Bensin,189882.0,Abu-abu,Bandung,31200000
Nissan,X-Trail,2015,Automatic,Bensin,168871.0,Hitam,Surabaya,126000000
Mitsubishi,Triton,2009,Manual,Diesel,232515.0,Abu-abu,Jakarta,41400000
Mercedes-Benz,C-Class,2022,Automatic,Bensin,50134.0,Hitam,Semarang,642600000
Honda,BR-V,2022,Automatic,Bensin,55787.0,Putih,Medan,197200000
Toyota,Fortuner,2021,Manual,Bensin,69163.0,Abu-abu,Jakarta,296400000
Honda,Jazz,2009,MT,Bensin,126048.0,Abu-abu,Semarang,28600000
Toyota,Innova,2018,Manual,Bensin,100145.0,Merah,Makassar,151400000
Toyota,Fortuner,2022,Automatic,Bensin,72154.0,Hitam,Jakarta,434900000
Honda,HR-V,2014,Manual,Bensin,202167.0,Silver,Makassar,78500000
BMW,X5,2019,Automatic,Bensin,48370.0,Silver,Yogyakarta,663400000
Toyota,Calya,2020,Manual,Bensin,65109.0,Hitam,Medan,92600000
Toyota,Calya,2017,Manual,Bensin,82327.0,Silver,Jakarta,55000000
BMW,Seri 3,2022,Manual,Bensin,48471.0,Biru,Surabaya,566800000
Honda,Mobilio,2016,Manual,Bensin,126503.0,Silver,Bandung,61000000
Honda,City,2008,Manual,Bensin,313385.0,Hitam,Semarang,28300000
Suzuki,Baleno,2021,Manual,Bensin,69743.0,Hitam,Jakarta,157600000
Mercedes-Benz,E-Class,2021,Manual,Bensin,104331.0,Putih,Jakarta,716500000
Honda,Brio,2010,Manual,,,,Jakarta,18000000
Mitsubishi,Triton,2015,Automatic,Diesel,85277.0,Silver,Yogyakarta,133100000
Toyota,Innova,2012,Automatic,Bensin,130846.0,Silver,Surabaya,70500000
Toyota,Agya,2019,Manual,Bensin,94035.0,Merah,Bandung,67000000
Suzuki,Ignis,2014,Manual,Bensin,166736.0,Hitam,Surabaya,35700000
Honda,Jazz,2009,Matic,Bensin,392876.0,Abu-abu,Bali,22700000
Nissan,Livina,2021,MT,Bensin,77807.0,Hitam,Bandung,117800000
Toyota,Rush,2099,MT,Bensin,102925.0,Silver,Surabaya,96000000
Suzuki,Baleno,2009,Manual,Bensin,191427.0,Abu-abu,Surabaya,30000000
BMW,Seri 3,2017,Automatic,Bensin,174184.0,Putih,Jakarta,304200000
Nissan,Livina,2022,Manual,Diesel,64315.0,Putih,Medan,159700000
Honda,CR-V,2015,Automatic,Diesel,86208.0,Abu-abu,Semarang,146800000
Honda,Brio,2014,Automatic,Bensin,197803.0,Abu-abu,Makassar,36200000
Mitsubishi,Pajero Sport,2010,Matic,Diesel,143016.0,Merah,Semarang,74900000
Honda,Mobilio,2012,Automatic,Bensin,93336.0,Putih,Yogyakarta,40500000
Toyota,Rush,2014,Manual,Bensin,161497.0,Silver,Bandung,62800000
Honda,BR-V,2014,Manual,Bensin,109591.0,Hitam,Surabaya,59000000
Honda,CR-V,2021,Manual,Bensin,36961.0,Merah,Bandung,323400000
Toyota,Rush,2011,Manual,Bensin,184015.0,Hitam,Semarang,33000000
Toyota,Agya,2008,Manual,Bensin,188257.0,Silver,Jakarta,15200000
Toyota,Rush,2020,Manual,Bensin,82825.0,Silver,Bali,134900000
Suzuki,Baleno,2010,Manual,Bensin,233667.0,,Bali,32400000
Honda,BR-V,2023,Automatic,Bensin,15685.0,Silver,Bali,251800000
Honda,BR-V,2010,Manual,Bensin,250296.0,Silver,Semarang,32900000
Mitsubishi,Triton,2020,,,,,Bali,221700000
Toyota,Agya,2021,Manual,Bensin,55863.0,Abu-abu,Yogyakarta,88000000
Suzuki,Carry,2021,MT,Bensin,38941.0,Merah,Semarang,100000000
Toyota,Avanza,2013,Manual,Bensin,178815.0,Abu-abu,Yogyakarta,35500000
Honda,HR-V,2014,Manual,Bensin,68947.0,Putih,Makassar,89100000
Honda,BR-V,2020,Automatic,Bensin,47452.0,Putih,Yogyakarta,154100000
Daihatsu,Sigra,2020,Automatic,Bensin,70973.0,Merah,Semarang,90500000
Toyota,Yaris,2022,Automatic,Bensin,47647.0,Putih,Semarang,154200000
Suzuki,Ignis,2015,Manual,Bensin,126250.0,Hitam,Surabaya,49200000
Honda,BR-V,2021,MT,Bensin,51764.0,Silver,Yogyakarta,149400000
Mercedes-Benz,C-Class,2012,Automatic,Bensin,187477.0,Biru,Yogyakarta,176100000
Mercedes-Benz,GLA,2008,Automatic,Bensin,248484.0,Biru,Bali,71000000
Honda,CR-V,2008,Matic,Bensin,316153.0,Merah,Medan,38800000
Daihatsu,Sigra,2023,Manual,Bensin,34177.0,Merah,Medan,139700000
Daihatsu,Sigra,2020,MT,Bensin,68521.0,Hitam,Bali,86600000
Honda,Jazz,2011,Manual,Bensin,182240.0,Biru,Medan,34100000
Daihatsu,Gran Max,2017,Manual,Bensin,59131.0,Putih,Surabaya,62100000
Suzuki,XL7,2018,Automatic,Bensin,134378.0,Biru,Bali,100800000
Mitsubishi,Triton,2014,Manual,Bensin,129805.0,Abu-abu,Jakarta,86000000
Toyota,Calya,2014,Manual,Bensin,184042.0,Hitam,Medan,28800000
Toyota,Rush,2019,Automatic,Bensin,79946.0,Hitam,Semarang,119700000
Mitsubishi,Xpander,2010,Manual,Bensin,205254.0,Merah,Medan,28900000
Mercedes-Benz,E-Class,2019,Matic,Bensin,108339.0,Putih,Semarang,600400000
Mitsubishi,Triton,2018,Automatic,Bensin,69748.0,Abu-abu,Jakarta,177600000
BMW,Seri 5,2022,Automatic,Bensin,34181.0,Abu-abu,Surabaya,933900000
Toyota,Yaris,2010,Manual,Bensin,144970.0,Merah,Bali,28300000
Toyota,Avanza,2016,Manual,Diesel,149654.0,Abu-abu,Jakarta,73700000
Honda,HR-V,2023,Automatic,Bensin,38264.0,Merah,Bandung,320800000
Suzuki,Baleno,2008,Manual,Bensin,238697.0,Abu-abu,Jakarta,21100000
Mitsubishi,Xpander,2022,Manual,Diesel,44205.0,Putih,Semarang,206600000
Suzuki,Ignis,2008,MT,Bensin,280505.0,Merah,Medan,14700000
Toyota,Calya,2017,Automatic,Bensin,147681.0,Hitam,Jakarta,61700000
Daihatsu,Sigra,2008,Manual,Bensin,250298.0,Biru,Semarang,15400000
Toyota,Avanza,2013,Manual,Bensin,246738.0,Abu-abu,Medan,34700000
Toyota,Innova,2019,Automatic,Bensin,51605.0,Biru,Medan,160400000
Nissan,X-Trail,2008,MT,Bensin,205578.0,Putih,Surabaya,41400000
Toyota,Innova,2023,Automatic,Bensin,13025.0,Silver,Makassar,285600000
Suzuki,Carry,2014,Manual,Bensin,113882.0,Putih,Yogyakarta,34500000
Daihatsu,Xenia,2008,Automatic,Bensin,244951.0,Biru,Medan,19200000
Daihatsu,Sigra,2008,Automatic,Bensin,194608.0,Biru,Medan,15300000
Suzuki,XL7,2019,Manual,Bensin,50037.0,Putih,Jakarta,129800000
Daihatsu,Sigra,2015,Manual,Bensin,145656.0,Abu-abu,Semarang,35700000
Mitsubishi,Pajero Sport,2008,Automatic,Bensin,347682.0,Biru,Surabaya,50200000
Suzuki,Baleno,2022,Manual,Bensin,29446.0,Putih,Bandung,154100000
Toyota,Innova,2011,Manual,Diesel,261879.0,Hitam,Surabaya,54800000
BMW,Seri 5,2022,Automatic,Bensin,54068.0,Putih,Bandung,754300000
Honda,HR-V,2019,Automatic,Bensin,81069.0,Putih,Medan,169800000
Suzuki,Ertiga,2010,Manual,Bensin,112261.0,Putih,Yogyakarta,30900000
Toyota,Fortuner,2010,Manual,Diesel,190544.0,Hitam,Bali,68100000
Honda,Brio,2022,Manual,Bensin,52118.0,Abu-abu,Makassar,123200000
Honda,CR-V,2008,Manual,Bensin,202306.0,Hitam,Surabaya,50900000
Nissan,Grand Livina,2013,Manual,Bensin,190626.0,Abu-abu,Bali,36500000
Toyota,Agya,2013,Manual,Bensin,158828.0,Biru,Bandung,29400000
Mitsubishi,Triton,2012,Manual,Diesel,76825.0,Putih,Makassar,72500000
Daihatsu,Ayla,2010,Matic,Bensin,183676.0,Abu-abu,Jakarta,20700000
Suzuki,Carry,2021,Manual,Bensin,84162.0,Silver,Medan,90500000
Daihatsu,Gran Max,2014,Automatic,Bensin,213855.0,,Semarang,32200000
Daihatsu,Sigra,2020,Manual,Bensin,74232.0,Abu-abu,Yogyakarta,92900000
Toyota,Agya,2020,Manual,Diesel,100670.0,Merah,Medan,77500000
Toyota,Agya,2011,Manual,Bensin,274089.0,Hitam,Bali,20800000
Daihatsu,Sigra,2008,Automatic,Diesel,200012.0,Merah,Jakarta,17900000
Toyota,Yaris,2023,Manual,Diesel,,,Semarang,214300000
Toyota,Calya,2020,Manual,Bensin,80756.0,Abu-abu,Bandung,91000000
Toyota,Innova,2023,Automatic,,,,Surabaya,332300000
Honda,Mobilio,2008,Automatic,Bensin,387628.0,Hitam,Yogyakarta,15900000
Suzuki,XL7,2016,Manual,Bensin,113939.0,Silver,Surabaya,84800000
Toyota,Calya,2015,Automatic,Bensin,132597.0,Merah,Medan,46200000
Toyota,Avanza,2015,Automatic,Bensin,123400.0,Silver,Bandung,61700000
Honda,CR-V,2011,Automatic,Bensin,164455.0,Hitam,Semarang,74300000
Suzuki,Carry,2009,Manual,Bensin,125112.0,Biru,Bali,18700000
BMW,X5,2020,Automatic,Bensin,36834.0,Abu-abu,Surabaya,858300000
Suzuki,Baleno,2010,Automatic,Bensin,178492.0,Putih,Bali,32200000
Toyota,Agya,2010,Manual,Bensin,233038.0,Putih,Makassar,17700000
BMW,X5,2010,Automatic,Bensin,260861.0,Hitam,Jakarta,188200000
Suzuki,Ertiga,2010,Matic,Bensin,211196.0,Silver,Makassar,30900000
Honda,Brio,2019,Automatic,Bensin,90879.0,Biru,Yogyakarta,78600000
Toyota,Agya,2017,Manual,Bensin,169430.0,Biru,Semarang,45400000
Mitsubishi,Pajero Sport,2021,Automatic,Bensin,52067.0,Silver,Bali,423800000
Suzuki,Carry,2010,Manual,Bensin,180789.0,Merah,Jakarta,18900000
Toyota,Rush,2012,Manual,Bensin,215079.0,Biru,Surabaya,40700000
BMW,Seri 3,2020,Automatic,Bensin,56210.0,Hitam,Semarang,472400000
Toyota,Agya,2023,Automatic,Bensin,,,Bandung,135900000
Honda,City,2017,Manual,Bensin,136119.0,Merah,Jakarta,114000000
Toyota,Rush,2015,Manual,Bensin,76775.0,Putih,Yogyakarta,75900000
Honda,Jazz,2022,Automatic,Bensin,46348.0,Biru,Jakarta,198200000
Honda,CR-V,2020,Manual,Diesel,30038.0,Abu-abu,Surabaya,267700000
Toyota,Calya,2018,Manual,Bensin,69029.0,Biru,Jakarta,67800000
Honda,City,2022,Manual,Bensin,46639.0,Silver,Medan,220200000
Suzuki,Ertiga,2019,Automatic,Bensin,73062.0,Merah,Medan,116000000
BMW,X5,2017,MT,Bensin,126325.0,Putih,Surabaya,533100000
Daihatsu,Ayla,2022,Automatic,Bensin,,,Surabaya,107300000
Daihatsu,Xenia,2014,Automatic,Bensin,77492.0,Silver,Bandung,50900000
Honda,CR-V,2016,Automatic,Bensin,184030.0,Biru,Surabaya,157400000
Mercedes-Benz,E-Class,2010,Manual,Bensin,238430.0,Merah,Jakarta,139100000
Suzuki,Ertiga,2021,Manual,Bensin,32903.0,Putih,Yogyakarta,146400000
Mitsubishi,Xpander,2019,Manual,Bensin,133049.0,Abu-abu,Bandung,109500000
Honda,CR-V,2016,Automatic,Bensin,123240.0,Putih,Bandung,132100000
Honda,BR-V,2008,,,,,Bandung,23100000
Honda,Brio,2020,Automatic,Bensin,79879.0,Biru,Bali,91200000
Suzuki,XL7,2014,Automatic,Bensin,153077.0,Silver,Yogyakarta,61400000
BMW,Seri 3,2015,,,,,Yogyakarta,211900000
Daihatsu,Ayla,2008,Manual,Bensin,189727.0,Abu-abu,Bali,13900000
Honda,Jazz,2022,Manual,Bensin,71049.0,Abu-abu,Bandung,154700000
Honda,Mobilio,2022,Automatic,Bensin,45242.0,Hitam,Bandung,161200000
Toyota,Avanza,2023,Manual,Bensin,26963.0,Hitam,Medan,178700000
Suzuki,Ertiga,2016,Manual,Bensin,147886.0,Biru,Jakarta,71400000
Suzuki,Carry,2009,Manual,Bensin,45166.0,Hitam,Bandung,19000000
Toyota,Yaris,2013,Automatic,Bensin,149536.0,Abu-abu,Jakarta,51700000
Suzuki,Baleno,2014,Automatic,Bensin,181360.0,Putih,Semarang,59900000
Mitsubishi,Xpander,2010,Manual,Bensin,164319.0,Hitam,Semarang,32800000
Toyota,Rush,2008,Manual,Bensin,296101.0,Hitam,Makassar,22600000
Suzuki,XL7,2013,Manual,Bensin,110481.0,Abu-abu,Medan,58600000
Nissan,X-Trail,2019,Manual,Diesel,22332.0,Abu-abu,Medan,216900000
Nissan,X-Trail,2008,Automatic,Diesel,304510.0,Biru,Medan,40700000
Mitsubishi,Xpander,2021,Automatic,Bensin,69930.0,Abu-abu,Makassar,161500000
Daihatsu,Gran Max,2012,Manual,Bensin,148536.0,,Bali,27000000
Mitsubishi,Pajero Sport,2012,Manual,Diesel,213325.0,Abu-abu,Surabaya,101700000
Suzuki,XL7,2016,Automatic,Bensin,131838.0,Merah,Makassar,88300000
Toyota,Innova,2016,Automatic,Diesel,109494.0,,Bali,119900000
Suzuki,Baleno,2009,Manual,Diesel,267673.0,Biru,Bandung,23300000
Toyota,Rush,2018,Automatic,Bensin,53680.0,Silver,Bali,117200000
Mercedes-Benz,GLA,2018,Automatic,Bensin,115651.0,Merah,Bali,336300000
Honda,Mobilio,2015,Automatic,Bensin,263094.0,Abu-abu,Jakarta,54700000
Toyota,Innova,2023,Manual,Bensin,2924.0,Hitam,Medan,342300000
Toyota,Rush,2009,Manual,Bensin,234127.0,Merah,Yogyakarta,24900000
Toyota,Calya,2017,Manual,Diesel,115752.0,Silver,Makassar,62600000
Toyota,Avanza,2008,Manual,Bensin,200215.0,Silver,Yogyakarta,20000000
Daihatsu,Sigra,2012,MT,Bensin,234647.0,Hitam,Bandung,24900000
Nissan,Grand Livina,2022,Manual,Bensin,29122.0,Merah,Makassar,151300000
Toyota,Calya,2015,Automatic,Bensin,141154.0,Silver,Medan,41400000
Toyota,Yaris,2017,Manual,Bensin,115796.0,Merah,Surabaya,87100000
Mitsubishi,Pajero Sport,2015,Automatic,Diesel,131502.0,Abu-abu,Yogyakarta,172300000
Honda,Jazz,2019,Manual,Bensin,110292.0,Silver,Surabaya,120500000
Toyota,Agya,2022,Manual,Diesel,22138.0,Silver,Surabaya,122000000
Honda,CR-V,2017,Manual,Bensin,125585.0,Biru,Semarang,160500000
Suzuki,Ertiga,2023,Manual,Bensin,36624.0,Biru,Medan,187900000
Mitsubishi,Triton,2022,Matic,Diesel,46746.0,Biru,Yogyakarta,306000000
Toyota,Fortuner,2016,Automatic,Diesel,104011.0,Silver,Jakarta,194600000
Mitsubishi,Xpander,2018,Automatic,Bensin,88298.0,Abu-abu,Jakarta,113600000
Nissan,Livina,2020,Automatic,Bensin,52632.0,Merah,Bandung,132600000
Toyota,Rush,2010,Manual,Bensin,242138.0,Hitam,Bandung,30000000
Toyota,Agya,2011,Automatic,Bensin,248052.0,Biru,Makassar,20000000
Daihatsu,Xenia,2013,Manual,Bensin,177839.0,Biru,Bali,41500000
Toyota,Calya,2009,Manual,Bensin,177758.0,Silver,Makassar,18200000
Honda,CR-V,2022,Automatic,Bensin,27788.0,Putih,Jakarta,336800000
Honda,BR-V,2019,Automatic,Bensin,73742.0,Silver,Bali,142900000
Honda,BR-V,2010,Manual,Bensin,211457.0,Merah,Medan,35400000
Toyota,Rush,2013,Manual,Bensin,147900.0,Putih,Jakarta,52100000
Suzuki,Ignis,2020,Manual,Bensin,71361.0,Hitam,Yogyakarta,74400000
Honda,BR-V,2022,Automatic,Bensin,55508.0,Hitam,Semarang,200900000
Toyota,Agya,2018,Manual,Bensin,87183.0,Putih,Semarang,62500000
Toyota,Innova,2021,Matic,Bensin,43558.0,Putih,Makassar,249100000
Honda,HR-V,2016,Automatic,Bensin,80937.0,Merah,Semarang,110600000
Toyota,Innova,2023,Manual,Bensin,35964.0,Abu-abu,Semarang,298000000
Toyota,Fortuner,2020,Automatic,Bensin,60705.0,Merah,Medan,275400000
Suzuki,Ertiga,2023,Manual,Bensin,30464.0,Putih,Semarang,172700000
BMW,X5,2022,Automatic,Bensin,34378.0,,Bandung,1074900000
Daihatsu,Xenia,2015,Manual,Bensin,95442.0,Putih,Medan,53900000
Daihatsu,Xenia,2008,Manual,Bensin,288301.0,Merah,Medan,17800000
Honda,Brio,2008,Manual,Bensin,478175.0,Biru,Yogyakarta,10500000
Honda,CR-V,2016,Automatic,Bensin,138672.0,Hitam,Bandung,148900000
Toyota,Fortuner,2020,Manual,Diesel,71247.0,Abu-abu,Surabaya,299200000
Mercedes-Benz,C-Class,2023,Automatic,Bensin,24481.0,,Bandung,704900000
Daihatsu,Ayla,2022,Manual,Bensin,80547.0,Abu-abu,Bali,92700000
Honda,CR-V,2012,Automatic,Bensin,198267.0,Merah,Surabaya,69500000
Honda,BR-V,2009,MT,Bensin,291666.0,Silver,Makassar,21700000
BMW,Seri 5,2016,Automatic,Bensin,114486.0,Merah,Surabaya,380100000
Toyota,Fortuner,2016,Automatic,Diesel,139427.0,Putih,Surabaya,165100000
Daihatsu,Ayla,2013,MT,Bensin,204721.0,Biru,Makassar,25000000
Honda,Brio,2014,Manual,Diesel,166791.0,Abu-abu,Medan,36300000
Honda,Mobilio,2021,Manual,Bensin,62862.0,Silver,Surabaya,130300000
Toyota,Innova,2016,Manual,Bensin,139956.0,Abu-abu,Jakarta,101700000
BMW,Seri 3,2016,Automatic,Bensin,128759.0,Biru,Makassar,286300000
Honda,Jazz,2013,Automatic,Bensin,229114.0,Merah,Semarang,44800000
Suzuki,Ertiga,2020,Manual,Diesel,88117.0,Abu-abu,Bandung,122600000
Toyota,Avanza,2012,Manual,Bensin,249733.0,Biru,Semarang,28000000
Honda,HR-V,2017,Manual,Bensin,128911.0,Putih,Makassar,110200000
Toyota,Agya,2020,MT,Bensin,145161.0,Biru,Makassar,68800000
Mercedes-Benz,E-Class,2014,Automatic,Bensin,185391.0,Abu-abu,Medan,274600000
Suzuki,Carry,2017,Automatic,Diesel,78293.0,Silver,Surabaya,57900000
Daihatsu,Sigra,2013,Automatic,Bensin,223537.0,Abu-abu,Yogyakarta,33200000
Honda,Brio,2012,Manual,Bensin,286097.0,Biru,Bali,27400000
Daihatsu,Terios,2019,Manual,Bensin,70447.0,,Makassar,111900000
Mitsubishi,Pajero Sport,2023,Automatic,Bensin,18377.0,Silver,Makassar,541200000
BMW,X5,2011,Automatic,Bensin,233131.0,Hitam,Yogyakarta,189200000
Toyota,Innova,2019,Manual,Bensin,63676.0,Silver,Yogyakarta,164000000
Toyota,Yaris,2023,Manual,Bensin,,,Surabaya,200000000
Toyota,Fortuner,2021,Manual,Diesel,58967.0,Abu-abu,Jakarta,361400000
Suzuki,Baleno,2015,Manual,Bensin,101317.0,Silver,Bali,63000000
Suzuki,XL7,2008,Automatic,Bensin,280329.0,Putih,Medan,23100000
Toyota,Yaris,2014,Manual,Bensin,244555.0,Biru,Surabaya,48400000
Toyota,Fortuner,2009,Manual,Bensin,271312.0,Biru,Bali,52000000
BMW,Seri 3,2022,Automatic,Bensin,48222.0,Putih,Bandung,680700000
Suzuki,Ertiga,2020,Manual,Bensin,82713.0,Biru,Semarang,115300000
Mercedes-Benz,E-Class,2013,Automatic,Bensin,142489.0,Merah,Jakarta,282900000
Daihatsu,Terios,2022,Automatic,Bensin,23318.0,Merah,Medan,179800000
Honda,City,2017,Manual,Bensin,89372.0,Merah,Semarang,114800000
Toyota,Yaris,2018,Manual,Bensin,97432.0,Abu-abu,Bali,101800000
Toyota,Yaris,2011,Automatic,Bensin,242830.0,Putih,Bali,33100000
Toyota,Yaris,2021,Automatic,Bensin,,,Bandung,168800000
Toyota,Agya,2019,Automatic,Bensin,115904.0,Merah,Makassar,70100000
Daihatsu,Gran Max,2021,Manual,Bensin,49728.0,Merah,Bali,90800000
Daihatsu,Ayla,2010,Manual,Bensin,124032.0,Silver,Bali,18100000
Toyota,Innova,2011,Matic,Bensin,186423.0,Merah,Bali,49000000
Toyota,Innova,2018,Automatic,Bensin,58517.0,Putih,Jakarta,164300000
Mercedes-Benz,E-Class,2018,Automatic,Bensin,89480.0,Abu-abu,Yogyakarta,550000000
Mercedes-Benz,E-Class,2013,Automatic,Bensin,130691.0,Hitam,Bandung,292300000
Suzuki,Carry,2016,Manual,Bensin,118897.0,Merah,Yogyakarta,44300000
Toyota,Yaris,2013,Manual,Bensin,172224.0,Merah,Surabaya,51200000
Honda,Brio,2014,Manual,Bensin,172442.0,Abu-abu,Semarang,35300000
Mitsubishi,Pajero Sport,2012,Automatic,Diesel,174722.0,Silver,Makassar,118100000
Toyota,Innova,2015,Automatic,Bensin,107572.0,Merah,Surabaya,113100000
Suzuki,Ertiga,2019,MT,Bensin,62514.0,Biru,Semarang,102700000
Mercedes-Benz,GLA,2020,Automatic,Bensin,61179.0,,Jakarta,506200000
Toyota,Rush,2011,Manual,Bensin,274677.0,Merah,Jakarta,31100000
Suzuki,Ertiga,2012,Manual,Bensin,68779.0,Biru,Makassar,44000000
Daihatsu,Ayla,2011,Automatic,Bensin,230779.0,Putih,Makassar,18800000
Toyota,Calya,2020,Manual,Bensin,60755.0,Putih,Bandung,86000000
Mitsubishi,Triton,2016,Automatic,Diesel,105005.0,Abu-abu,Surabaya,136200000
Honda,CR-V,2011,Manual,Bensin,133752.0,Silver,Semarang,78400000
Mitsubishi,Xpander,2014,Manual,Bensin,62937.0,Abu-abu,Bandung,68100000
Toyota,Rush,2010,Automatic,Bensin,241694.0,Abu-abu,Makassar,25300000
Toyota,Rush,2019,Manual,Bensin,103583.0,Merah,Semarang,102000000
Suzuki,Ignis,2018,Manual,Bensin,115232.0,Biru,Semarang,64900000
Toyota,Rush,2008,Automatic,Bensin,252296.0,Abu-abu,Makassar,26400000
Toyota,Calya,2013,Automatic,Bensin,185250.0,Merah,Bali,33900000
Mercedes-Benz,GLA,2022,Automatic,Bensin,54012.0,Biru,Semarang,570900000
Honda,Jazz,2011,Manual,Bensin,184156.0,,Surabaya,39400000
Toyota,Yaris,2016,Automatic,Bensin,120947.0,Abu-abu,Bandung,78400000
Suzuki,XL7,2015,,,,,Yogyakarta,65600000
Suzuki,Carry,2022,Manual,Bensin,55605.0,Merah,Medan,114000000
Suzuki,Carry,2022,Manual,Bensin,31580.0,Merah,Surabaya,108900000
Nissan,X-Trail,2022,Manual,Diesel,38593.0,Abu-abu,Bali,302500000
BMW,Seri 3,2022,Automatic,Bensin,49250.0,Silver,Semarang,563800000
Toyota,Rush,2019,Manual,Bensin,111840.0,Putih,Semarang,112000000
Toyota,Rush,2015,Automatic,Bensin,174366.0,Biru,Surabaya,66000000
Mitsubishi,Triton,2018,Manual,Diesel,135496.0,Putih,Jakarta,149500000
Toyota,Agya,2017,Automatic,Bensin,97893.0,Putih,Semarang,51600000
Toyota,Calya,2019,Automatic,Bensin,66860.0,Hitam,Surabaya,80900000
Suzuki,Ertiga,2012,Manual,Bensin,152608.0,Putih,Makassar,43300000
Honda,Jazz,2016,Manual,Bensin,160766.0,Biru,Jakarta,70900000
Honda,City,2016,Automatic,Bensin,125257.0,Abu-abu,Bandung,100400000
Daihatsu,Terios,2012,MT,Bensin,70925.0,Merah,Surabaya,49100000
BMW,Seri 5,2022,Automatic,Bensin,61745.0,Hitam,Jakarta,822000000
Daihatsu,Xenia,2011,Automatic,Bensin,87051.0,Putih,Surabaya,37800000
Nissan,Grand Livina,2008,Manual,Diesel,283843.0,Merah,Medan,18100000
Mercedes-Benz,E-Class,2023,Automatic,Bensin,39917.0,Biru,Bali,1144400000
Honda,City,2014,Manual,Bensin,101598.0,Hitam,Semarang,72200000
Suzuki,XL7,2013,Manual,Bensin,223168.0,Biru,Semarang,45800000
Honda,BR-V,2011,Automatic,Bensin,250893.0,Hitam,Medan,38500000
Honda,Brio,2011,Manual,Bensin,238298.0,Hitam,Medan,23600000
Daihatsu,Terios,2009,Automatic,Bensin,237020.0,Hitam,Yogyakarta,29200000
Honda,Mobilio,2018,Automatic,Diesel,134642.0,Abu-abu,Semarang,89000000
Honda,CR-V,2016,Matic,Bensin,136857.0,Silver,Medan,156600000
Honda,City,2015,Manual,Bensin,121751.0,Abu-abu,Bali,84000000
Daihatsu,Xenia,2010,Manual,Bensin,299426.0,Putih,Yogyakarta,21300000
Toyota,Yaris,2013,Automatic,Bensin,205457.0,Abu-abu,Bali,45500000
Toyota,Yaris,2019,Manual,Bensin,85510.0,Putih,Bandung,105300000
Mitsubishi,Xpander,2015,Manual,Bensin,169918.0,Hitam,Bali,69200000
Daihatsu,Ayla,2012,Manual,Diesel,255522.0,Hitam,Makassar,21200000
Toyota,Rush,2015,Automatic,Bensin,137537.0,Biru,Bandung,63900000
Suzuki,XL7,2023,Manual,Bensin,29103.0,Biru,Makassar,211800000
Toyota,Fortuner,2023,Automatic,Bensin,19858.0,Biru,Semarang,492400000
Honda,Brio,2023,Matic,Bensin,34287.0,,Makassar,137500000
Suzuki,Carry,2016,Manual,Diesel,162901.0,Biru,Jakarta,49200000
Toyota,Avanza,2014,Automatic,Bensin,191284.0,Abu-abu,Medan,49200000
Daihatsu,Terios,2010,Manual,Bensin,270397.0,Silver,Bandung,28100000
Toyota,Calya,2023,Manual,Bensin,18555.0,Abu-abu,Surabaya,140100000
Toyota,Rush,2008,Automatic,Bensin,265768.0,Biru,Jakarta,24300000
BMW,Seri 5,2010,Automatic,Bensin,247016.0,Putih,Bandung,140400000
Honda,CR-V,2011,Automatic,Bensin,319645.0,Silver,Yogyakarta,60900000
Toyota,Agya,2012,Automatic,Bensin,151565.0,Abu-abu,Bali,27600000
Mitsubishi,Triton,2013,Automatic,Diesel,155037.0,Silver,Yogyakarta,75400000
Daihatsu,Terios,2015,Automatic,Bensin,121401.0,Hitam,Jakarta,59200000
Honda,City,2021,Automatic,Bensin,54178.0,Putih,Medan,209300000
Toyota,Agya,2023,Manual,Bensin,17093.0,Abu-abu,Makassar,117400000
Honda,Brio,2012,Manual,Bensin,90055.0,Biru,Jakarta,30400000
Daihatsu,Ayla,2016,Automatic,Bensin,109380.0,Abu-abu,Yogyakarta,47300000
Daihatsu,Gran Max,2018,Manual,Bensin,104531.0,Hitam,Makassar,53800000
Toyota,Agya,2017,Manual,Bensin,139195.0,Merah,Bandung,47700000
Daihatsu,Sigra,2008,Automatic,Bensin,440566.0,Putih,Jakarta,11100000
Toyota,Agya,2011,Manual,Bensin,244900.0,Biru,Bandung,23600000
Mercedes-Benz,GLA,2009,Automatic,Bensin,365041.0,Biru,Medan,60600000
Suzuki,XL7,2023,Manual,Bensin,25218.0,Biru,Surabaya,198700000
Nissan,Grand Livina,2008,Manual,Bensin,202458.0,Silver,Medan,19800000
Mitsubishi,Xpander,2019,Manual,Bensin,91106.0,Merah,Bali,103200000
Mitsubishi,Triton,2012,,,,,Bali,67500000
Mercedes-Benz,GLA,2018,Manual,Bensin,94227.0,Hitam,Bandung,323000000
Mercedes-Benz,C-Class,2014,Automatic,Bensin,181683.0,Merah,Semarang,210600000
BMW,X5,2022,Automatic,Bensin,47153.0,Hitam,Yogyakarta,1122300000
Mitsubishi,Xpander,2009,Automatic,Bensin,277288.0,Silver,Yogyakarta,25200000
BMW,X5,2011,Automatic,Bensin,210835.0,Merah,Bandung,208600000
Mitsubishi,Xpander,2015,Manual,Bensin,243683.0,Hitam,Jakarta,60000000
Honda,City,2015,Automatic,Bensin,126356.0,Abu-abu,Medan,87300000
Honda,Brio,2013,Manual,Bensin,151292.0,Hitam,Makassar,36100000
Daihatsu,Sigra,2014,Manual,Bensin,148281.0,Biru,Makassar,35000000
Toyota,Agya,2011,,,,,Surabaya,22400000
Mercedes-Benz,E-Class,2023,Automatic,Bensin,42958.0,Abu-abu,Makassar,1067500000
Toyota,Yaris,2019,Manual,Bensin,67565.0,Merah,Medan,110700000
Suzuki,Ignis,2009,Manual,Bensin,272067.0,Abu-abu,Jakarta,17800000
Mercedes-Benz,E-Class,2010,Automatic,Bensin,184550.0,Merah,Surabaya,193700000
Nissan,Livina,2022,Manual,Bensin,32222.0,Biru,Bali,150600000
Suzuki,Carry,2012,Manual,Bensin,214500.0,Abu-abu,Medan,22800000
Toyota,Yaris,2012,Automatic,Bensin,161716.0,Abu-abu,Semarang,46300000
BMW,X5,2020,Automatic,Bensin,94937.0,Merah,Semarang,841200000
Toyota,Agya,2011,Manual,Bensin,241554.0,Merah,Surabaya,20400000
Honda,Brio,2019,Automatic,Bensin,31001.0,Merah,Bandung,72600000
Mitsubishi,Xpander,2013,Manual,Bensin,236700.0,Merah,Bandung,48300000
Honda,BR-V,2016,Automatic,Bensin,115931.0,Abu-abu,Bandung,74100000
Daihatsu,Xenia,2021,,,,,Semarang,121300000
Honda,HR-V,2019,Manual,Bensin,98460.0,Biru,Jakarta,152800000
Suzuki,Ertiga,2016,Manual,Bensin,164703.0,Biru,Medan,65100000
Suzuki,Carry,2018,Manual,Bensin,92896.0,Putih,Surabaya,67500000
Honda,Brio,2023,Manual,Bensin,12232.0,Putih,Bandung,132900000
Toyota,Yaris,2008,Automatic,Bensin,317610.0,Biru,Medan,19900000
BMW,Seri 3,2012,Automatic,Bensin,174801.0,Putih,Semarang,155800000
Toyota,Innova,2010,Manual,Bensin,214612.0,Merah,Semarang,46900000
Toyota,Yaris,2019,MT,Bensin,72444.0,Abu-abu,Bandung,123900000
Toyota,Innova,2018,Manual,Bensin,121109.0,Silver,Medan,154300000
Toyota,Calya,2010,Manual,Bensin,181984.0,Abu-abu,Bali,21900000
Nissan,Grand Livina,2011,Manual,Bensin,203412.0,Abu-abu,Semarang,28800000
BMW,X5,2015,Automatic,Bensin,143435.0,Putih,Semarang,435300000
BMW,Seri 3,2021,Automatic,Bensin,37875.0,Putih,Bandung,589500000
Toyota,Rush,2008,Manual,Bensin,172863.0,Merah,Yogyakarta,25000000
Mitsubishi,Pajero Sport,2014,Automatic,Bensin,229346.0,Silver,Bali,123600000
Toyota,Rush,2012,Manual,Diesel,237685.0,Hitam,Bandung,47700000
Toyota,Fortuner,2018,Manual,Bensin,63229.0,Silver,Makassar,241000000
Toyota,Agya,2019,,,,,Yogyakarta,67100000
Mitsubishi,Pajero Sport,2012,Automatic,Bensin,244131.0,Biru,Surabaya,83300000
Daihatsu,Ayla,2015,Manual,Bensin,156728.0,Biru,Medan,37600000
Nissan,X-Trail,2017,Manual,Bensin,139207.0,Abu-abu,Makassar,144700000
Toyota,Fortuner,2008,Automatic,Diesel,150073.0,Silver,Yogyakarta,57100000
Honda,Jazz,2017,Manual,Bensin,139209.0,Biru,Medan,83200000
Daihatsu,Gran Max,2023,Manual,Bensin,36318.0,Merah,Medan,131100000
Toyota,Avanza,2015,Manual,Bensin,124937.0,Putih,Bandung,58700000
Honda,City,2020,MT,Diesel,84683.0,Abu-abu,Jakarta,168800000
Honda,City,2010,Automatic,Diesel,216490.0,Silver,Bandung,42300000
Toyota,Rush,2023,Automatic,Bensin,31147.0,Hitam,Yogyakarta,233100000
Toyota,Avanza,2016,Automatic,Bensin,124953.0,Putih,Bandung,63200000
Honda,Jazz,2008,Automatic,Bensin,337448.0,Abu-abu,Semarang,21800000
Mercedes-Benz,C-Class,2020,Automatic,Bensin,74736.0,Abu-abu,Bandung,513600000
Honda,HR-V,2011,Automatic,Bensin,114017.0,Putih,Bandung,58300000
Toyota,Agya,2012,Manual,Bensin,241829.0,Biru,Yogyakarta,20900000
Honda,Mobilio,2008,Manual,Diesel,232495.0,Hitam,Yogyakarta,21500000
Honda,CR-V,2014,Automatic,Bensin,94588.0,Hitam,Yogyakarta,114200000
Toyota,Innova,2013,Automatic,Bensin,141368.0,Silver,Bali,81100000
Suzuki,Ertiga,2010,Matic,Bensin,249901.0,Biru,Bali,28900000
Honda,CR-V,2018,Manual,Bensin,66342.0,Putih,Surabaya,160900000
Honda,Jazz,2012,,,,,Bandung,34600000
Toyota,Innova,2014,Manual,Bensin,119608.0,Hitam,Jakarta,90500000
Mitsubishi,Triton,2009,Automatic,,,,Semarang,37600000
Honda,BR-V,2010,Manual,Diesel,156521.0,Silver,Jakarta,35600000
Nissan,X-Trail,2010,Automatic,Bensin,257341.0,Hitam,Surabaya,41900000
Honda,CR-V,2022,Automatic,Bensin,48037.0,Abu-abu,Medan,366600000
Nissan,X-Trail,2020,Manual,Diesel,60214.0,Hitam,Makassar,226100000
Toyota,Agya,2017,Manual,Bensin,72308.0,Hitam,Bandung,56400000
Suzuki,Baleno,2015,Automatic,Bensin,195892.0,Putih,Bandung,55400000
Daihatsu,Xenia,2018,Manual,Diesel,108678.0,Biru,Bandung,83000000
Toyota,Yaris,2014,Manual,Bensin,210622.0,Hitam,Jakarta,46700000
Toyota,Fortuner,2008,Automatic,Diesel,301791.0,Biru,Jakarta,51800000
Toyota,Avanza,2017,Automatic,Bensin,144128.0,Abu-abu,Jakarta,84900000
Suzuki,XL7,2014,Automatic,Bensin,202155.0,Silver,Makassar,64600000
Honda,Jazz,2022,Manual,Bensin,48586.0,Biru,Makassar,198500000
Daihatsu,Ayla,2021,Manual,Bensin,54278.0,Biru,Yogyakarta,71400000
Mitsubishi,Xpander,2021,Manual,Bensin,92295.0,Biru,Jakarta,163900000
Suzuki,Ertiga,2011,Automatic,,,,Jakarta,34700000
Mercedes-Benz,GLA,2013,Manual,Bensin,172387.0,Hitam,Yogyakarta,163400000
Suzuki,Baleno,2021,Manual,Bensin,50858.0,Silver,Medan,142900000
Daihatsu,Gran Max,2014,Manual,Bensin,172710.0,Silver,Semarang,30600000
Suzuki,Carry,2015,Manual,Bensin,138472.0,Silver,Surabaya,41600000
Toyota,Agya,2016,Automatic,Bensin,122269.0,Merah,Semarang,46300000
Daihatsu,Ayla,2017,Automatic,Bensin,96361.0,Hitam,Makassar,51500000
Daihatsu,Terios,2008,Manual,Bensin,137133.0,Hitam,Semarang,25400000
Nissan,X-Trail,2016,Automatic,Bensin,154976.0,Hitam,Bandung,132200000
Honda,Mobilio,2022,Automatic,Bensin,47564.0,Merah,Bandung,143400000
Suzuki,Ertiga,2019,Automatic,Bensin,24100.0,Hitam,Surabaya,123300000
Honda,HR-V,2018,,,,,Surabaya,134500000
Mercedes-Benz,GLA,2022,Matic,Bensin,37670.0,Silver,Bandung,590500000
Toyota,Innova,2008,Automatic,Bensin,293186.0,Putih,Bandung,33500000
Daihatsu,Sigra,2020,Manual,Bensin,68359.0,Silver,Semarang,88500000
Mitsubishi,Xpander,2012,Manual,Bensin,280871.0,Merah,Bali,38800000
Suzuki,Ertiga,2021,Manual,Bensin,50746.0,Merah,Semarang,146900000
Toyota,Yaris,2018,Manual,Bensin,41772.0,Abu-abu,Bali,93900000
Nissan,Grand Livina,2016,Automatic,Bensin,121866.0,Putih,Semarang,55200000
Honda,HR-V,2017,Manual,Bensin,119137.0,Biru,Makassar,118900000
Honda,CR-V,2022,Matic,Diesel,43014.0,Biru,Medan,375000000
Toyota,Fortuner,2013,Automatic,Diesel,221435.0,Putih,Bali,100900000
Suzuki,XL7,2013,Automatic,Bensin,193764.0,Merah,Bali,52200000
Toyota,Yaris,2011,Manual,Bensin,215370.0,Biru,Medan,33800000
Suzuki,Carry,2015,Manual,,,,Bandung,35800000
Honda,BR-V,2014,Automatic,Bensin,177879.0,Hitam,Bali,55900000
Toyota,Avanza,2009,Automatic,Bensin,234907.0,Hitam,Medan,21400000
Daihatsu,Terios,2021,Automatic,Bensin,66075.0,Biru,Medan,158900000
Honda,Brio,2012,Manual,Bensin,188281.0,Merah,Bandung,29400000
Toyota,Calya,2011,Automatic,Bensin,17130.0,Silver,Makassar,24700000
Toyota,Yaris,2020,Manual,Bensin,116482.0,Merah,Makassar,139800000
Nissan,X-Trail,2020,Manual,Bensin,59739.0,Biru,Bali,195300000
Toyota,Rush,2019,MT,Bensin,53966.0,Silver,Yogyakarta,111300000
Mitsubishi,Pajero Sport,2010,Manual,Diesel,154609.0,,Bali,86300000
Toyota,Avanza,2020,Manual,Diesel,103099.0,Biru,Medan,110600000
Mitsubishi,Xpander,2021,Automatic,Bensin,24997.0,Merah,Surabaya,211800000
Daihatsu,Sigra,2014,Manual,Bensin,88460.0,Merah,Semarang,34500000
Daihatsu,Gran Max,2009,Automatic,Diesel,154078.0,Merah,Semarang,21900000
Mitsubishi,Pajero Sport,2011,Automatic,Bensin,164329.0,Putih,Yogyakarta,80200000
Nissan,Livina,2008,Manual,Bensin,302843.0,Putih,Surabaya,18300000
Nissan,X-Trail,2022,Automatic,Diesel,28361.0,Biru,Yogyakarta,373000000
Honda,HR-V,2019,Automatic,Bensin,34098.0,Putih,Bali,195300000
Daihatsu,Sigra,2013,Manual,Bensin,192852.0,Putih,Yogyakarta,32500000
Honda,BR-V,2015,Automatic,Diesel,114458.0,,Bali,75500000
Toyota,Rush,2020,Manual,Diesel,46671.0,Abu-abu,Medan,144900000
Mitsubishi,Triton,2020,Automatic,Bensin,81980.0,Merah,Jakarta,242500000
Toyota,Agya,2020,Manual,Bensin,80425.0,Abu-abu,Surabaya,84100000
Suzuki,Baleno,2015,Automatic,Bensin,114676.0,Biru,Jakarta,71000000
Nissan,X-Trail,2015,Automatic,Diesel,131416.0,Putih,Jakarta,135300000
Honda,Brio,2012,Manual,Bensin,175204.0,Hitam,Bali,26700000
Mitsubishi,Triton,2012,Manual,Diesel,221690.0,Merah,Semarang,61000000
Nissan,X-Trail,2019,Automatic,Diesel,73920.0,Biru,Semarang,205900000
Honda,HR-V,2020,Automatic,Bensin,68521.0,Abu-abu,Makassar,188000000
Honda,Mobilio,2012,Automatic,Bensin,104642.0,Merah,Makassar,41100000
Honda,Mobilio,2008,Manual,Bensin,236614.0,Putih,Yogyakarta,20300000
Daihatsu,Terios,2013,MT,Bensin,180828.0,Merah,Jakarta,42300000
Suzuki,XL7,2012,Manual,Bensin,118644.0,Silver,Makassar,48100000
Daihatsu,Gran Max,2010,Manual,Diesel,250199.0,Silver,Bali,18100000
Daihatsu,Xenia,2013,Automatic,Bensin,144888.0,Silver,Bali,36900000
Toyota,Agya,2013,Automatic,Bensin,154779.0,Putih,Yogyakarta,32800000
Toyota,Rush,2019,Automatic,Bensin,93989.0,Abu-abu,Medan,113700000
Suzuki,Ignis,2015,Automatic,Bensin,138475.0,Silver,Makassar,43100000
BMW,Seri 3,2012,Automatic,Bensin,147067.0,Hitam,Yogyakarta,172700000
BMW,Seri 3,2021,Automatic,Bensin,35323.0,Abu-abu,Medan,511900000
Daihatsu,Terios,2019,Manual,Bensin,63927.0,Abu-abu,Medan,114000000
Nissan,Grand Livina,2015,Manual,Bensin,109800.0,Merah,Bali,54300000
Mercedes-Benz,GLA,2017,Manual,Bensin,105538.0,Biru,Medan,252300000
Honda,Brio,2019,Automatic,Bensin,70372.0,Silver,Surabaya,87300000
BMW,Seri 5,2021,Automatic,Bensin,48299.0,Hitam,Yogyakarta,647600000
Suzuki,Ertiga,2012,Automatic,Bensin,184082.0,Biru,Surabaya,43700000
Honda,Mobilio,2012,Automatic,Bensin,188473.0,Hitam,Makassar,38200000
Nissan,Livina,2008,Manual,Bensin,271234.0,Putih,Yogyakarta,19700000
Suzuki,Baleno,2010,Automatic,Bensin,200416.0,Merah,Surabaya,33100000
Toyota,Agya,2014,Manual,Bensin,185188.0,Biru,Bandung,31300000
Toyota,Rush,2020,Manual,Bensin,29936.0,Biru,Semarang,142500000
Toyota,Innova,2012,Manual,Bensin,117069.0,Putih,Semarang,64100000
Honda,CR-V,2020,Manual,Diesel,46680.0,Hitam,Bandung,247400000
BMW,Seri 5,2021,Automatic,Bensin,7767.0,Abu-abu,Bandung,702900000
Toyota,Agya,2020,Manual,Bensin,100977.0,Hitam,Bandung,84100000
Mitsubishi,Xpander,2018,Automatic,Bensin,92778.0,Merah,Jakarta,123400000
Nissan,Livina,2012,Manual,Bensin,111314.0,Putih,Surabaya,41000000
Toyota,Yaris,2014,Manual,Bensin,153736.0,Biru,Medan,55200000
Nissan,Livina,2022,Manual,Bensin,63584.0,Putih,Surabaya,142100000
Mitsubishi,Triton,2020,Automatic,Bensin,68304.0,Putih,Semarang,193500000
Toyota,Agya,2015,Automatic,Bensin,106436.0,Silver,Makassar,46100000
Mitsubishi,Xpander,2023,Automatic,Bensin,25760.0,Biru,Jakarta,245500000
Toyota,Innova,2014,Automatic,Bensin,146591.0,Hitam,Jakarta,99400000
Honda,Brio,2019,Manual,Bensin,91734.0,Hitam,Bandung,78500000
Daihatsu,Ayla,2018,Manual,Diesel,132607.0,Putih,Medan,51000000
Toyota,Rush,2017,Manual,Diesel,166755.0,Merah,Jakarta,90000000
BMW,X5,2011,Automatic,Diesel,114385.0,Hitam,Jakarta,280900000
Toyota,Agya,2013,Manual,Bensin,126205.0,Biru,Jakarta,33200000
Honda,HR-V,2009,Manual,Bensin,188107.0,Abu-abu,Jakarta,45600000
Honda,Brio,2017,Manual,Bensin,174870.0,Hitam,Medan,53600000
Honda,HR-V,2010,Manual,Bensin,270754.0,Putih,Bandung,44100000
Suzuki,XL7,2022,Automatic,Bensin,45532.0,Merah,Medan,197300000
Toyota,Rush,2021,Manual,Bensin,54005.0,Abu-abu,Surabaya,159300000
Suzuki,Carry,2015,Manual,Bensin,82495.0,Hitam,Surabaya,39000000
Toyota,Rush,2023,Manual,Bensin,35368.0,Merah,Surabaya,220600000
Toyota,Fortuner,2014,Automatic,Diesel,165973.0,Putih,Surabaya,131500000
Toyota,Calya,2019,Manual,Bensin,94387.0,Putih,Medan,71400000
Mitsubishi,Triton,2012,Automatic,Diesel,101059.0,Merah,Bali,89300000
Suzuki,XL7,2022,Manual,Bensin,46365.0,Abu-abu,Bali,161600000
Daihatsu,Ayla,2022,Manual,Bensin,63079.0,Silver,Bandung,89200000
Honda,BR-V,2011,Manual,Bensin,126190.0,Silver,Jakarta,49800000
Honda,CR-V,2012,Automatic,Bensin,185879.0,Silver,Surabaya,93500000
Mercedes-Benz,E-Class,2015,MT,Bensin,232424.0,Merah,Surabaya,317500000
Honda,Brio,2012,Manual,Bensin,179817.0,Abu-abu,Medan,28500000
Suzuki,Ertiga,2009,Manual,Bensin,240180.0,Biru,Jakarta,25400000
Mitsubishi,Xpander,2018,Automatic,Bensin,126989.0,Silver,Yogyakarta,95000000
Toyota,Fortuner,2011,Automatic,Bensin,232418.0,Hitam,Medan,77300000
Toyota,Rush,2015,Manual,Bensin,135150.0,Biru,Makassar,69800000
Suzuki,Ertiga,2019,Manual,Bensin,40159.0,Hitam,Makassar,101400000
Mitsubishi,Xpander,2018,Automatic,Bensin,112646.0,Biru,Bali,104700000
BMW,Seri 5,2010,Automatic,Bensin,177222.0,,Semarang,148100000
BMW,Seri 5,2023,Matic,Bensin,52431.0,Merah,Medan,980300000
BMW,Seri 3,2016,Automatic,Bensin,91093.0,Biru,Makassar,273800000
Honda,HR-V,2020,Automatic,Bensin,41720.0,Biru,Bali,193700000
Daihatsu,Ayla,2023,Manual,Bensin,15290.0,Merah,Makassar,105200000
Suzuki,Ertiga,2011,Manual,Bensin,240401.0,Biru,Bali,33800000
Mitsubishi,Xpander,2015,Manual,Bensin,134960.0,Hitam,Makassar,70700000
Nissan,Grand Livina,2020,Automatic,Diesel,72119.0,Hitam,Semarang,118000000
Suzuki,XL7,2023,Manual,Bensin,40989.0,Putih,Semarang,200600000
Toyota,Calya,2017,Manual,Bensin,110891.0,Biru,Bandung,50400000
Suzuki,Ertiga,2009,Automatic,Bensin,186049.0,Merah,Makassar,29100000
Mercedes-Benz,GLA,2013,Automatic,Bensin,126163.0,Hitam,Semarang,188100000
Suzuki,Ignis,2008,Manual,Bensin,183757.0,Merah,Semarang,17200000
Toyota,Calya,2012,Manual,Bensin,193326.0,Hitam,Bandung,27900000
Suzuki,Carry,2016,Manual,Bensin,134762.0,Putih,Yogyakarta,43700000
Honda,Mobilio,2017,Manual,Bensin,127015.0,Silver,Makassar,69800000
Toyota,Avanza,2011,Automatic,Bensin,164114.0,Merah,Bandung,33200000
Honda,Mobilio,2021,,,,,Bandung,129600000
Daihatsu,Terios,2013,Manual,Bensin,210739.0,Silver,Surabaya,46700000
Toyota,Innova,2011,Automatic,Bensin,184496.0,Hitam,Makassar,56000000
Toyota,Agya,2022,,,,,Makassar,108900000
Toyota,Rush,2021,Manual,Bensin,67899.0,Merah,Semarang,141200000
Honda,HR-V,2014,Manual,Bensin,154535.0,Hitam,Medan,86300000
Honda,Mobilio,2021,Automatic,Bensin,,,Surabaya,113900000
Toyota,Avanza,2018,Manual,Bensin,104801.0,Hitam,Semarang,80800000
Honda,CR-V,2013,Automatic,Bensin,173403.0,Putih,Surabaya,116700000
Daihatsu,Sigra,2016,Manual,Bensin,58690.0,Merah,Bali,52800000
Toyota,Fortuner,2014,Automatic,Diesel,201317.0,Merah,Yogyakarta,117000000
Nissan,X-Trail,2019,Manual,Bensin,72787.0,Abu-abu,Bali,181300000
Suzuki,XL7,2020,Manual,Bensin,74448.0,Abu-abu,Medan,139800000
Mitsubishi,Triton,2022,Manual,Bensin,19790.0,Merah,Surabaya,297600000
Honda,City,2022,Automatic,Bensin,22418.0,Putih,Yogyakarta,276900000
Toyota,Yaris,2009,Manual,Diesel,185945.0,Hitam,Makassar,29100000
Toyota,Innova,2021,Manual,,,,Jakarta,240800000
BMW,X5,2017,Automatic,Bensin,67019.0,Putih,Yogyakarta,561800000
Toyota,Yaris,2022,Manual,Diesel,58838.0,Hitam,Yogyakarta,173600000
Honda,HR-V,2014,Manual,Bensin,211920.0,Merah,Yogyakarta,79100000
Honda,HR-V,2016,Manual,Bensin,115792.0,Hitam,Surabaya,107400000
Daihatsu,Gran Max,2011,Manual,Bensin,239046.0,Hitam,Surabaya,20700000
Mitsubishi,Xpander,2017,Manual,Bensin,69831.0,Biru,Surabaya,88400000
Mitsubishi,Pajero Sport,2010,Automatic,Bensin,215935.0,Putih,Medan,75800000
Toyota,Rush,2011,Manual,Bensin,200337.0,,Jakarta,40100000
Honda,HR-V,2012,Automatic,Bensin,108399.0,Abu-abu,Medan,67700000
Nissan,Grand Livina,2014,Automatic,Bensin,159637.0,Biru,Jakarta,48300000
Toyota,Yaris,2010,Manual,Bensin,310709.0,,Bandung,26300000
Daihatsu,Xenia,2008,Automatic,Diesel,174518.0,Abu-abu,Medan,23500000
Toyota,Innova,2018,Automatic,Bensin,104508.0,Abu-abu,Surabaya,173700000
Mitsubishi,Xpander,2016,MT,Bensin,138996.0,Abu-abu,Semarang,84300000
Toyota,Agya,2013,Automatic,Bensin,186244.0,Abu-abu,Bali,29200000
Suzuki,Baleno,2012,Manual,Bensin,229079.0,Silver,Semarang,36400000
Honda,Brio,2018,Manual,Bensin,100809.0,Hitam,Surabaya,65300000
Honda,Mobilio,2011,Manual,Bensin,220241.0,Hitam,Surabaya,31300000
Mercedes-Benz,C-Class,2018,Manual,Diesel,58016.0,Biru,Bali,381100000
Toyota,Innova,2018,Automatic,Bensin,106156.0,Hitam,Surabaya,166700000
Mercedes-Benz,E-Class,2011,Matic,Bensin,167772.0,Putih,Medan,192900000
BMW,Seri 5,2021,Automatic,Bensin,38672.0,Silver,Yogyakarta,672300000
Toyota,Fortuner,2019,Automatic,Bensin,90110.0,Putih,Yogyakarta,244600000
Toyota,Agya,2013,Manual,Bensin,70361.0,Biru,Makassar,31400000
Mercedes-Benz,E-Class,2019,Automatic,Diesel,88478.0,Putih,Medan,622000000
Nissan,X-Trail,2011,Manual,Bensin,168815.0,Abu-abu,Jakarta,63000000
Daihatsu,Ayla,2009,Manual,Bensin,297168.0,Merah,Yogyakarta,11200000
Daihatsu,Ayla,2018,Automatic,Bensin,89309.0,Putih,Yogyakarta,57900000
BMW,Seri 5,2020,Automatic,Bensin,47516.0,Hitam,Bandung,705200000
Suzuki,Baleno,2020,Manual,Bensin,100861.0,Merah,Medan,114200000
Toyota,Rush,2012,Automatic,Bensin,86150.0,Silver,Semarang,49400000
Toyota,Rush,2021,Manual,Bensin,39076.0,Abu-abu,Yogyakarta,167700000
Toyota,Innova,2023,Automatic,Bensin,47234.0,Merah,Bali,338900000
Daihatsu,Xenia,2019,Manual,Bensin,88086.0,Abu-abu,Makassar,86900000
Honda,CR-V,2016,Automatic,Bensin,133588.0,Silver,Bali,150700000
Toyota,Innova,2021,Automatic,Bensin,35273.0,,Jakarta,273900000
Mitsubishi,Triton,2016,Automatic,Bensin,111754.0,Putih,Bandung,131000000
Toyota,Fortuner,2016,Automatic,Diesel,159722.0,Abu-abu,Bandung,150900000
Honda,Brio,2012,Matic,Bensin,236077.0,Merah,Makassar,23100000
Daihatsu,Xenia,2008,Manual,Bensin,296284.0,Putih,Yogyakarta,15600000
Honda,Mobilio,2012,Automatic,Bensin,212139.0,Silver,Makassar,33000000
Daihatsu,Ayla,2021,Automatic,Bensin,85986.0,Biru,Bandung,81400000
Toyota,Avanza,2015,Automatic,Bensin,89652.0,Hitam,Medan,59300000
Honda,Jazz,2009,Manual,Bensin,310827.0,Biru,Jakarta,22100000
Toyota,Fortuner,2017,Automatic,Bensin,156585.0,Biru,Bandung,165700000
Toyota,Avanza,2016,Manual,Bensin,134049.0,Abu-abu,Surabaya,70900000
Honda,BR-V,2013,Automatic,Diesel,162498.0,Merah,Makassar,55800000
Toyota,Innova,2018,Manual,Bensin,77215.0,Merah,Bandung,171300000
Daihatsu,Sigra,2014,Automatic,Bensin,131933.0,Merah,Jakarta,40300000
Daihatsu,Sigra,2016,Manual,Bensin,89212.0,Putih,Semarang,43200000
Toyota,Avanza,2017,Manual,Diesel,149122.0,Hitam,Bandung,78900000
Honda,City,2021,Automatic,Bensin,45931.0,Abu-abu,Bandung,205800000
Toyota,Avanza,2009,Manual,Bensin,254038.0,Abu-abu,Jakarta,22700000
Mitsubishi,Xpander,2019,Automatic,Bensin,48617.0,Abu-abu,Makassar,141900000
Honda,City,2018,Automatic,Bensin,126106.0,Abu-abu,Makassar,129600000
Toyota,Calya,2009,Manual,Bensin,207609.0,Putih,Surabaya,21100000
Mercedes-Benz,C-Class,2018,Automatic,Diesel,121920.0,Abu-abu,Yogyakarta,360800000
BMW,X5,2019,Automatic,Bensin,106303.0,Biru,Semarang,758800000
Toyota,Fortuner,2008,Automatic,Diesel,146283.0,Merah,Bali,63200000
Daihatsu,Ayla,2016,Automatic,Bensin,122783.0,Silver,Surabaya,41700000
Mercedes-Benz,E-Class,2014,Automatic,Bensin,128498.0,Merah,Surabaya,321000000
Toyota,Calya,2016,Manual,Bensin,86309.0,Abu-abu,Medan,51600000
Daihatsu,Terios,2008,Manual,Bensin,418009.0,Biru,Semarang,14800000
Suzuki,Baleno,2011,Manual,Bensin,225589.0,Merah,Makassar,32800000
Daihatsu,Ayla,2011,Manual,Bensin,175698.0,Merah,Jakarta,20000000
Honda,CR-V,2017,Automatic,Bensin,115677.0,Hitam,Bali,173800000
Toyota,Avanza,2011,Automatic,Bensin,153362.0,Biru,Medan,35200000
Mitsubishi,Xpander,2019,Manual,Bensin,135569.0,Putih,Medan,105300000
Daihatsu,Sigra,2019,Manual,Bensin,33200.0,Putih,Bali,77500000
Honda,CR-V,2017,Manual,Bensin,106725.0,Merah,Surabaya,162600000
Daihatsu,Xenia,2013,Manual,Diesel,191739.0,Putih,Bandung,44400000
Toyota,Calya,2019,Automatic,Bensin,78768.0,Silver,Surabaya,91300000
Daihatsu,Xenia,2021,Manual,Bensin,40669.0,Silver,Jakarta,128600000
Honda,Jazz,2021,Automatic,Bensin,86336.0,Biru,Semarang,148200000
Nissan,Livina,2019,Automatic,Bensin,89269.0,Putih,Semarang,102700000
Toyota,Rush,2011,Manual,Bensin,222498.0,Putih,Makassar,33700000
Daihatsu,Sigra,2012,Automatic,Bensin,46049.0,Biru,Jakarta,33000000
Suzuki,Ertiga,2016,Manual,Bensin,87695.0,Abu-abu,Semarang,68900000
BMW,Seri 5,2022,Automatic,Bensin,30906.0,Abu-abu,Bandung,858900000
Mitsubishi,Triton,2022,Automatic,Bensin,61605.0,Hitam,Bali,263900000
Toyota,Fortuner,2019,Matic,Diesel,83130.0,Hitam,Bandung,259300000
Suzuki,Ertiga,2009,Manual,Bensin,189077.0,Hitam,Bali,23600000
Toyota,Yaris,2013,Matic,Bensin,177031.0,Biru,Medan,48100000
Toyota,Fortuner,2013,Automatic,Bensin,151733.0,Putih,Yogyakarta,103000000
BMW,X5,2021,Matic,Diesel,90336.0,Abu-abu,Makassar,937000000
Honda,Brio,2011,Manual,Bensin,95752.0,Abu-abu,Bali,25500000
Toyota,Agya,2014,Manual,Diesel,192713.0,Abu-abu,Jakarta,32200000
Toyota,Agya,2022,Manual,Bensin,41203.0,Silver,Surabaya,121500000
Mitsubishi,Triton,2020,Automatic,Bensin,80649.0,Hitam,Surabaya,230200000
Toyota,Agya,2019,Manual,Diesel,121485.0,Putih,Semarang,69900000
Mitsubishi,Pajero Sport,2012,Automatic,Diesel,210872.0,Biru,Jakarta,94000000
Toyota,Avanza,2015,Automatic,Bensin,112125.0,Silver,Surabaya,68500000
Honda,Brio,2014,Manual,Bensin,197812.0,Hitam,Jakarta,34100000
Nissan,Grand Livina,2021,Automatic,Bensin,75353.0,Hitam,Yogyakarta,134400000
Suzuki,Ertiga,2016,Automatic,Bensin,133084.0,Hitam,Bali,61800000
BMW,Seri 5,2012,Automatic,Bensin,178899.0,Silver,Medan,187600000
Mitsubishi,Pajero Sport,2011,Automatic,Diesel,194146.0,Abu-abu,Bali,98000000
Suzuki,XL7,2015,Automatic,Diesel,99641.0,Hitam,Bali,79100000
Toyota,Innova,2011,Automatic,Bensin,229173.0,Merah,Semarang,56700000
BMW,Seri 3,2009,Automatic,Bensin,293782.0,Putih,Makassar,88300000
Honda,Jazz,2008,MT,Bensin,171885.0,Hitam,Jakarta,26300000
Toyota,Agya,2015,Manual,Bensin,75531.0,Silver,Bali,42200000
Toyota,Agya,2011,Automatic,Bensin,256459.0,Abu-abu,Yogyakarta,18500000
Honda,City,2018,Manual,Bensin,74425.0,Biru,Bandung,126000000
Toyota,Innova,2023,MT,Bensin,36629.0,Merah,Surabaya,317100000
Suzuki,Carry,2014,Automatic,Bensin,148585.0,Biru,Semarang,31600000
Suzuki,Ignis,2014,Automatic,Bensin,128556.0,Abu-abu,Surabaya,39500000
Toyota,Fortuner,2017,Automatic,Diesel,113150.0,Abu-abu,Makassar,196200000
Suzuki,Ignis,2012,Manual,Bensin,234915.0,Abu-abu,Medan,25900000
Mitsubishi,Xpander,2012,Automatic,Bensin,184999.0,Silver,Jakarta,43700000
Mitsubishi,Triton,2022,Automatic,Diesel,33715.0,Putih,Yogyakarta,304700000
Honda,HR-V,2019,Automatic,Bensin,133038.0,,Jakarta,146200000
Nissan,X-Trail,2011,Automatic,Diesel,212311.0,Hitam,Surabaya,67100000
Mitsubishi,Triton,2015,Automatic,Diesel,152054.0,Hitam,Jakarta,107500000
Honda,BR-V,2011,Manual,Bensin,231659.0,Abu-abu,Yogyakarta,35400000
Mitsubishi,Pajero Sport,2019,Manual,Bensin,82297.0,Biru,Bandung,293000000
Mitsubishi,Triton,2015,Automatic,Diesel,184179.0,Merah,Yogyakarta,116000000
Honda,Mobilio,2008,Automatic,Bensin,281448.0,Silver,Bandung,20600000
Mitsubishi,Pajero Sport,2013,Manual,Diesel,190707.0,Putih,Surabaya,122400000
Toyota,Agya,2010,Manual,Bensin,272644.0,Merah,Medan,19800000
Toyota,Agya,2013,Manual,Bensin,230314.0,Biru,Yogyakarta,24200000
Daihatsu,Gran Max,2009,MT,Bensin,197677.0,Hitam,Makassar,17700000
Toyota,Rush,2015,Manual,Bensin,180484.0,Merah,Medan,65400000
Nissan,Grand Livina,2014,Manual,Bensin,206236.0,Merah,Jakarta,46100000
Suzuki,Ertiga,2021,Automatic,Diesel,41270.0,Merah,Semarang,138300000
BMW,X5,2012,Automatic,Bensin,225621.0,Biru,Semarang,262800000
Toyota,Avanza,2008,Manual,Bensin,152576.0,Abu-abu,Surabaya,26200000
Honda,CR-V,2010,Automatic,Bensin,191732.0,Putih,Bandung,66700000
Suzuki,Baleno,2021,Automatic,Bensin,42053.0,Biru,Jakarta,161500000
Toyota,Agya,2011,Manual,Bensin,190330.0,Abu-abu,Yogyakarta,19000000
Honda,HR-V,2019,Automatic,Bensin,63128.0,Hitam,Yogyakarta,174900000
Mitsubishi,Triton,2010,Manual,Diesel,279776.0,Abu-abu,Bali,46700000
Honda,BR-V,2022,Automatic,Bensin,28554.0,Silver,Medan,158800000
Suzuki,Ignis,2012,Manual,Bensin,205454.0,Putih,Surabaya,23900000
Toyota,Rush,2014,MT,Diesel,127082.0,Biru,Bandung,52500000
Mitsubishi,Triton,2015,Automatic,Diesel,131968.0,Abu-abu,Bandung,107200000
Toyota,Yaris,2015,Automatic,Bensin,58376.0,Merah,Bali,67900000
Toyota,Rush,2014,Automatic,Bensin,192705.0,Merah,Medan,57100000
Mitsubishi,Pajero Sport,2012,Automatic,Bensin,196266.0,Merah,Makassar,88000000
Daihatsu,Terios,2014,Manual,Bensin,119584.0,Silver,Medan,57900000
Toyota,Rush,2015,Manual,Bensin,121518.0,Silver,Yogyakarta,62500000
Toyota,Calya,2013,Manual,Bensin,181082.0,Biru,Semarang,28500000
Toyota,Avanza,2013,Manual,Diesel,179354.0,Hitam,Semarang,46100000
Honda,BR-V,2009,Automatic,Bensin,275224.0,Merah,Bali,30800000
Honda,City,2017,Automatic,Bensin,128083.0,Silver,Semarang,114400000
Suzuki,Ertiga,2009,Manual,Diesel,293353.0,,Yogyakarta,25200000
Honda,City,2020,Manual,Bensin,59663.0,Putih,Makassar,182300000
Mitsubishi,Xpander,2019,Manual,Bensin,129501.0,Abu-abu,Yogyakarta,108600000
Daihatsu,Xenia,2008,Automatic,Bensin,280072.0,Putih,Bandung,18100000
Toyota,Yaris,2009,Matic,Bensin,263039.0,Biru,Makassar,26100000
Suzuki,Baleno,2014,MT,Bensin,38267.0,Abu-abu,Semarang,57900000
Daihatsu,Sigra,2009,Manual,Bensin,223563.0,Biru,Semarang,17600000
Daihatsu,Gran Max,2017,Manual,Bensin,95081.0,Hitam,Yogyakarta,57700000
Mercedes-Benz,C-Class,2016,Automatic,Diesel,160138.0,Biru,Makassar,287600000
Toyota,Rush,2018,Automatic,Bensin,107348.0,Merah,Semarang,114000000
Honda,Jazz,2016,Automatic,Bensin,83758.0,Abu-abu,Semarang,78700000
Toyota,Avanza,2015,Manual,Bensin,164017.0,Abu-abu,Bali,50500000
Honda,BR-V,2018,Manual,Bensin,131776.0,Merah,Bali,94000000
Toyota,Agya,2021,Manual,Bensin,50565.0,Abu-abu,Makassar,89200000
Mitsubishi,Xpander,2019,Automatic,Bensin,59919.0,Biru,Makassar,126700000
Toyota,Yaris,2023,Manual,Bensin,48803.0,Merah,Jakarta,182600000
Honda,Mobilio,2010,Manual,Bensin,210428.0,Merah,Surabaya,27000000
Honda,CR-V,2011,Automatic,Bensin,322107.0,Hitam,Bali,58500000
Suzuki,Carry,2014,Manual,Bensin,123650.0,Abu-abu,Makassar,34400000
Honda,CR-V,2008,Automatic,Bensin,179609.0,Silver,Bali,53200000
Nissan,X-Trail,2013,Manual,Diesel,180838.0,Hitam,Makassar,83900000
Toyota,Yaris,2023,Manual,Bensin,19372.0,Silver,Semarang,216100000
Daihatsu,Ayla,2009,Manual,Bensin,185038.0,Putih,Jakarta,15000000
Mitsubishi,Pajero Sport,2023,Manual,Diesel,30757.0,Putih,Semarang,469400000
Toyota,Rush,2021,Manual,Bensin,67362.0,Putih,Surabaya,169500000
Toyota,Yaris,2023,Manual,Bensin,8337.0,Hitam,Surabaya,222100000
Honda,City,2019,Automatic,Bensin,83338.0,Abu-abu,Semarang,155000000
Daihatsu,Xenia,2008,Automatic,Bensin,153008.0,Biru,Semarang,22600000
Toyota,Avanza,2019,Manual,Bensin,102260.0,Hitam,Surabaya,94300000
Honda,BR-V,2010,Automatic,Bensin,193399.0,Biru,Bali,34900000
Honda,Jazz,2018,Automatic,Bensin,99429.0,Hitam,Surabaya,107300000
Suzuki,Baleno,2023,Automatic,Bensin,12541.0,Hitam,Bali,207500000
Toyota,Rush,2009,Automatic,Bensin,171031.0,Merah,Semarang,34900000
BMW,Seri 3,2023,Automatic,Bensin,30994.0,Hitam,Medan,723900000
Honda,BR-V,2018,Matic,Bensin,102971.0,Merah,Makassar,100600000
Toyota,Yaris,2011,Manual,Bensin,226972.0,Merah,Bandung,32800000
Honda,BR-V,2012,Manual,Bensin,82975.0,Putih,Semarang,50100000
Daihatsu,Ayla,2018,Automatic,Bensin,76598.0,Merah,Yogyakarta,58300000
BMW,X5,2018,Automatic,Bensin,95034.0,Merah,Makassar,556700000
Honda,BR-V,2015,,,,,Semarang,72000000
Daihatsu,Xenia,2009,Manual,Bensin,263402.0,Hitam,Surabaya,18100000
Suzuki,XL7,2023,Automatic,Bensin,13544.0,Silver,Yogyakarta,224400000
Mercedes-Benz,C-Class,2015,MT,Bensin,131383.0,Hitam,Semarang,269500000
Honda,Mobilio,2013,Manual,Bensin,193963.0,Hitam,Jakarta,42200000
Daihatsu,Gran Max,2018,Manual,Bensin,119543.0,Merah,Bali,57600000
Toyota,Calya,2017,Manual,Bensin,122588.0,Abu-abu,Makassar,49800000
Daihatsu,Terios,2011,Manual,Bensin,213269.0,Biru,Bandung,33800000
Toyota,Rush,2018,Manual,Bensin,117848.0,Abu-abu,Bali,85100000
Mitsubishi,Pajero Sport,2021,Automatic,Diesel,65026.0,Abu-abu,Surabaya,340100000
Daihatsu,Gran Max,2018,Manual,Bensin,146518.0,Biru,Bandung,58100000
Suzuki,XL7,2023,Automatic,Bensin,25090.0,Abu-abu,Semarang,231200000
Daihatsu,Sigra,2022,Manual,Bensin,47781.0,Biru,Semarang,109700000
Mercedes-Benz,C-Class,2010,Automatic,Bensin,242955.0,Biru,Semarang,118200000
Nissan,Grand Livina,2021,Manual,Bensin,69827.0,Abu-abu,Bandung,115700000
Mercedes-Benz,GLA,2018,Automatic,Bensin,123747.0,Hitam,Bandung,310200000
Toyota,Innova,2021,Manual,Bensin,78601.0,Silver,Yogyakarta,222200000
Nissan,X-Trail,2017,Manual,Diesel,65976.0,Merah,Jakarta,163400000
Honda,CR-V,2018,Automatic,Bensin,73966.0,Putih,Jakarta,210000000
Toyota,Avanza,2020,MT,Bensin,68750.0,Hitam,Jakarta,114700000
Toyota,Fortuner,2023,Automatic,Diesel,41970.0,Silver,Semarang,471900000
Suzuki,Baleno,2011,Manual,Bensin,129258.0,Abu-abu,Surabaya,35700000
Toyota,Agya,2010,Manual,Bensin,261704.0,Abu-abu,Surabaya,16500000
Mitsubishi,Xpander,2023,Automatic,Bensin,19067.0,Silver,Yogyakarta,218900000
Honda,City,2016,Manual,Bensin,119047.0,Merah,Semarang,91600000
Honda,City,2011,MT,Bensin,122936.0,Silver,Yogyakarta,50700000
Mitsubishi,Pajero Sport,2020,Automatic,Bensin,4076.0,Merah,Bali,346100000
Suzuki,Carry,2023,Manual,Bensin,22108.0,Putih,Makassar,116200000
Toyota,Fortuner,2009,Automatic,Bensin,114422.0,Merah,Bandung,65000000
Honda,HR-V,2016,Automatic,Bensin,133471.0,Abu-abu,Bali,105000000
Honda,HR-V,2015,,,,,Yogyakarta,86200000
Suzuki,Ertiga,2023,Manual,Bensin,39611.0,Putih,Surabaya,202300000
Nissan,X-Trail,2014,Automatic,Diesel,157197.0,Silver,Semarang,104800000
Toyota,Yaris,2016,Manual,Bensin,97700.0,Biru,Medan,80600000
Suzuki,XL7,2013,Automatic,Diesel,188286.0,Putih,Yogyakarta,60200000
Toyota,Fortuner,2021,Automatic,Bensin,60488.0,Abu-abu,Medan,334300000
Daihatsu,Sigra,2020,Automatic,Bensin,88443.0,Merah,Jakarta,99900000
Suzuki,XL7,2010,Manual,Bensin,189558.0,Hitam,Makassar,34700000
Toyota,Rush,2021,Manual,Diesel,65610.0,Merah,Medan,171900000
BMW,Seri 5,2011,Automatic,Bensin,336778.0,Silver,Jakarta,163800000
Mitsubishi,Xpander,2012,Automatic,Bensin,154223.0,Merah,Semarang,48000000
Daihatsu,Terios,2008,Manual,Bensin,243111.0,Silver,Semarang,22100000
BMW,X5,2021,Automatic,Bensin,57570.0,Merah,Medan,938000000
Daihatsu,Xenia,2011,Manual,Bensin,186504.0,Silver,Jakarta,30600000
Toyota,Fortuner,2011,Manual,Diesel,184569.0,Abu-abu,Bandung,82600000
Mitsubishi,Pajero Sport,2009,Manual,Diesel,254415.0,Hitam,Jakarta,68100000
Suzuki,Baleno,2010,Automatic,Bensin,224824.0,Putih,Yogyakarta,32800000
Honda,HR-V,2017,Automatic,Bensin,85223.0,Merah,Jakarta,144100000
Suzuki,Baleno,2021,Manual,Bensin,63457.0,Silver,Bali,129900000
Toyota,Yaris,2016,Manual,Bensin,90790.0,,Bali,81200000
Honda,HR-V,2022,Automatic,Bensin,61383.0,Hitam,Semarang,261700000
Daihatsu,Gran Max,2022,Manual,Bensin,40390.0,Putih,Yogyakarta,91600000
Toyota,Innova,2010,Automatic,Bensin,211061.0,Silver,Medan,44200000
Suzuki,Ignis,2011,Manual,Bensin,127763.0,Hitam,Jakarta,27400000
Honda,City,2009,Automatic,Bensin,156218.0,Abu-abu,Surabaya,40900000
Suzuki,Ertiga,2014,Automatic,,,,Surabaya,63600000
Suzuki,Ignis,2019,Manual,Bensin,75780.0,Abu-abu,Semarang,70400000
Mitsubishi,Triton,2019,Automatic,Diesel,89788.0,Silver,Surabaya,196800000
Nissan,X-Trail,2008,Manual,Bensin,223017.0,Putih,Bali,43900000
Nissan,X-Trail,2016,Manual,Bensin,102797.0,Putih,Surabaya,145700000
Honda,City,2013,Automatic,Bensin,145058.0,Biru,Semarang,63200000
BMW,X5,2018,Automatic,Bensin,96469.0,Hitam,Bali,655600000
Toyota,Agya,2019,Automatic,Bensin,119039.0,Putih,Medan,68700000
Daihatsu,Gran Max,2021,Automatic,Bensin,71873.0,Putih,Semarang,89900000
Daihatsu,Ayla,2011,Manual,Bensin,121967.0,Hitam,Medan,21200000
Daihatsu,Sigra,2008,Manual,Bensin,179318.0,Biru,Medan,16500000
Daihatsu,Xenia,2017,Manual,Bensin,149660.0,Silver,Bandung,66000000
Daihatsu,Xenia,2014,Manual,Bensin,134694.0,,Semarang,42400000
Suzuki,XL7,2023,Automatic,Bensin,14709.0,Hitam,Surabaya,278100000
Honda,City,2023,Automatic,Bensin,26217.0,Putih,Yogyakarta,276200000
Mercedes-Benz,E-Class,2013,Automatic,Bensin,211329.0,Biru,Jakarta,259400000
Toyota,Calya,2017,Manual,Bensin,108376.0,Abu-abu,Jakarta,57100000
BMW,Seri 3,2014,Automatic,Bensin,177763.0,Silver,Makassar,186000000
Toyota,Fortuner,2013,Manual,Diesel,171153.0,Hitam,Bandung,90100000
Toyota,Avanza,2014,Manual,Diesel,100217.0,Biru,Makassar,52700000
Toyota,Fortuner,2014,Automatic,Bensin,76617.0,Biru,Bali,125800000
BMW,Seri 5,2018,Automatic,Bensin,133109.0,Biru,Semarang,499300000
Nissan,X-Trail,2010,Automatic,Diesel,244309.0,Merah,Surabaya,56600000
Toyota,Rush,2015,Automatic,Bensin,150272.0,Putih,Jakarta,75400000
Nissan,X-Trail,2012,Automatic,Bensin,131536.0,Putih,Yogyakarta,69700000
BMW,Seri 5,2010,Automatic,Bensin,168686.0,Silver,Semarang,163500000
Suzuki,Ertiga,2011,Manual,Bensin,129580.0,Putih,Bali,31300000
Nissan,Livina,2023,Matic,Bensin,31556.0,Silver,Yogyakarta,186900000
Suzuki,Ignis,2008,Manual,Bensin,289999.0,Merah,Yogyakarta,14200000
Honda,Jazz,2010,Automatic,Bensin,247900.0,Abu-abu,Bandung,32600000
Nissan,X-Trail,2010,Automatic,Diesel,224251.0,Biru,Yogyakarta,61000000
Toyota,Rush,2021,Manual,Bensin,58064.0,Abu-abu,Semarang,148400000
Honda,HR-V,2022,Manual,Bensin,47996.0,Abu-abu,Yogyakarta,234100000
Honda,CR-V,2012,Automatic,Bensin,250224.0,Merah,Medan,80300000
Toyota,Fortuner,2023,Automatic,Diesel,23229.0,Silver,Jakarta,430500000
Honda,Jazz,2018,Automatic,Bensin,133527.0,Putih,Medan,91800000
Honda,Mobilio,2014,Manual,Bensin,229173.0,Hitam,Makassar,40800000
Honda,City,2011,Automatic,Bensin,292922.0,Putih,Yogyakarta,39700000
Suzuki,Carry,2023,Manual,Bensin,39321.0,Biru,Jakarta,125000000
Suzuki,Ignis,2015,Automatic,Bensin,128111.0,Biru,Bandung,43800000
Mercedes-Benz,E-Class,2009,Automatic,Bensin,202952.0,Merah,Medan,133000000
Mercedes-Benz,GLA,2017,Automatic,Diesel,125885.0,Putih,Medan,338000000
Daihatsu,Xenia,2017,Manual,Bensin,95293.0,Biru,Semarang,68000000
BMW,Seri 3,2011,Automatic,Bensin,183805.0,Hitam,Jakarta,135200000
Honda,Brio,2020,Automatic,Diesel,95210.0,Abu-abu,Semarang,99500000
Suzuki,XL7,2020,Manual,Bensin,55755.0,Putih,Yogyakarta,145000000
Toyota,Yaris,2022,Automatic,Bensin,23984.0,Silver,Semarang,176200000
Toyota,Calya,2017,Manual,Diesel,118115.0,Putih,Bandung,54400000
Toyota,Calya,2023,Manual,Bensin,17478.0,Putih,Medan,140400000
Honda,BR-V,2014,Manual,Diesel,179789.0,Hitam,Jakarta,69100000
Mitsubishi,Pajero Sport,2012,Automatic,Diesel,114244.0,Putih,Yogyakarta,114200000
Daihatsu,Sigra,2020,MT,Bensin,69386.0,Silver,Surabaya,77500000
Nissan,Livina,2013,Manual,Bensin,89665.0,Merah,Makassar,45100000
Honda,City,2022,Manual,Bensin,22079.0,Biru,Jakarta,261200000
Daihatsu,Sigra,2019,Automatic,Diesel,66217.0,Abu-abu,Medan,73300000
BMW,Seri 5,2009,Automatic,Bensin,318345.0,Putih,Jakarta,112400000
Mercedes-Benz,E-Class,2020,Automatic,Bensin,50801.0,Biru,Bali,767400000
Daihatsu,Gran Max,2016,Manual,Bensin,77752.0,Silver,Bandung,47600000
Mitsubishi,Triton,2017,Automatic,Bensin,100542.0,Merah,Surabaya,148500000
Honda,Brio,2016,Automatic,Bensin,157225.0,Hitam,Jakarta,49500000
Suzuki,Carry,2013,Automatic,Diesel,200155.0,Silver,Surabaya,28800000
Suzuki,Carry,2018,Manual,,,,Makassar,66500000
Honda,BR-V,2016,Manual,Diesel,127003.0,Silver,Yogyakarta,73500000
Toyota,Agya,2008,Manual,Bensin,139410.0,Putih,Makassar,16500000
Toyota,Innova,2022,Automatic,Bensin,26769.0,Biru,Medan,280900000
Toyota,Fortuner,2010,Manual,Bensin,195744.0,,Bali,65700000
Daihatsu,Xenia,2015,MT,Bensin,179685.0,Merah,Yogyakarta,40300000
Toyota,Avanza,2011,Manual,Bensin,170272.0,Silver,Bandung,32400000
Toyota,Innova,2017,Manual,Bensin,79901.0,Abu-abu,Bandung,154200000
Suzuki,Ertiga,2016,Automatic,Diesel,106922.0,Biru,Yogyakarta,74800000
BMW,X5,2018,Automatic,Bensin,60213.0,Hitam,Makassar,697500000
Honda,CR-V,2015,Automatic,Bensin,39290.0,Biru,Yogyakarta,147200000
Honda,BR-V,2019,Automatic,Bensin,87672.0,Abu-abu,Bali,125600000
Nissan,Grand Livina,2016,Manual,Bensin,98357.0,Silver,Semarang,58600000
Honda,City,2011,Automatic,Diesel,221737.0,Hitam,Jakarta,46500000
Honda,City,2011,Manual,Bensin,174098.0,Silver,Bali,46200000
Honda,CR-V,2008,Automatic,Bensin,258578.0,Abu-abu,Bali,46400000
Toyota,Calya,2013,,,,,Bali,32300000
Toyota,Fortuner,2017,Manual,Diesel,145134.0,Abu-abu,Bandung,175300000
Daihatsu,Sigra,2019,Automatic,Bensin,46710.0,Merah,Semarang,87600000
Honda,Brio,2011,Automatic,Bensin,209919.0,Silver,Yogyakarta,22600000
Nissan,Livina,2010,Manual,Bensin,172219.0,Merah,Bandung,31200000
Honda,BR-V,2016,Manual,Bensin,105684.0,Biru,Semarang,84500000
Mitsubishi,Xpander,2021,Automatic,Bensin,56619.0,Abu-abu,Bandung,173900000
Honda,Mobilio,2019,Manual,Bensin,119459.0,Merah,Surabaya,86400000
Toyota,Calya,2020,Manual,Bensin,87613.0,Merah,Medan,67400000
Honda,Jazz,2013,Automatic,Diesel,169836.0,Silver,Jakarta,51300000
Daihatsu,Ayla,2019,Manual,Bensin,85195.0,Abu-abu,Semarang,57300000
Suzuki,Ertiga,2023,Manual,Bensin,25177.0,Merah,Makassar,183600000
Honda,CR-V,2010,Manual,Bensin,186744.0,Merah,Medan,62500000
Daihatsu,Ayla,2008,Manual,Bensin,,,Makassar,15600000
Daihatsu,Gran Max,2008,Manual,Bensin,195886.0,Abu-abu,Yogyakarta,15300000
Mercedes-Benz,C-Class,2019,Automatic,,,,Jakarta,426800000
Toyota,Yaris,2019,Manual,Bensin,61915.0,Putih,Bandung,112700000
Honda,BR-V,2010,Manual,Bensin,188737.0,Abu-abu,Makassar,35400000
Mercedes-Benz,GLA,2013,Automatic,Bensin,96775.0,Hitam,Surabaya,179300000
Toyota,Yaris,2010,Manual,Bensin,144689.0,Biru,Yogyakarta,32200000
Toyota,Agya,2014,Manual,Diesel,128871.0,Merah,Bali,38900000
Suzuki,Ertiga,2015,Manual,Bensin,121916.0,Putih,Bali,60700000
Toyota,Agya,2016,Manual,Bensin,140098.0,Biru,Bandung,41900000
Mitsubishi,Triton,2012,Automatic,Diesel,71653.0,Hitam,Semarang,79500000
Toyota,Avanza,2018,Manual,Bensin,76682.0,Merah,Semarang,74900000
Mitsubishi,Pajero Sport,2008,Automatic,Diesel,247798.0,Abu-abu,Bandung,53900000
Nissan,X-Trail,2023,Automatic,Diesel,26031.0,Silver,Bali,434700000
Nissan,X-Trail,2011,Manual,Bensin,228380.0,Abu-abu,Makassar,54800000
Honda,Jazz,2020,Automatic,Bensin,68582.0,Hitam,Bandung,138600000
BMW,Seri 3,2016,Matic,Bensin,130782.0,Silver,Jakarta,251800000
Toyota,Calya,2013,Manual,Bensin,231105.0,Silver,Bali,28200000
Toyota,Innova,2019,Manual,Bensin,97844.0,Hitam,Medan,178200000
Toyota,Calya,2009,Automatic,Bensin,224861.0,Merah,Medan,17800000
Honda,CR-V,2017,Manual,Diesel,141312.0,Abu-abu,Yogyakarta,147500000
Nissan,X-Trail,2016,Automatic,Diesel,78302.0,Merah,Medan,151500000
Nissan,Grand Livina,2020,Manual,Bensin,38987.0,Biru,Yogyakarta,106600000
Toyota,Avanza,2009,Manual,Bensin,234338.0,Abu-abu,Semarang,21400000
BMW,Seri 5,2015,Automatic,Bensin,172718.0,Putih,Jakarta,327300000
Suzuki,Carry,2009,,,,,Bandung,16700000
Mercedes-Benz,GLA,2017,Automatic,Bensin,104697.0,Biru,Jakarta,296400000
Nissan,Livina,2015,Automatic,Bensin,138157.0,Hitam,Medan,52300000
Nissan,Livina,2013,Automatic,Diesel,225478.0,Biru,Bali,41300000
Daihatsu,Ayla,2022,Manual,Bensin,38977.0,Hitam,Bandung,84800000
Daihatsu,Terios,2022,Automatic,Diesel,36748.0,Putih,Yogyakarta,199600000
Honda,HR-V,2010,Automatic,Bensin,161584.0,Silver,Makassar,51900000
Toyota,Innova,2023,Automatic,Bensin,28302.0,Putih,Makassar,390000000
Daihatsu,Gran Max,2010,Manual,Bensin,148786.0,Abu-abu,Yogyakarta,20500000
Honda,HR-V,2010,Manual,Bensin,164849.0,Silver,Surabaya,53400000
Nissan,X-Trail,2021,Automatic,Diesel,62064.0,Abu-abu,Yogyakarta,251000000
Toyota,Yaris,2017,Manual,Bensin,153869.0,Biru,Bali,83300000
Mitsubishi,Triton,2019,Automatic,Bensin,122755.0,Hitam,Makassar,178500000
Daihatsu,Sigra,2014,Manual,Bensin,128519.0,Biru,Makassar,36600000
Mitsubishi,Xpander,2022,Manual,Bensin,22346.0,Biru,Surabaya,209300000
Daihatsu,Ayla,2012,Automatic,,,,Bali,23300000
Honda,CR-V,2012,Automatic,Bensin,277186.0,Hitam,Semarang,71900000
Honda,Brio,2017,Manual,Bensin,121897.0,Silver,Bali,55600000
Nissan,Grand Livina,2019,Automatic,Diesel,69546.0,Merah,Surabaya,104200000
Toyota,Fortuner,2013,Manual,Diesel,241053.0,Abu-abu,Bali,95500000
Daihatsu,Sigra,2020,Manual,Bensin,87194.0,Merah,Yogyakarta,86400000
Toyota,Avanza,2019,Automatic,Bensin,44221.0,Abu-abu,Jakarta,116900000
Honda,BR-V,2019,Manual,Bensin,31169.0,Putih,Surabaya,134400000
Honda,BR-V,2018,Automatic,Bensin,92801.0,Putih,Bandung,119200000
Honda,CR-V,2016,Automatic,Bensin,42683.0,Merah,Semarang,166800000
Toyota,Rush,2017,Manual,Bensin,88515.0,Biru,Surabaya,92000000
Daihatsu,Sigra,2021,Automatic,Bensin,67956.0,Silver,Jakarta,99000000
Daihatsu,Xenia,2022,Manual,Bensin,42897.0,Silver,Semarang,133200000
Toyota,Innova,2008,Manual,Bensin,274300.0,Silver,Bandung,34800000
Mitsubishi,Pajero Sport,2017,Manual,Diesel,166266.0,Silver,Yogyakarta,212200000
Honda,Jazz,2017,Manual,Bensin,89051.0,Abu-abu,Yogyakarta,85600000
Toyota,Avanza,2017,Automatic,Bensin,134673.0,Putih,Surabaya,84000000
Toyota,Yaris,2013,Manual,Bensin,153105.0,Biru,Medan,50100000
Suzuki,Ertiga,2018,Manual,Bensin,134030.0,Hitam,Surabaya,79000000
Toyota,Agya,2018,Automatic,Bensin,95579.0,Hitam,Makassar,64500000
Honda,Jazz,2023,Manual,Diesel,2400.0,Merah,Surabaya,217100000
Nissan,Livina,2019,MT,Diesel,74378.0,Hitam,Surabaya,103200000
Toyota,Innova,2011,Automatic,Bensin,205056.0,Merah,Bandung,53100000
Toyota,Agya,2017,Manual,Bensin,110728.0,Merah,Bandung,48700000
Toyota,Fortuner,2009,Automatic,Bensin,171058.0,Merah,Surabaya,63300000
Suzuki,Carry,2019,MT,Bensin,89375.0,Abu-abu,Bandung,63500000
Mitsubishi,Xpander,2014,Manual,Bensin,211902.0,Putih,Bandung,47100000
Daihatsu,Xenia,2023,Automatic,Bensin,60853.0,Merah,Bali,188400000
Honda,HR-V,2022,Automatic,Bensin,43027.0,Silver,Bandung,299700000
Daihatsu,Xenia,2009,Manual,Bensin,255626.0,Hitam,Bandung,20200000
Toyota,Fortuner,2018,Manual,Diesel,155189.0,Biru,Yogyakarta,213300000
Daihatsu,Terios,2021,Manual,Bensin,62592.0,Hitam,Bandung,156600000
Daihatsu,Xenia,2023,Automatic,Bensin,45690.0,Biru,Surabaya,172100000
Daihatsu,Gran Max,2010,Manual,Bensin,201825.0,Silver,Jakarta,19300000
Nissan,Grand Livina,2009,Manual,Bensin,248625.0,Merah,Surabaya,21100000
Daihatsu,Sigra,2021,Automatic,Bensin,54036.0,Hitam,Makassar,99900000
Toyota,Calya,2009,,,,,Jakarta,17000000
Toyota,Innova,2020,Manual,Bensin,80031.0,Hitam,Bandung,171300000
Suzuki,Carry,2011,Automatic,Bensin,188546.0,Merah,Surabaya,25800000
Honda,BR-V,2019,Manual,Bensin,48542.0,Hitam,Semarang,136700000
Suzuki,Ignis,2019,Manual,Bensin,123164.0,Merah,Bandung,75200000
Toyota,Yaris,2010,Manual,Bensin,173929.0,Silver,Semarang,30400000
Honda,City,2021,Automatic,Bensin,50494.0,Hitam,Semarang,207900000
Honda,Mobilio,2013,Manual,Bensin,112775.0,Putih,Jakarta,39800000
Toyota,Innova,2017,Automatic,Bensin,82208.0,Merah,Jakarta,149500000
Nissan,X-Trail,2023,Automatic,Bensin,28892.0,Silver,Bali,353900000
Daihatsu,Terios,2008,Manual,Bensin,234293.0,Abu-abu,Semarang,24300000
Suzuki,Ertiga,2018,Automatic,Bensin,123832.0,Hitam,Bali,94600000
Honda,Jazz,2008,Manual,Bensin,214518.0,Merah,Semarang,23700000
Nissan,Livina,2014,Automatic,Bensin,137044.0,Silver,Medan,60200000
Toyota,Calya,2009,Manual,Bensin,125588.0,Biru,Jakarta,19700000
Nissan,Grand Livina,2013,Manual,Bensin,143768.0,Silver,Bandung,39500000
Toyota,Fortuner,2013,,,,,Yogyakarta,113000000
Honda,BR-V,2018,Manual,Bensin,73826.0,Putih,Medan,96600000
Honda,Brio,2016,Manual,Bensin,79654.0,Merah,Makassar,58100000
Daihatsu,Xenia,2018,Manual,Bensin,96628.0,Biru,Medan,67400000
Suzuki,Baleno,2010,Manual,Bensin,118057.0,Silver,Semarang,33100000
Toyota,Fortuner,2008,Automatic,Diesel,226658.0,Abu-abu,Medan,46400000
Toyota,Rush,2022,Manual,Bensin,69234.0,Biru,Surabaya,165800000
Honda,BR-V,2013,Manual,Bensin,101447.0,Putih,Medan,60000000
Mitsubishi,Xpander,2011,Manual,Bensin,192395.0,Biru,Medan,38900000
Honda,Jazz,2014,Manual,Bensin,114335.0,Merah,Medan,62300000
Daihatsu,Sigra,2011,Automatic,Bensin,254328.0,Biru,Yogyakarta,22400000
Mitsubishi,Pajero Sport,2016,Manual,Bensin,163012.0,Putih,Bali,168500000
Honda,CR-V,2017,Manual,Bensin,127528.0,Putih,Jakarta,160100000
Daihatsu,Ayla,2016,Manual,Bensin,140840.0,Abu-abu,Bandung,35400000
Daihatsu,Ayla,2022,MT,Diesel,36345.0,Merah,Bali,97000000
Honda,CR-V,2010,Automatic,Bensin,193396.0,Hitam,Medan,70300000
Suzuki,Ertiga,2023,Manual,Bensin,31339.0,Biru,Makassar,191500000
Daihatsu,Terios,2009,Automatic,Bensin,176092.0,Putih,Makassar,29600000
Honda,CR-V,2017,Manual,Diesel,104474.0,Putih,Yogyakarta,166000000
Mitsubishi,Xpander,2016,MT,,,,Jakarta,86700000
BMW,X5,2011,Automatic,Diesel,233812.0,Hitam,Bandung,202300000
Honda,Mobilio,2018,Automatic,Bensin,96073.0,,Bali,87900000
Daihatsu,Gran Max,2013,Automatic,Bensin,55639.0,Hitam,Bandung,34300000
Toyota,Innova,2021,Automatic,Bensin,50122.0,Hitam,Yogyakarta,216900000
Toyota,Innova,2023,Automatic,Diesel,34215.0,Abu-abu,Bandung,321200000
Toyota,Calya,2019,Manual,Bensin,90908.0,Silver,Makassar,72600000
Daihatsu,Ayla,2011,Manual,Bensin,143892.0,Silver,Bandung,20100000
Honda,Brio,2014,Manual,Bensin,93360.0,Silver,Semarang,43000000
Mitsubishi,Xpander,2018,Matic,Bensin,106725.0,Silver,Yogyakarta,107200000
Suzuki,Carry,2021,Automatic,Bensin,56210.0,Biru,Surabaya,91500000
Honda,HR-V,2020,,,,,Yogyakarta,180200000
Honda,Brio,2009,Automatic,Bensin,286377.0,Merah,Surabaya,17500000
Suzuki,Ertiga,2015,Manual,Bensin,128953.0,Hitam,Surabaya,62500000
Honda,CR-V,2011,Automatic,Bensin,180146.0,Abu-abu,Semarang,61400000
Daihatsu,Terios,2016,Automatic,Bensin,197656.0,Putih,Makassar,71000000
Toyota,Rush,2011,Manual,Bensin,185061.0,Putih,Bandung,34900000
Honda,Mobilio,2015,Automatic,Bensin,140785.0,Biru,Surabaya,59500000
Toyota,Calya,2009,Manual,Bensin,182543.0,Biru,Surabaya,18500000
BMW,Seri 5,2014,Automatic,Bensin,138149.0,Hitam,Semarang,244600000
Suzuki,Carry,2020,Manual,Bensin,65300.0,Putih,Jakarta,90100000
Mercedes-Benz,GLA,2016,Automatic,Bensin,132144.0,Merah,Semarang,269800000
Toyota,Innova,2022,Manual,Bensin,67315.0,Silver,Medan,240000000
Mercedes-Benz,C-Class,2008,Automatic,Bensin,214098.0,Putih,Bali,84300000
Toyota,Yaris,2017,Manual,Bensin,82627.0,Merah,Bandung,88900000
Daihatsu,Gran Max,2018,Automatic,Bensin,88331.0,Hitam,Medan,65400000
Suzuki,XL7,2014,Manual,Bensin,193161.0,Abu-abu,Jakarta,62800000
Daihatsu,Sigra,2010,Automatic,Bensin,269591.0,Silver,Medan,18900000
Nissan,Livina,2012,Manual,Bensin,172429.0,Merah,Bali,35400000
Daihatsu,Terios,2018,Manual,Diesel,109704.0,Abu-abu,Bandung,89500000
Toyota,Avanza,2020,Manual,Bensin,83222.0,Biru,Medan,114000000
Toyota,Yaris,2016,Manual,Bensin,83725.0,Biru,Yogyakarta,72100000
Daihatsu,Terios,2013,Automatic,Bensin,189049.0,Biru,Bali,47100000
Nissan,Grand Livina,2008,Manual,Bensin,289404.0,Putih,Surabaya,15800000
Mercedes-Benz,E-Class,2011,Automatic,Bensin,175860.0,,Semarang,218600000
Mitsubishi,Xpander,2018,Automatic,Bensin,169873.0,Biru,Jakarta,115700000
Honda,CR-V,2021,Automatic,Diesel,86584.0,Hitam,Bali,251500000
Toyota,Agya,2008,Automatic,Bensin,200307.0,Putih,Bali,13800000
Daihatsu,Gran Max,2022,Manual,Bensin,43792.0,Hitam,Medan,105700000
Mercedes-Benz,E-Class,2020,Automatic,Diesel,92773.0,Silver,Bandung,719000000
Honda,HR-V,2023,Manual,Bensin,13121.0,Hitam,Yogyakarta,263000000
Toyota,Fortuner,2018,Automatic,Diesel,117549.0,Silver,Makassar,223200000
Toyota,Yaris,2023,Manual,Bensin,30823.0,Putih,Surabaya,199600000
Toyota,Fortuner,2021,Automatic,Diesel,36977.0,Hitam,Bali,396400000
Daihatsu,Ayla,2009,Manual,Bensin,230269.0,Abu-abu,Jakarta,14800000
Mitsubishi,Xpander,2021,Manual,Bensin,65611.0,Silver,Medan,149700000
Suzuki,Ertiga,2015,Manual,Bensin,64097.0,Merah,Makassar,66500000
Mercedes-Benz,GLA,2018,Automatic,Bensin,111904.0,Biru,Bandung,312300000
Honda,HR-V,2011,MT,Bensin,160342.0,Abu-abu,Makassar,57300000
Honda,City,2014,Automatic,Bensin,86003.0,Abu-abu,Jakarta,80500000
Honda,HR-V,2020,Automatic,Bensin,57233.0,Abu-abu,Surabaya,183900000
Toyota,Avanza,2012,Manual,Bensin,131759.0,Biru,Surabaya,38200000
Suzuki,Baleno,2017,Manual,Diesel,127693.0,Hitam,Surabaya,84200000
Honda,City,2015,Automatic,Bensin,169804.0,Putih,Bandung,87300000
Toyota,Innova,2022,Manual,Bensin,19402.0,Silver,Yogyakarta,237400000
Mercedes-Benz,C-Class,2020,Automatic,Bensin,47911.0,Putih,Jakarta,481400000
Suzuki,XL7,2019,Automatic,Bensin,61649.0,Merah,Bali,137800000
Toyota,Rush,2008,Manual,Bensin,295190.0,Biru,Surabaya,23300000
Nissan,Livina,2012,Manual,Bensin,215122.0,Biru,Makassar,33500000
Toyota,Calya,2010,Manual,Bensin,235302.0,Hitam,Semarang,19100000
Suzuki,Carry,2008,Manual,Bensin,274964.0,Silver,Makassar,14100000
BMW,Seri 3,2011,Automatic,Bensin,137262.0,Putih,Bandung,140600000
Mitsubishi,Xpander,2011,Automatic,Bensin,230406.0,Silver,Yogyakarta,43600000
Suzuki,Ertiga,2022,Automatic,Bensin,48213.0,Silver,Surabaya,160000000
Mitsubishi,Xpander,2016,Manual,Bensin,204121.0,Biru,Jakarta,71000000
Mitsubishi,Pajero Sport,2016,Automatic,Diesel,113519.0,,Jakarta,217500000
Honda,HR-V,2021,Manual,Bensin,70352.0,Biru,Makassar,251500000
Toyota,Calya,2017,Manual,Bensin,116828.0,Silver,Bali,54800000
Toyota,Yaris,2009,Manual,Bensin,87813.0,Biru,Makassar,30800000
Honda,BR-V,2018,Manual,Bensin,105402.0,Abu-abu,Jakarta,111400000
Honda,City,2020,Automatic,Bensin,68376.0,Abu-abu,Bandung,184000000
Honda,HR-V,2021,Manual,Bensin,61809.0,Hitam,Makassar,197600000
Daihatsu,Terios,2009,Automatic,Bensin,198887.0,Biru,Surabaya,29400000
Nissan,Livina,2015,Automatic,Bensin,144391.0,Biru,Bali,56100000
Nissan,X-Trail,2020,Manual,Diesel,95802.0,Hitam,Yogyakarta,218000000
Honda,Brio,2016,Automatic,Bensin,92731.0,Merah,Surabaya,50200000
Suzuki,Ignis,2012,Manual,Bensin,124670.0,Merah,Surabaya,32800000
Toyota,Innova,2021,Automatic,Bensin,36955.0,Abu-abu,Bali,248900000
Toyota,Innova,2019,Automatic,Diesel,87070.0,Silver,Yogyakarta,178300000
Mercedes-Benz,GLA,2011,Automatic,Bensin,173529.0,Putih,Bali,123400000
Mitsubishi,Pajero Sport,2013,Automatic,Diesel,156116.0,Putih,Surabaya,146900000
BMW,Seri 3,2022,Automatic,Bensin,68498.0,Abu-abu,Jakarta,630700000
Suzuki,Carry,2018,Manual,Bensin,150158.0,Silver,Yogyakarta,51800000
Toyota,Rush,2011,Automatic,Bensin,214086.0,Silver,Makassar,37300000
Mercedes-Benz,E-Class,2016,Automatic,Bensin,131784.0,Hitam,Jakarta,402900000
Toyota,Agya,2014,Matic,Bensin,106202.0,Abu-abu,Jakarta,38800000
Honda,Jazz,2010,Automatic,Bensin,218722.0,Silver,Yogyakarta,32800000
Suzuki,XL7,2018,Manual,Bensin,172795.0,Putih,Surabaya,111500000
Suzuki,Ignis,2015,Manual,Bensin,170308.0,Silver,Yogyakarta,39100000
Daihatsu,Terios,2016,Manual,Bensin,34735.0,Biru,Surabaya,76300000
BMW,Seri 3,2009,Automatic,Bensin,146012.0,Merah,Yogyakarta,125200000
Honda,Brio,2017,Automatic,Bensin,77920.0,Hitam,Jakarta,72600000
Mercedes-Benz,GLA,2009,Automatic,Bensin,198048.0,Putih,Surabaya,94400000
Toyota,Calya,2021,Automatic,Bensin,102107.0,Biru,Surabaya,94500000
Toyota,Agya,2015,Manual,Bensin,234121.0,Biru,Yogyakarta,35000000
Honda,CR-V,2020,Manual,Bensin,97983.0,Putih,Makassar,234400000
Daihatsu,Ayla,2017,Manual,Bensin,98084.0,Abu-abu,Yogyakarta,47900000
Suzuki,XL7,2021,Manual,Bensin,71686.0,Putih,Yogyakarta,166600000
Honda,HR-V,2009,Automatic,Bensin,235521.0,Biru,Jakarta,41800000
Honda,Mobilio,2008,Manual,Bensin,346725.0,Merah,Makassar,17700000
Nissan,X-Trail,2019,Automatic,Diesel,75215.0,Merah,Bali,231100000
Honda,CR-V,2010,Automatic,,,,Surabaya,66000000
Honda,Mobilio,2009,Manual,Bensin,117626.0,,Jakarta,26600000
Toyota,Calya,2016,Manual,Bensin,136636.0,Putih,Makassar,49100000
Toyota,Avanza,2016,Automatic,Bensin,150781.0,Abu-abu,Medan,68500000
Suzuki,XL7,2017,Automatic,Bensin,76692.0,Abu-abu,Yogyakarta,101500000
Toyota,Fortuner,2018,Automatic,Diesel,,,Surabaya,224500000
Toyota,Innova,2012,Automatic,Bensin,268838.0,Silver,Medan,0
Mercedes-Benz,GLA,2012,Automatic,Bensin,180204.0,Abu-abu,Medan,146400000
Honda,Jazz,2010,Manual,Bensin,269729.0,Abu-abu,Makassar,25000000
Mitsubishi,Pajero Sport,2018,Manual,Diesel,97332.0,Merah,Bandung,247000000
Mercedes-Benz,GLA,2011,Automatic,Bensin,188403.0,Biru,Bali,123900000
Suzuki,Ertiga,2018,Automatic,Bensin,81150.0,Biru,Semarang,92200000
Daihatsu,Gran Max,2016,Automatic,Bensin,136461.0,Biru,Bali,45200000
Mercedes-Benz,C-Class,2017,Automatic,Bensin,111164.0,Silver,Jakarta,306100000
Honda,CR-V,2010,Manual,Bensin,64435.0,Biru,Jakarta,75400000
Honda,HR-V,2023,Manual,Bensin,42107.0,Putih,Makassar,313900000
Toyota,Fortuner,2010,Manual,Diesel,280873.0,Silver,Bandung,65800000
Daihatsu,Xenia,2020,Manual,Bensin,68873.0,Merah,Semarang,105400000
Mitsubishi,Xpander,2014,Automatic,Bensin,111881.0,Silver,Bandung,61100000
BMW,Seri 5,2022,Automatic,Bensin,33057.0,Hitam,Makassar,795500000
Mitsubishi,Xpander,2019,Automatic,Bensin,79537.0,Hitam,Makassar,116400000
Honda,City,2012,Automatic,Bensin,165813.0,Biru,Medan,52600000
Suzuki,Ignis,2023,Manual,Bensin,19457.0,Putih,Jakarta,152300000
Honda,BR-V,2011,Manual,Bensin,145984.0,Merah,Semarang,36300000
Toyota,Calya,2022,Manual,Bensin,26184.0,Abu-abu,Semarang,122300000
Toyota,Avanza,2012,Automatic,Bensin,147732.0,,Bali,35900000
Toyota,Calya,2013,Manual,Bensin,220289.0,Putih,Makassar,31700000
Honda,Brio,2015,Automatic,Bensin,99797.0,Merah,Semarang,48900000
Honda,Brio,2010,Manual,Bensin,177769.0,Biru,Semarang,18300000
Toyota,Fortuner,2011,Automatic,Bensin,185357.0,Hitam,Semarang,77500000
Toyota,Calya,2008,Manual,Bensin,199970.0,Putih,Bandung,16400000
Honda,BR-V,2010,Automatic,Bensin,169815.0,Merah,Medan,35700000
Toyota,Innova,2018,Manual,Bensin,102944.0,Merah,Jakarta,173800000
Honda,City,2018,Manual,Bensin,102636.0,Abu-abu,Bali,123900000
Suzuki,Ignis,2008,Automatic,Bensin,274267.0,Putih,Jakarta,15700000
Toyota,Fortuner,2018,Automatic,Diesel,121599.0,Hitam,Surabaya,214900000
Daihatsu,Xenia,2013,Manual,Bensin,232436.0,Merah,Makassar,33600000
Nissan,X-Trail,2018,Automatic,Diesel,125102.0,Silver,Bandung,176400000
Honda,City,2009,Automatic,Bensin,126802.0,Merah,Bali,43100000
Honda,Mobilio,2008,Automatic,Bensin,285892.0,Abu-abu,Jakarta,21400000
Mercedes-Benz,GLA,2023,Manual,Bensin,16882.0,Biru,Semarang,668000000
Honda,Jazz,2015,Automatic,Bensin,163782.0,Abu-abu,Bandung,68200000
Suzuki,XL7,2011,Automatic,Bensin,266750.0,Putih,Jakarta,38900000
Suzuki,Baleno,2021,Manual,Bensin,72125.0,Hitam,Semarang,148600000
Daihatsu,Gran Max,2019,Automatic,Bensin,56882.0,Hitam,Bali,81400000
BMW,Seri 5,2016,Automatic,Bensin,146270.0,Abu-abu,Yogyakarta,0
Mercedes-Benz,C-Class,2014,Automatic,Bensin,140716.0,Abu-abu,Makassar,217100000
Mitsubishi,Xpander,2011,Manual,Bensin,149107.0,Merah,Surabaya,40200000
Honda,HR-V,2016,Manual,Bensin,115792.0,Hitam,Surabaya,107400000
Nissan,Grand Livina,2009,Manual,Bensin,232486.0,Hitam,Semarang,21300000
Toyota,Yaris,2008,Manual,Bensin,343388.0,Merah,Yogyakarta,18400000
Honda,Mobilio,2012,Manual,Bensin,264883.0,Abu-abu,Bali,32600000
Honda,Brio,2010,Manual,Bensin,152769.0,Hitam,Makassar,21000000
Mitsubishi,Xpander,2008,Manual,Bensin,331374.0,Merah,Medan,23300000
Suzuki,XL7,2012,Automatic,Bensin,196841.0,Silver,Yogyakarta,43600000
Toyota,Agya,2008,Manual,Bensin,136356.0,Silver,Semarang,15000000
Toyota,Yaris,2014,Manual,Bensin,106619.0,,Bandung,58700000
Honda,Brio,2019,Manual,Diesel,117109.0,Abu-abu,Makassar,89800000
Mercedes-Benz,C-Class,2015,Automatic,Bensin,176182.0,Silver,Makassar,215500000
Suzuki,XL7,2017,Manual,Bensin,94439.0,Merah,Yogyakarta,90500000
Honda,Brio,2021,Automatic,Diesel,,,Semarang,110200000
Daihatsu,Sigra,2010,Manual,Diesel,145585.0,Putih,Bandung,24100000
Toyota,Avanza,2008,Manual,Bensin,250372.0,Putih,Makassar,19800000
Toyota,Fortuner,2014,Automatic,Diesel,200516.0,Hitam,Yogyakarta,123300000
Honda,Mobilio,2020,Manual,Bensin,51434.0,Merah,Surabaya,125900000
Honda,Jazz,2017,Manual,Bensin,80324.0,Hitam,Yogyakarta,78500000
Honda,Mobilio,2009,Manual,Diesel,136786.0,Merah,Yogyakarta,28900000
Toyota,Calya,2023,MT,Bensin,22799.0,Merah,Jakarta,143900000
Mitsubishi,Pajero Sport,2023,Automatic,Diesel,34704.0,Biru,Semarang,540300000
Toyota,Yaris,2012,Manual,Bensin,183455.0,Putih,Medan,42100000
Honda,HR-V,2012,Manual,Bensin,191744.0,Hitam,Makassar,54700000
Honda,Jazz,2013,Manual,Bensin,217636.0,Biru,Bandung,45900000
Nissan,X-Trail,2018,MT,Bensin,112285.0,Hitam,Semarang,162200000
Toyota,Innova,2010,Automatic,Bensin,190606.0,Merah,Makassar,53200000
Mercedes-Benz,C-Class,2012,Matic,Bensin,246484.0,Abu-abu,Bali,140300000
Suzuki,Ertiga,2013,Manual,Bensin,164458.0,Silver,Surabaya,47900000
Daihatsu,Terios,2008,Manual,Bensin,80609.0,Silver,Medan,31200000
Daihatsu,Sigra,2019,Manual,Bensin,87054.0,Abu-abu,Surabaya,77800000
Honda,Jazz,2008,Automatic,Bensin,220967.0,Silver,Semarang,26100000
Nissan,Grand Livina,2014,Manual,Diesel,67728.0,Abu-abu,Yogyakarta,50400000
Honda,Mobilio,2014,Manual,Bensin,194700.0,Merah,Bandung,48400000
Toyota,Avanza,2018,Automatic,Bensin,108339.0,Silver,Makassar,81400000
Honda,Mobilio,2013,Manual,Bensin,192657.0,Biru,Bali,35900000
Daihatsu,Xenia,2016,Manual,Bensin,46962.0,Abu-abu,Bali,64400000
Toyota,Rush,2009,Manual,Bensin,92131.0,Merah,Bandung,36600000
Nissan,X-Trail,2023,Manual,Diesel,36190.0,Silver,Surabaya,340400000
Mercedes-Benz,GLA,2015,Automatic,Bensin,166629.0,Silver,Yogyakarta,216000000
Mercedes-Benz,E-Class,2019,Automatic,Bensin,73292.0,Merah,Medan,741000000
Mercedes-Benz,GLA,2010,Automatic,Bensin,225034.0,Merah,Bali,104300000
Toyota,Agya,2016,Manual,Bensin,187171.0,Abu-abu,Bali,42900000
Honda,HR-V,2010,Manual,Bensin,296473.0,Putih,Makassar,35600000
Honda,CR-V,2018,Manual,Bensin,150847.0,Merah,Yogyakarta,164700000
Honda,Jazz,2010,Manual,Bensin,238312.0,Merah,Semarang,30800000
Nissan,X-Trail,2008,Manual,Diesel,217068.0,Merah,Yogyakarta,39200000
Suzuki,Ertiga,2008,Manual,Bensin,205119.0,Merah,Makassar,20300000
Nissan,Livina,2019,Automatic,Bensin,53582.0,Biru,Makassar,106600000
Toyota,Yaris,2010,Manual,Bensin,162948.0,Merah,Semarang,34300000
Honda,City,2016,Automatic,Bensin,169697.0,Putih,Surabaya,96200000
Toyota,Agya,2009,Manual,Bensin,290685.0,Hitam,Surabaya,15000000
Nissan,X-Trail,2018,Automatic,Bensin,100869.0,Biru,Yogyakarta,180800000
Honda,CR-V,2021,Automatic,Bensin,58321.0,Silver,Medan,265500000
Toyota,Agya,2010,Manual,Bensin,255341.0,Merah,Medan,18500000
Honda,BR-V,2020,Manual,,,,Bali,138600000
Daihatsu,Xenia,2017,Manual,Bensin,98705.0,Abu-abu,Surabaya,65400000
Toyota,Agya,2022,Manual,Bensin,41553.0,Merah,Bandung,101800000
Daihatsu,Sigra,2012,Manual,Bensin,245696.0,Putih,Bali,24000000
Mitsubishi,Xpander,2019,Manual,Bensin,70815.0,Biru,Semarang,111600000
Honda,Mobilio,2012,Manual,Bensin,147691.0,Merah,Medan,39300000
Honda,HR-V,2015,Manual,Bensin,167498.0,Abu-abu,Jakarta,91600000
Honda,City,2018,Manual,Bensin,118980.0,Silver,Bandung,128900000
Honda,Brio,2017,Manual,Bensin,107569.0,Merah,Surabaya,60500000
Toyota,Innova,2012,Automatic,Bensin,209454.0,Abu-abu,Makassar,68200000
Daihatsu,Ayla,2015,Manual,Bensin,158296.0,Hitam,Medan,35100000
Suzuki,XL7,2011,Manual,Bensin,64707.0,Abu-abu,Semarang,43000000
Honda,CR-V,2022,Manual,Bensin,31796.0,Merah,Bandung,330100000
Suzuki,Baleno,2008,Automatic,Bensin,212588.0,Silver,Bali,21800000
Nissan,X-Trail,2022,Automatic,Bensin,15816.0,Abu-abu,Surabaya,322700000
Honda,City,2008,Manual,Bensin,210815.0,Abu-abu,Makassar,28400000
Toyota,Fortuner,2018,Manual,Diesel,81785.0,Silver,Bali,223200000
Mitsubishi,Xpander,2022,Manual,Bensin,61152.0,Biru,Semarang,172600000
Daihatsu,Terios,2009,Matic,Bensin,292651.0,Putih,Makassar,24700000
Suzuki,Baleno,2008,Automatic,Bensin,197503.0,Putih,Medan,24400000
Toyota,Rush,2015,Manual,Bensin,172146.0,Hitam,Yogyakarta,68100000
Suzuki,Baleno,2021,Manual,Bensin,21813.0,Hitam,Bali,146300000
Honda,CR-V,2008,Manual,Bensin,264592.0,Abu-abu,Medan,38700000
Suzuki,Ignis,2016,Matic,Bensin,152931.0,Putih,Bali,50100000
BMW,Seri 3,2020,Automatic,Bensin,92292.0,Biru,Yogyakarta,433100000
Toyota,Agya,2019,Manual,Bensin,76021.0,Silver,Makassar,67000000
Nissan,Livina,2020,Manual,Bensin,105496.0,Hitam,Yogyakarta,105300000
Mitsubishi,Triton,2012,Manual,Diesel,264314.0,Hitam,Jakarta,60800000
Honda,Jazz,2015,Manual,Bensin,138472.0,Abu-abu,Semarang,60700000
Mitsubishi,Xpander,2021,Manual,Bensin,75144.0,Hitam,Surabaya,170700000
BMW,Seri 5,2023,Automatic,Bensin,12796.0,Abu-abu,Bandung,991300000
Toyota,Avanza,2013,Matic,Bensin,139944.0,Hitam,Jakarta,47000000
Mercedes-Benz,E-Class,2013,Automatic,Bensin,232578.0,Silver,Bandung,253100000
Suzuki,Carry,2021,Manual,Bensin,47754.0,Hitam,Yogyakarta,91600000
Daihatsu,Gran Max,2017,Manual,Bensin,120075.0,,Surabaya,50400000
Daihatsu,Gran Max,2019,Manual,Bensin,71588.0,Hitam,Makassar,75400000
Honda,City,2020,Automatic,Diesel,58940.0,Hitam,Bali,180900000
Toyota,Fortuner,2008,Automatic,Diesel,204010.0,Merah,Semarang,56100000
BMW,Seri 5,2009,Automatic,Bensin,212776.0,Merah,Bali,126400000
Toyota,Innova,2021,Manual,Bensin,62725.0,Hitam,Bandung,256400000
Daihatsu,Xenia,2009,Matic,Bensin,211761.0,Merah,Jakarta,25400000
BMW,Seri 5,2014,Automatic,,,,Bali,298700000
Toyota,Fortuner,2023,Automatic,Diesel,29751.0,Biru,Surabaya,420100000
Daihatsu,Sigra,2016,Automatic,Bensin,93954.0,Hitam,Bali,49800000
BMW,Seri 3,2018,Automatic,Bensin,69406.0,Biru,Jakarta,418700000
Suzuki,Ertiga,2011,Manual,Bensin,241832.0,Biru,Yogyakarta,31900000
Honda,Jazz,2013,Manual,Bensin,177196.0,Biru,Surabaya,47000000
Mitsubishi,Triton,2009,Manual,Diesel,290183.0,Biru,Semarang,44000000
Mitsubishi,Triton,2011,Automatic,Diesel,128887.0,Abu-abu,Jakarta,59200000
Suzuki,Ignis,2014,Manual,Diesel,109598.0,Silver,Surabaya,48300000
Toyota,Yaris,2023,Automatic,Bensin,28461.0,Merah,Jakarta,209000000
Honda,Jazz,2018,Manual,Diesel,135083.0,Merah,Surabaya,92200000
Toyota,Rush,2023,Automatic,Bensin,31085.0,Biru,Medan,218200000
Daihatsu,Sigra,2020,Manual,Bensin,84224.0,Abu-abu,Semarang,69800000
Suzuki,XL7,2022,Manual,Bensin,51859.0,Merah,Surabaya,191600000
Honda,Mobilio,2022,Manual,Bensin,32958.0,Abu-abu,Bali,160400000
Mercedes-Benz,E-Class,2015,Automatic,Bensin,153070.0,Hitam,Yogyakarta,354400000
Honda,CR-V,2020,Manual,Bensin,63586.0,Merah,Yogyakarta,229200000
BMW,Seri 3,2010,Automatic,Bensin,144309.0,Hitam,Makassar,114300000
Toyota,Yaris,2014,Automatic,Bensin,228708.0,Hitam,Bandung,48500000
Honda,City,2012,Automatic,Bensin,249568.0,Silver,Semarang,56300000
Mercedes-Benz,E-Class,2023,Manual,Diesel,42135.0,Putih,Makassar,1171200000
Toyota,Rush,2008,,,,,Makassar,22500000
Toyota,Avanza,2012,Manual,Bensin,175556.0,Hitam,Semarang,36700000
Mercedes-Benz,GLA,2014,Automatic,Bensin,210815.0,Biru,Bandung,166100000
Toyota,Agya,2012,Automatic,Bensin,127935.0,Abu-abu,Makassar,25900000
Toyota,Avanza,2010,Manual,Bensin,213658.0,Putih,Medan,25500000
Honda,BR-V,2020,Manual,Bensin,68715.0,Merah,Makassar,141000000
Suzuki,Baleno,2011,Manual,Bensin,155914.0,Hitam,Surabaya,34500000
Toyota,Innova,2015,Manual,Bensin,100266.0,,Yogyakarta,109300000
Toyota,Agya,2021,Manual,Bensin,74015.0,Silver,Semarang,87800000
Daihatsu,Gran Max,2010,Manual,Bensin,262078.0,Silver,Medan,17800000
Toyota,Fortuner,2013,Automatic,Diesel,216646.0,Abu-abu,Medan,105000000
Suzuki,XL7,2015,Manual,Bensin,151719.0,Hitam,Jakarta,67900000
Suzuki,XL7,2015,Automatic,Bensin,130533.0,Hitam,Bandung,76300000
Mitsubishi,Pajero Sport,2020,Manual,Diesel,69537.0,Putih,Semarang,260500000
Honda,City,2015,Manual,Bensin,133676.0,Putih,Bali,73900000
Suzuki,Carry,2010,Manual,Bensin,170427.0,Putih,Semarang,21000000
Honda,BR-V,2008,Automatic,Bensin,288631.0,Abu-abu,Bali,24400000
Mitsubishi,Triton,2008,Automatic,Bensin,144734.0,Hitam,Bandung,42500000
Mercedes-Benz,GLA,2014,Automatic,Diesel,170219.0,Silver,Bandung,184700000
Honda,HR-V,2017,Automatic,Bensin,156459.0,Silver,Bali,132300000
Toyota,Calya,2008,Manual,Bensin,227232.0,Silver,Bali,16200000
Nissan,X-Trail,2020,Manual,Bensin,89899.0,Hitam,Bali,240900000
Mercedes-Benz,E-Class,2023,Automatic,Bensin,32080.0,Hitam,Yogyakarta,1042000000
Suzuki,Baleno,2015,Manual,Bensin,112604.0,Biru,Jakarta,61500000
Suzuki,Ertiga,2017,Manual,Bensin,132889.0,Putih,Surabaya,74900000
Toyota,Rush,2010,Manual,Bensin,255159.0,Silver,Bali,31500000
Honda,HR-V,2013,Manual,Bensin,170137.0,Abu-abu,Jakarta,58300000
Honda,Brio,2015,Automatic,Bensin,197790.0,Abu-abu,Semarang,45400000
BMW,X5,2008,Automatic,Diesel,208967.0,Merah,Bali,169100000
Suzuki,Carry,2010,Manual,Bensin,247287.0,Merah,Semarang,18600000
Suzuki,Ertiga,2020,Manual,Diesel,58469.0,Hitam,Semarang,118500000
Toyota,Agya,2022,Manual,Bensin,24787.0,Silver,Medan,104300000
BMW,Seri 3,2017,Automatic,Bensin,108693.0,Biru,Yogyakarta,324200000
Mitsubishi,Triton,2012,Automatic,Diesel,212794.0,Abu-abu,Semarang,68600000
Suzuki,Carry,2019,Manual,Bensin,94528.0,Putih,Bali,74700000
Toyota,Innova,2016,Manual,Bensin,110876.0,,Medan,117100000
Toyota,Agya,2016,Matic,Bensin,,,Makassar,50200000
Suzuki,Ertiga,2009,Manual,Bensin,204773.0,Merah,Bandung,25500000
Toyota,Yaris,2009,Manual,Diesel,283286.0,Merah,Bali,27600000
Suzuki,Baleno,2021,Manual,Bensin,28735.0,Putih,Medan,141300000
BMW,Seri 5,2018,Matic,Bensin,115086.0,Hitam,Jakarta,474700000
BMW,Seri 3,2008,Automatic,Bensin,303015.0,Abu-abu,Medan,66600000
Honda,HR-V,2009,Manual,Diesel,297481.0,Biru,Jakarta,37600000
Honda,Mobilio,2008,Manual,Bensin,299500.0,Merah,Makassar,16600000
Toyota,Avanza,2013,Manual,Bensin,206820.0,Abu-abu,Medan,42600000
Toyota,Innova,2015,Manual,Bensin,185863.0,Merah,Medan,94100000
Toyota,Yaris,2019,Automatic,Bensin,46915.0,Abu-abu,Makassar,111800000
Toyota,Avanza,2017,Manual,Diesel,115647.0,Hitam,Semarang,73900000
Toyota,Fortuner,2016,Automatic,Diesel,131862.0,Biru,Surabaya,177900000
Mercedes-Benz,C-Class,2012,Automatic,Bensin,168615.0,Putih,Bali,165200000
Daihatsu,Terios,2013,MT,Bensin,151410.0,Silver,Jakarta,42200000
Honda,Jazz,2018,Manual,Bensin,164299.0,Biru,Semarang,82700000
Toyota,Calya,2022,Automatic,Bensin,44015.0,Silver,Bandung,114600000
Suzuki,Baleno,2014,Manual,Bensin,217956.0,Merah,Bandung,50100000
Mitsubishi,Triton,2021,Manual,Bensin,35387.0,Abu-abu,Yogyakarta,263800000
Daihatsu,Sigra,2016,Manual,Bensin,241685.0,Abu-abu,Surabaya,37300000
Suzuki,Carry,2010,Manual,Bensin,202489.0,Merah,Yogyakarta,19800000
Honda,CR-V,2010,Manual,Bensin,306843.0,Merah,Bali,45300000
Honda,Jazz,2009,Manual,Bensin,272919.0,Biru,Makassar,24100000
Toyota,Calya,2012,Manual,Bensin,199112.0,Silver,Bali,25000000
Nissan,X-Trail,2023,Manual,Bensin,37712.0,Merah,Semarang,325700000
Daihatsu,Sigra,2010,Automatic,Bensin,279134.0,Merah,Surabaya,18900000
Toyota,Yaris,2018,Manual,Bensin,52344.0,Biru,Surabaya,99400000
Honda,Mobilio,2015,Manual,Bensin,179330.0,Biru,Medan,56000000
Daihatsu,Xenia,2015,Manual,Bensin,112336.0,Biru,Bandung,47100000
Honda,City,2015,Manual,Bensin,66866.0,Hitam,Jakarta,90800000
Toyota,Agya,2010,Automatic,Diesel,144803.0,Merah,Surabaya,22500000
Daihatsu,Xenia,2017,Manual,Bensin,104840.0,Biru,Makassar,66700000
Toyota,Avanza,2016,Manual,Bensin,124191.0,Abu-abu,Bandung,58000000
Honda,HR-V,2017,Automatic,Bensin,118908.0,Biru,Surabaya,135400000
Daihatsu,Terios,2010,Manual,Bensin,198013.0,Hitam,Makassar,33300000
Honda,Brio,2008,Manual,Bensin,186840.0,Abu-abu,Semarang,16600000
Toyota,Fortuner,2019,Manual,Diesel,118556.0,Silver,Bandung,251100000
Daihatsu,Terios,2016,Manual,Bensin,153976.0,Abu-abu,Yogyakarta,68700000
Toyota,Innova,2023,Manual,Bensin,38872.0,Putih,Jakarta,336500000
Daihatsu,Terios,2011,Manual,Bensin,329730.0,Abu-abu,Jakarta,30900000
Suzuki,Ignis,2020,Automatic,Bensin,27224.0,Biru,Medan,102100000
Toyota,Agya,2021,Manual,Bensin,48651.0,Abu-abu,Semarang,98300000
Toyota,Innova,2018,Manual,Diesel,119504.0,Hitam,Bandung,15320000000
Mitsubishi,Pajero Sport,2021,Automatic,Diesel,52948.0,Abu-abu,Surabaya,417700000
BMW,Seri 5,2008,Manual,Bensin,241379.0,Biru,Makassar,106800000
Toyota,Agya,2023,Manual,Bensin,38749.0,Hitam,Bandung,115300000
Daihatsu,Terios,2021,Automatic,Bensin,78963.0,Hitam,Yogyakarta,151400000
Nissan,Grand Livina,2017,Automatic,Bensin,133524.0,Biru,Makassar,68900000
Suzuki,XL7,2012,Manual,Bensin,213994.0,Abu-abu,Semarang,44900000
Daihatsu,Sigra,2012,Manual,Bensin,123742.0,Silver,Yogyakarta,29700000
Toyota,Rush,2017,Manual,Bensin,120783.0,Merah,Bali,73700000
Toyota,Calya,2009,Automatic,Bensin,284215.0,Abu-abu,Yogyakarta,18200000
Honda,Mobilio,2022,Manual,Bensin,40547.0,Merah,Bandung,148200000
Daihatsu,Xenia,2023,Manual,Bensin,48262.0,Putih,Jakarta,160900000
Mitsubishi,Triton,2011,Manual,Diesel,189570.0,Biru,Semarang,58600000
Daihatsu,Xenia,2010,Automatic,Bensin,153479.0,Abu-abu,Surabaya,27400000
Toyota,Agya,2016,Automatic,Bensin,153959.0,Silver,Makassar,47000000
Toyota,Yaris,2015,Manual,Bensin,37959.0,Putih,Medan,61900000
Toyota,Avanza,2021,Manual,Bensin,66025.0,Silver,Bali,112500000
Honda,Mobilio,2013,Automatic,Bensin,145652.0,Merah,Jakarta,47700000
Mitsubishi,Xpander,2012,Manual,Bensin,185886.0,Biru,Medan,45800000
Toyota,Innova,2022,Automatic,Bensin,10314.0,Merah,Jakarta,309900000
Toyota,Calya,2014,Automatic,Bensin,153373.0,Abu-abu,Bandung,39200000
Nissan,X-Trail,2012,Automatic,Diesel,156159.0,Putih,Medan,81800000
Daihatsu,Gran Max,2022,Automatic,Bensin,55382.0,Hitam,Medan,119600000
Honda,Mobilio,2015,Manual,Bensin,196592.0,Silver,Makassar,59700000
Mercedes-Benz,GLA,2008,Automatic,Bensin,207218.0,Merah,Yogyakarta,75700000
Toyota,Yaris,2015,Manual,Diesel,36013.0,Hitam,Surabaya,74300000
Mitsubishi,Xpander,2022,Matic,Bensin,27186.0,Abu-abu,Semarang,198300000
Nissan,X-Trail,2008,Automatic,Diesel,161958.0,Merah,Semarang,43100000
Honda,Mobilio,2018,MT,Bensin,110176.0,Merah,Bali,93700000
Mitsubishi,Pajero Sport,2021,,,,,Surabaya,379700000
Toyota,Yaris,2022,MT,Bensin,46948.0,Hitam,Medan,173800000
Toyota,Rush,2022,Automatic,Bensin,23361.0,Hitam,Semarang,179100000
Daihatsu,Sigra,2022,Manual,Bensin,32284.0,Silver,Bali,109500000
Mitsubishi,Pajero Sport,2019,Automatic,Bensin,99382.0,Biru,Semarang,244600000
Toyota,Fortuner,2016,Automatic,Bensin,100045.0,Biru,Bandung,165300000
Mitsubishi,Xpander,2016,Manual,Bensin,135363.0,Putih,Makassar,74200000
Mitsubishi,Triton,2012,Manual,Diesel,149607.0,Silver,Surabaya,76500000
Mercedes-Benz,C-Class,2008,Automatic,Bensin,277535.0,Merah,Bali,76800000
Mitsubishi,Pajero Sport,2023,Automatic,Diesel,20071.0,Silver,Yogyakarta,541100000
Mitsubishi,Xpander,2015,MT,Bensin,83108.0,Putih,Bali,69000000
Honda,City,2019,Manual,Diesel,121694.0,Hitam,Medan,169600000
Toyota,Avanza,2015,Manual,Bensin,85516.0,Abu-abu,Bali,58600000
Toyota,Calya,2009,Manual,Bensin,178045.0,Hitam,Surabaya,21900000
Toyota,Agya,2009,Manual,Bensin,113158.0,Merah,Jakarta,18500000
Toyota,Fortuner,2016,Automatic,Bensin,149216.0,Abu-abu,Yogyakarta,152200000
BMW,Seri 5,2014,Automatic,Bensin,122207.0,Putih,Bali,270500000
Suzuki,Ertiga,2023,Manual,Bensin,31090.0,Biru,Yogyakarta,17300000000
BMW,Seri 5,2014,Automatic,Bensin,134952.0,Putih,Medan,262000000
Daihatsu,Ayla,2018,Manual,Bensin,108244.0,Merah,Surabaya,52700000
Mitsubishi,Xpander,2015,Manual,Bensin,175075.0,Merah,Yogyakarta,65200000
BMW,Seri 3,2013,Automatic,Bensin,199923.0,Silver,Semarang,141000000
Mitsubishi,Pajero Sport,2016,Manual,Bensin,113124.0,Merah,Jakarta,169700000
Honda,Mobilio,2014,MT,Bensin,86516.0,Putih,Semarang,45100000
Daihatsu,Terios,2022,Manual,Diesel,37098.0,Abu-abu,Yogyakarta,191500000
Toyota,Avanza,2013,Automatic,Bensin,101624.0,Silver,Medan,47000000
Toyota,Yaris,2008,Manual,Bensin,125006.0,Biru,Makassar,27900000
Honda,Brio,2023,Automatic,Bensin,36537.0,Merah,Makassar,149600000
Honda,Mobilio,2012,Automatic,Bensin,254875.0,Abu-abu,Semarang,35700000
Mitsubishi,Xpander,2019,Manual,Bensin,82619.0,Abu-abu,Makassar,107100000
Daihatsu,Xenia,2022,Manual,Bensin,54307.0,Putih,Bali,148500000
Daihatsu,Ayla,2008,Manual,Bensin,228820.0,Putih,Jakarta,13000000
Toyota,Agya,2011,Manual,Bensin,140289.0,Silver,Surabaya,25000000
Daihatsu,Sigra,2016,Automatic,Bensin,93954.0,Hitam,Bali,49800000
Toyota,Yaris,2020,Manual,Bensin,112215.0,Putih,Yogyakarta,122000000
Toyota,Yaris,2013,Automatic,Bensin,159254.0,Abu-abu,Jakarta,51900000
Honda,Brio,2015,Manual,Diesel,113303.0,Merah,Surabaya,46400000
Daihatsu,Xenia,2009,Automatic,Bensin,188191.0,Merah,Bali,22400000
BMW,X5,2015,Automatic,Bensin,134939.0,Merah,Bali,417000000
Mitsubishi,Triton,2016,Manual,Bensin,141257.0,Silver,Medan,109600000
Toyota,Yaris,2011,Automatic,Diesel,262760.0,Merah,Surabaya,33600000
Nissan,X-Trail,2008,Manual,Bensin,263399.0,Biru,Yogyakarta,40800000
Toyota,Rush,2012,Automatic,Bensin,126496.0,Merah,Jakarta,52700000
Suzuki,Ertiga,2012,Automatic,Bensin,163280.0,Silver,Makassar,38900000
Toyota,Innova,2013,Automatic,Bensin,136580.0,Silver,Medan,80200000
BMW,X5,2008,Automatic,Bensin,284080.0,Biru,Semarang,125500000
Nissan,Livina,2010,Manual,Bensin,246550.0,Silver,Bandung,23500000
BMW,Seri 3,2016,Automatic,Bensin,105065.0,Hitam,Yogyakarta,261900000
Honda,Jazz,2014,Automatic,Bensin,47358.0,Merah,Medan,64700000
Honda,BR-V,2019,Manual,Bensin,73777.0,Merah,Jakarta,132000000
Honda,CR-V,2010,Manual,Bensin,321302.0,Putih,Medan,46700000
Honda,Mobilio,2018,Manual,Bensin,85797.0,Biru,Yogyakarta,92800000
Honda,Jazz,2008,Automatic,Bensin,258345.0,Biru,Medan,23300000
Toyota,Calya,2021,Manual,Bensin,54288.0,Silver,Jakarta,103400000
Daihatsu,Sigra,2008,Manual,Bensin,359548.0,Silver,Yogyakarta,10700000
Toyota,Calya,2023,Manual,Bensin,17478.0,Putih,Medan,140400000
Suzuki,Ignis,2015,Manual,Bensin,143557.0,Hitam,Surabaya,48800000
Mitsubishi,Pajero Sport,2009,Automatic,Bensin,218639.0,Silver,Bandung,68500000
Daihatsu,Xenia,2016,Manual,Bensin,138105.0,Silver,Yogyakarta,56700000
Daihatsu,Sigra,2022,Manual,Bensin,40241.0,Hitam,Jakarta,116400000
Honda,City,2014,Manual,Bensin,184072.0,Putih,Semarang,64100000
Mercedes-Benz,C-Class,2011,Automatic,Bensin,207362.0,Silver,Semarang,142700000
Mitsubishi,Pajero Sport,2020,Automatic,Bensin,87629.0,Merah,Yogyakarta,309700000
Toyota,Avanza,2022,Manual,Bensin,39865.0,Hitam,Yogyakarta,157700000
Suzuki,Ertiga,2017,Manual,Bensin,77895.0,Merah,Jakarta,82200000
Honda,City,2014,Automatic,Bensin,187382.0,Biru,Semarang,75200000
Daihatsu,Sigra,2019,Matic,Bensin,77415.0,Hitam,Surabaya,85600000
Daihatsu,Gran Max,2022,Automatic,Bensin,64275.0,Biru,Surabaya,122200000
Toyota,Rush,2017,Manual,Bensin,101879.0,Abu-abu,Medan,91200000
Honda,Mobilio,2017,Manual,Bensin,85184.0,Biru,Bandung,68400000
Toyota,Rush,2017,Manual,Bensin,131212.0,Biru,Surabaya,96800000
BMW,X5,2010,Manual,Bensin,345326.0,Hitam,Bandung,160200000
Daihatsu,Sigra,2014,MT,Bensin,155671.0,Silver,Makassar,35800000
Toyota,Agya,2017,Manual,Bensin,100760.0,Hitam,Bandung,49400000
Toyota,Yaris,2022,Automatic,Diesel,50567.0,Abu-abu,Surabaya,205900000
Honda,City,2009,Manual,Bensin,180671.0,Biru,Bandung,32500000
Toyota,Yaris,2013,Manual,Bensin,88637.0,Putih,Surabaya,55200000
Toyota,Rush,2022,Manual,Bensin,51367.0,Hitam,Surabaya,186100000
Mitsubishi,Triton,2016,Automatic,Bensin,155544.0,Biru,Semarang,112500000
Daihatsu,Gran Max,2011,Automatic,Diesel,246187.0,Putih,Jakarta,24900000
Honda,BR-V,2021,Automatic,Bensin,45667.0,Hitam,Yogyakarta,176500000
Honda,Brio,2015,Manual,Bensin,147930.0,Biru,Semarang,40700000
Mercedes-Benz,E-Class,2019,Manual,Bensin,89588.0,Abu-abu,Makassar,601100000
Honda,BR-V,2016,Manual,Bensin,152856.0,Merah,Surabaya,83600000
Mitsubishi,Xpander,2011,Automatic,Bensin,-5000.0,Biru,Bandung,43000000
Daihatsu,Terios,2014,Manual,Bensin,169648.0,Hitam,Medan,52200000
Suzuki,XL7,2019,Manual,Bensin,47848.0,Hitam,Yogyakarta,125900000
BMW,X5,2017,Automatic,Bensin,124744.0,Biru,Makassar,582200000
Mitsubishi,Pajero Sport,2015,,,,,Medan,176700000
Toyota,Fortuner,2022,Automatic,Diesel,66374.0,Merah,Jakarta,411700000
Mercedes-Benz,GLA,2020,Matic,Bensin,69885.0,Abu-abu,Semarang,441800000
Toyota,Calya,2014,Manual,Bensin,113301.0,Biru,Bali,38800000
Daihatsu,Sigra,2021,Automatic,Bensin,62560.0,Putih,Surabaya,101000000
Honda,Brio,2021,Manual,Bensin,35659.0,Abu-abu,Bandung,87900000
Toyota,Fortuner,2014,Automatic,Diesel,112538.0,Silver,Yogyakarta,123400000
Toyota,Calya,2018,Manual,Bensin,142378.0,Merah,Semarang,65000000
Mitsubishi,Xpander,2014,Manual,Bensin,209005.0,Biru,Surabaya,52300000
Nissan,Grand Livina,2016,Manual,Bensin,110881.0,Silver,Makassar,63800000
Toyota,Calya,2015,Manual,Bensin,219674.0,Putih,Jakarta,38700000
Suzuki,Ignis,2015,Automatic,Bensin,240073.0,Putih,Medan,40500000
Daihatsu,Sigra,2016,Manual,Bensin,161153.0,Silver,Makassar,48400000
Daihatsu,Ayla,2023,Automatic,Diesel,29629.0,Abu-abu,Surabaya,118000000
Honda,Mobilio,2023,Manual,Bensin,17974.0,Merah,Medan,187200000
Daihatsu,Sigra,2008,Automatic,Bensin,235471.0,Hitam,Yogyakarta,15000000
Toyota,Innova,2020,Automatic,Bensin,106771.0,Putih,Yogyakarta,197200000
Honda,City,2009,Manual,Bensin,288074.0,Merah,Semarang,31400000
Honda,HR-V,2015,Automatic,Bensin,142360.0,Silver,Bandung,88600000
Toyota,Calya,2010,Manual,Bensin,143468.0,Abu-abu,Makassar,22800000
Toyota,Agya,2015,Manual,Bensin,126743.0,Biru,Medan,43300000
Honda,Jazz,2017,Manual,Bensin,104607.0,Abu-abu,Makassar,69900000
Suzuki,Ignis,2018,Automatic,Bensin,83858.0,Biru,Medan,74500000
Honda,Mobilio,2019,Automatic,Bensin,47644.0,Putih,Bandung,107500000
Daihatsu,Sigra,2021,Manual,Bensin,64444.0,Biru,Makassar,100900000
Toyota,Calya,2012,Manual,Bensin,188221.0,Abu-abu,Yogyakarta,27600000
Suzuki,Ertiga,2018,Manual,Bensin,81317.0,Merah,Yogyakarta,79800000
Toyota,Agya,2010,Automatic,Bensin,128835.0,Merah,Medan,23000000
Mercedes-Benz,E-Class,2008,Automatic,Bensin,314622.0,Hitam,Bandung,131600000
Nissan,X-Trail,2009,Matic,Diesel,296649.0,Abu-abu,Medan,47200000
Honda,City,2022,Manual,Bensin,58778.0,Abu-abu,Bali,223900000
Nissan,X-Trail,2014,Automatic,Bensin,180689.0,Merah,Bali,112300000
Honda,CR-V,2023,Automatic,Bensin,31309.0,Abu-abu,Bandung,386200000
Honda,BR-V,2021,MT,Bensin,61270.0,Silver,Bandung,158700000
Daihatsu,Terios,2012,Manual,Bensin,174057.0,Hitam,Yogyakarta,40800000
Toyota,Fortuner,2015,Automatic,Bensin,148164.0,Biru,Yogyakarta,138000000
Daihatsu,Ayla,2019,Manual,Bensin,84828.0,Putih,Jakarta,67000000
Daihatsu,Gran Max,2015,Manual,Bensin,140124.0,Silver,Bali,36100000
Toyota,Yaris,2020,Manual,Bensin,68758.0,Merah,Bandung,132500000
Toyota,Avanza,2020,Manual,Bensin,66048.0,Hitam,Yogyakarta,112800000
Mercedes-Benz,GLA,2019,Automatic,Bensin,,,Yogyakarta,343200000
Mitsubishi,Pajero Sport,2018,Manual,Diesel,161884.0,Merah,Surabaya,212800000
Mercedes-Benz,GLA,2014,Manual,Bensin,,,Bali,181500000
Honda,BR-V,2012,Automatic,Diesel,209516.0,Putih,Surabaya,52100000
Honda,HR-V,2021,Automatic,Bensin,52693.0,Putih,Medan,227200000
Mitsubishi,Pajero Sport,2014,Manual,Bensin,144488.0,Putih,Jakarta,134500000
Suzuki,Ertiga,2015,Manual,Bensin,100164.0,Merah,Makassar,68500000
Mitsubishi,Xpander,2021,Manual,Bensin,53750.0,Abu-abu,Jakarta,147700000
BMW,Seri 3,2014,Automatic,Bensin,145570.0,Silver,Semarang,203200000
Daihatsu,Terios,2022,Automatic,Bensin,61195.0,Abu-abu,Semarang,209400000
Daihatsu,Xenia,2016,Automatic,Bensin,161237.0,Hitam,Semarang,57500000
Honda,CR-V,2019,Automatic,Diesel,85339.0,Hitam,Bali,239000000
Honda,CR-V,2015,Automatic,Bensin,171045.0,Merah,Makassar,116500000
Suzuki,XL7,2015,Manual,Bensin,161459.0,Silver,Semarang,68800000
Toyota,Fortuner,2010,Automatic,Diesel,284197.0,Merah,Jakarta,69700000
Nissan,X-Trail,2018,Automatic,Diesel,74818.0,Putih,Makassar,210100000
Toyota,Agya,2022,Automatic,Bensin,,,Makassar,94700000
Honda,Mobilio,2020,Automatic,Bensin,56026.0,Merah,Bali,121800000
Honda,Jazz,2021,Manual,Bensin,41975.0,Hitam,Bandung,125000000
Honda,Mobilio,2017,Manual,Bensin,67101.0,Biru,Semarang,69900000
Suzuki,Ignis,2009,Manual,Bensin,269311.0,Silver,Yogyakarta,17100000
Nissan,Grand Livina,2017,Automatic,Bensin,145388.0,Putih,Medan,67600000
Toyota,Avanza,2015,Automatic,Diesel,89220.0,Putih,Yogyakarta,67500000
Mitsubishi,Xpander,2016,Manual,Bensin,185854.0,Silver,Medan,70400000
Mitsubishi,Xpander,2015,Manual,Bensin,166015.0,Silver,Makassar,63800000
Honda,HR-V,2023,Automatic,Bensin,24494.0,Silver,Jakarta,304500000
BMW,Seri 5,2013,Automatic,Bensin,227819.0,Putih,Surabaya,218600000
Suzuki,Carry,2010,Manual,Bensin,221368.0,Silver,Jakarta,19200000
Suzuki,XL7,2015,Automatic,Bensin,154241.0,Silver,Medan,76300000
BMW,Seri 3,2011,Automatic,Bensin,202426.0,Silver,Surabaya,154400000
Honda,City,2020,Automatic,Bensin,71253.0,Abu-abu,Surabaya,165700000
Mitsubishi,Xpander,2010,Automatic,Diesel,182361.0,Hitam,Semarang,34100000
Daihatsu,Ayla,2019,Manual,Bensin,112163.0,Merah,Surabaya,57700000
Toyota,Innova,2017,Manual,Bensin,83735.0,Abu-abu,Bali,119600000
Toyota,Yaris,2013,Manual,Diesel,156064.0,,Semarang,53800000
Suzuki,Carry,2021,Manual,Bensin,85968.0,Abu-abu,Bali,81700000
Honda,Brio,2010,Manual,Bensin,188583.0,Biru,Jakarta,23300000
Honda,BR-V,2021,MT,Bensin,71578.0,Abu-abu,Surabaya,161800000
Toyota,Fortuner,2009,Manual,Diesel,224148.0,Putih,Medan,58700000
Daihatsu,Ayla,2020,Automatic,Bensin,87259.0,Abu-abu,Surabaya,68100000
Honda,BR-V,2014,Manual,Bensin,182209.0,Silver,Bali,57700000
Daihatsu,Gran Max,2015,Automatic,Bensin,147001.0,Merah,Bandung,40500000
Toyota,Rush,2019,Manual,Bensin,83389.0,Hitam,Semarang,122500000
Mitsubishi,Pajero Sport,2021,Automatic,Bensin,41670.0,Merah,Makassar,377600000
Mitsubishi,Pajero Sport,2017,Manual,Bensin,97720.0,Abu-abu,Yogyakarta,235600000
BMW,Seri 3,2023,Automatic,Bensin,21023.0,Abu-abu,Semarang,751700000
Honda,BR-V,2008,Manual,Bensin,171799.0,Merah,Bali,23400000
Toyota,Innova,2020,Manual,Bensin,63871.0,Biru,Semarang,184000000
Mitsubishi,Triton,2012,Manual,Diesel,203456.0,Hitam,Makassar,58400000
Nissan,Livina,2008,Manual,Diesel,243999.0,Silver,Yogyakarta,19200000
Nissan,Grand Livina,2023,Manual,Diesel,29994.0,Hitam,Bali,174500000
Mitsubishi,Pajero Sport,2017,Matic,Bensin,162364.0,Merah,Jakarta,197900000
Honda,Mobilio,2013,Automatic,Bensin,208106.0,Merah,Bali,42000000
Nissan,X-Trail,2021,Automatic,Diesel,23643.0,Merah,Surabaya,304100000
Mercedes-Benz,GLA,2012,Matic,Bensin,162040.0,Merah,Jakarta,155400000
BMW,Seri 5,2019,Automatic,Bensin,71542.0,Hitam,Surabaya,531200000
Suzuki,Carry,2019,,,,,Bandung,67800000
Honda,HR-V,2014,,,,,Surabaya,81200000
Mercedes-Benz,GLA,2009,Automatic,,,,Yogyakarta,86600000
Honda,Mobilio,2020,Manual,Bensin,33129.0,Abu-abu,Semarang,115000000
Toyota,Rush,2013,Manual,Bensin,188049.0,Silver,Yogyakarta,54700000
Toyota,Fortuner,2021,Automatic,Diesel,50255.0,Biru,Makassar,361300000
Mercedes-Benz,GLA,2017,Manual,Bensin,137239.0,Silver,Medan,238600000
Toyota,Avanza,2022,Manual,Bensin,28953.0,Hitam,Makassar,149800000
Daihatsu,Terios,2014,Manual,Bensin,139719.0,Silver,Surabaya,58100000
Honda,CR-V,2021,Automatic,Bensin,82817.0,,Makassar,304800000
Honda,Jazz,2016,Manual,Bensin,137821.0,Biru,Semarang,67900000
Honda,Brio,2009,Manual,Bensin,192512.0,Hitam,Yogyakarta,18700000
Mitsubishi,Pajero Sport,2010,Automatic,Diesel,174223.0,Merah,Semarang,82600000
Suzuki,Ignis,2010,,,,,Makassar,19900000
Nissan,X-Trail,2009,Manual,Diesel,188880.0,Biru,Bali,47600000
Honda,Mobilio,2019,Matic,Bensin,99956.0,Merah,Bali,95500000
Suzuki,Baleno,2022,Manual,Bensin,39602.0,Abu-abu,Bandung,161800000
Honda,City,2019,Automatic,Bensin,119001.0,,Bandung,137400000
Nissan,X-Trail,2008,Automatic,Diesel,,,Jakarta,45200000
Toyota,Avanza,2010,Manual,Bensin,188728.0,Hitam,Jakarta,28200000
Toyota,Yaris,2013,Automatic,Bensin,30202.0,Abu-abu,Jakarta,62200000
Toyota,Fortuner,2020,Automatic,Bensin,78758.0,Silver,Semarang,323800000
Daihatsu,Gran Max,2020,Manual,Bensin,55731.0,Hitam,Bandung,87100000
Daihatsu,Gran Max,2015,Manual,Bensin,77173.0,Hitam,Surabaya,46500000
Honda,BR-V,2018,Automatic,Diesel,89343.0,Putih,Bandung,113200000
Toyota,Innova,2015,Manual,Bensin,160397.0,Biru,Makassar,100400000
Honda,City,2014,Matic,Diesel,123844.0,Biru,Bandung,85700000
Nissan,X-Trail,2008,Automatic,Diesel,138118.0,Putih,Medan,53000000
Honda,Mobilio,2013,Manual,Bensin,128857.0,Silver,Bandung,44400000
Suzuki,Baleno,2019,Automatic,Bensin,76718.0,Biru,Bali,109000000
Daihatsu,Ayla,2013,Manual,Bensin,138230.0,Hitam,Yogyakarta,26800000
Toyota,Fortuner,2013,Automatic,Diesel,186537.0,Merah,Semarang,119100000
Toyota,Innova,2010,Manual,Bensin,241127.0,Hitam,Medan,39600000
Mitsubishi,Xpander,2011,Automatic,Bensin,212205.0,Abu-abu,Yogyakarta,35200000
Daihatsu,Ayla,2014,Manual,Diesel,131648.0,Merah,Semarang,32700000
BMW,Seri 5,2020,Automatic,Bensin,55209.0,Hitam,Bali,718400000
Mitsubishi,Xpander,2012,Manual,Bensin,268582.0,Merah,Bali,42000000
Daihatsu,Xenia,2019,Manual,Bensin,105343.0,Putih,Yogyakarta,88400000
Daihatsu,Terios,2008,Automatic,Diesel,271397.0,Hitam,Jakarta,24900000
BMW,Seri 3,2013,Automatic,Bensin,168289.0,Silver,Surabaya,191000000
Toyota,Avanza,2023,Automatic,Bensin,1232.0,Abu-abu,Bali,194800000
Toyota,Avanza,2019,Automatic,Bensin,89530.0,Putih,Yogyakarta,104400000
Honda,HR-V,2015,Automatic,Bensin,108144.0,Biru,Medan,93000000
Toyota,Fortuner,2016,Automatic,Bensin,92808.0,Silver,Makassar,151600000
Toyota,Yaris,2008,Manual,Diesel,290348.0,Hitam,Makassar,18000000
Suzuki,Ignis,2012,Manual,Bensin,281499.0,Abu-abu,Medan,27500000
Honda,Brio,2020,Manual,Bensin,40035.0,Abu-abu,Bandung,86600000
Toyota,Fortuner,2015,Automatic,Bensin,131224.0,Silver,Semarang,130300000
Toyota,Agya,2018,Automatic,Bensin,141392.0,Abu-abu,Medan,61600000
Honda,Mobilio,2014,Manual,Bensin,99936.0,Biru,Jakarta,53400000
Toyota,Avanza,2020,Manual,Bensin,78976.0,Silver,Bali,115700000
Toyota,Yaris,2019,Manual,Bensin,83109.0,Abu-abu,Yogyakarta,114900000
Toyota,Avanza,2021,Automatic,Bensin,,,Semarang,152000000
Nissan,X-Trail,2021,Manual,Bensin,77043.0,Merah,Yogyakarta,250200000
Mitsubishi,Triton,2017,Automatic,Diesel,95300.0,Hitam,Bandung,140400000
Suzuki,Ertiga,2017,Manual,Bensin,117140.0,Biru,Surabaya,88100000
Mitsubishi,Xpander,2012,Manual,Bensin,251535.0,Biru,Yogyakarta,41300000
Honda,HR-V,2018,Automatic,Diesel,146011.0,Silver,Surabaya,147500000
Suzuki,Ignis,2014,Manual,Bensin,92894.0,Merah,Yogyakarta,41500000
Nissan,Livina,2009,Automatic,Bensin,,,Semarang,23900000
Honda,CR-V,2021,Manual,Bensin,79015.0,Biru,Bali,292500000
Suzuki,Ignis,2017,Manual,Bensin,,,Surabaya,61500000
Daihatsu,Ayla,2008,Manual,Bensin,239270.0,Abu-abu,Yogyakarta,13200000
Toyota,Innova,2015,Manual,Bensin,118167.0,Merah,Yogyakarta,93300000
BMW,Seri 3,2015,Automatic,Bensin,173832.0,Biru,Jakarta,233800000
Mercedes-Benz,C-Class,2013,Automatic,Diesel,215027.0,Putih,Surabaya,198300000
Daihatsu,Terios,2022,Manual,Diesel,49466.0,Silver,Jakarta,181400000
Mercedes-Benz,E-Class,2012,Automatic,Bensin,181547.0,Merah,Semarang,230300000
Daihatsu,Terios,2012,Manual,Bensin,198113.0,Abu-abu,Bandung,35900000
Toyota,Agya,2021,Manual,Bensin,50672.0,Hitam,Semarang,84700000
Daihatsu,Sigra,2008,Automatic,Bensin,44278.0,Abu-abu,Semarang,21600000
Toyota,Innova,2013,Automatic,Diesel,181981.0,Putih,Jakarta,80800000
Mercedes-Benz,C-Class,2009,Automatic,Bensin,237886.0,Hitam,Makassar,104400000
Toyota,Avanza,2010,Automatic,Bensin,286465.0,Merah,Makassar,23900000
Honda,Mobilio,2022,Manual,Bensin,40947.0,Hitam,Yogyakarta,152400000
Suzuki,Baleno,2012,Manual,Bensin,195947.0,Silver,Surabaya,34100000
Mercedes-Benz,GLA,2019,Automatic,Bensin,84937.0,Merah,Semarang,387600000
Toyota,Fortuner,2016,Automatic,Diesel,111850.0,Hitam,Makassar,158500000
Honda,HR-V,2022,Automatic,Bensin,67485.0,Putih,Bandung,224400000
Honda,BR-V,2023,Automatic,Diesel,38637.0,Putih,Medan,186100000
Toyota,Rush,2015,Automatic,Bensin,137792.0,Hitam,Yogyakarta,73800000
Daihatsu,Ayla,2014,Manual,Bensin,253840.0,Biru,Medan,24200000
Honda,Mobilio,2009,Automatic,Bensin,312907.0,,Bandung,22300000
Mitsubishi,Xpander,2016,Automatic,Bensin,76012.0,Hitam,Bali,86700000
Toyota,Agya,2018,Manual,Bensin,116488.0,Biru,Surabaya,62200000
Toyota,Yaris,2023,Automatic,Bensin,18343.0,Biru,Bandung,198500000
BMW,Seri 5,2014,Automatic,Bensin,192683.0,Hitam,Makassar,210600000
Toyota,Yaris,2009,Manual,Bensin,281146.0,Hitam,Yogyakarta,26300000
Toyota,Calya,2021,Manual,Bensin,54885.0,Biru,Medan,96200000
Suzuki,Carry,2010,Manual,Bensin,285028.0,Hitam,Makassar,16200000
BMW,Seri 3,2014,Manual,Bensin,247592.0,Silver,Jakarta,164100000
Honda,Mobilio,2010,Automatic,Bensin,142131.0,Merah,Semarang,32600000
Toyota,Avanza,2019,Automatic,Bensin,94260.0,Abu-abu,Makassar,90600000
Toyota,Fortuner,2020,Automatic,Diesel,76675.0,Merah,Surabaya,322400000
Toyota,Calya,2018,Manual,Bensin,120580.0,Abu-abu,Yogyakarta,62100000
Mercedes-Benz,E-Class,2010,Automatic,Bensin,291787.0,Hitam,Jakarta,167600000
Suzuki,XL7,2014,Manual,Bensin,209856.0,Merah,Makassar,58800000
Mitsubishi,Xpander,2012,Manual,Bensin,177058.0,Merah,Surabaya,41500000
Daihatsu,Sigra,2014,Manual,Bensin,150182.0,Hitam,Yogyakarta,34000000
Suzuki,Ertiga,2009,Manual,Bensin,225976.0,Silver,Yogyakarta,26400000
Toyota,Innova,2010,Manual,Bensin,241127.0,Hitam,Medan,39600000
Honda,Mobilio,2018,Manual,Bensin,91181.0,Merah,Yogyakarta,78600000
Suzuki,Ertiga,2009,Manual,Bensin,250106.0,Merah,Jakarta,26900000
Toyota,Avanza,2014,Manual,Bensin,166718.0,Putih,Medan,48500000
Suzuki,Baleno,2018,Manual,Bensin,104405.0,Biru,Semarang,89500000
Toyota,Rush,2021,Manual,Bensin,50932.0,Biru,Bandung,160800000
Toyota,Innova,2012,Manual,Bensin,149216.0,Abu-abu,Surabaya,65200000
Honda,HR-V,2015,Manual,Bensin,151617.0,Merah,Jakarta,100500000
Honda,Mobilio,2017,Manual,Bensin,79606.0,Abu-abu,Medan,82100000
Nissan,Livina,2018,Manual,Bensin,44002.0,Putih,Medan,93200000
BMW,Seri 3,2019,Automatic,Bensin,103146.0,Hitam,Makassar,389200000
BMW,Seri 5,2010,Automatic,Diesel,199211.0,Merah,Medan,165900000
Daihatsu,Terios,2020,Manual,Bensin,76173.0,Merah,Jakarta,137100000
Honda,HR-V,2017,Manual,Bensin,118521.0,Biru,Yogyakarta,122300000
Nissan,Livina,2013,Manual,Bensin,139238.0,Hitam,Semarang,42300000
Honda,Jazz,2023,Automatic,Bensin,20271.0,Biru,Bali,223300000
Toyota,Innova,2021,Manual,Bensin,62282.0,Biru,Jakarta,209400000
Toyota,Innova,2008,Automatic,Bensin,272648.0,Abu-abu,Surabaya,36500000
Honda,CR-V,2015,Automatic,Bensin,101762.0,Merah,Yogyakarta,128000000
Suzuki,Baleno,2012,Manual,Diesel,260643.0,Silver,Surabaya,36500000
Toyota,Calya,2015,Manual,Bensin,129239.0,Merah,Jakarta,42100000
Toyota,Agya,2009,Manual,Bensin,228213.0,Hitam,Yogyakarta,15900000
Mercedes-Benz,E-Class,2010,Automatic,Bensin,167818.0,Merah,Makassar,181300000
Honda,Brio,2019,Manual,Bensin,83293.0,Abu-abu,Medan,74000000
Mitsubishi,Pajero Sport,2015,Manual,Diesel,114814.0,Merah,Makassar,177600000
Daihatsu,Gran Max,2016,Automatic,Bensin,101991.0,Merah,Bali,48900000
Suzuki,Ignis,2012,Manual,Bensin,152506.0,Putih,Bandung,30400000
Nissan,Grand Livina,2010,Automatic,Bensin,159865.0,Biru,Makassar,25700000
Daihatsu,Xenia,2010,Manual,Bensin,236102.0,Merah,Surabaya,23600000
Honda,City,2009,Manual,Bensin,237330.0,Silver,Bali,35000000
Honda,Brio,2016,Manual,Bensin,135083.0,Putih,Medan,50600000
Toyota,Calya,2017,Manual,Bensin,151322.0,Silver,Surabaya,54100000
Daihatsu,Gran Max,2018,Automatic,Bensin,92873.0,Putih,Jakarta,60300000
Mitsubishi,Xpander,2022,Manual,Bensin,36530.0,Putih,Yogyakarta,218700000
Mitsubishi,Pajero Sport,2019,Manual,Diesel,43310.0,Abu-abu,Bali,347900000
Toyota,Agya,2021,Manual,Bensin,70747.0,Abu-abu,Surabaya,90900000
Daihatsu,Ayla,2012,Manual,Bensin,149842.0,Merah,Surabaya,24200000
Mitsubishi,Pajero Sport,2022,Automatic,Diesel,23953.0,Silver,Yogyakarta,476800000
Daihatsu,Ayla,2008,MT,Bensin,293955.0,Putih,Medan,11200000
Toyota,Avanza,2015,Manual,Bensin,160367.0,,Bandung,54100000
Suzuki,Baleno,2009,Manual,Bensin,252632.0,Silver,Jakarta,27500000
Toyota,Innova,2010,Automatic,Diesel,160375.0,Hitam,Makassar,58100000
Honda,CR-V,2023,Manual,Bensin,51568.0,Abu-abu,Bandung,375500000
Mitsubishi,Triton,2008,Automatic,Bensin,277969.0,Biru,Surabaya,39400000
Toyota,Rush,2022,Manual,Bensin,21611.0,Merah,Makassar,155000000
Toyota,Calya,2021,Automatic,Bensin,67379.0,Putih,Bali,95600000
Toyota,Yaris,2015,Automatic,Bensin,140358.0,Putih,Yogyakarta,61500000
Toyota,Innova,2017,Automatic,Bensin,28052.0,Putih,Semarang,146400000
Daihatsu,Sigra,2013,Automatic,Diesel,151809.0,Merah,Jakarta,36600000
Toyota,Innova,2015,Manual,Bensin,142391.0,Merah,Medan,98400000
Honda,Mobilio,2023,Manual,Bensin,49184.0,,Bandung,139000000
Daihatsu,Sigra,2017,Manual,Bensin,63449.0,Abu-abu,Bali,66800000
Honda,Mobilio,2008,Manual,Bensin,222639.0,Hitam,Medan,23200000
Toyota,Fortuner,2016,Automatic,Bensin,185389.0,Putih,Jakarta,135400000
Mercedes-Benz,C-Class,2022,Automatic,Diesel,49786.0,Hitam,Jakarta,744500000
Honda,Brio,2008,Automatic,Bensin,191950.0,Silver,Bandung,16400000
Toyota,Rush,2012,Automatic,Bensin,114845.0,Silver,Medan,40800000
Toyota,Yaris,2023,Manual,Bensin,17324.0,Merah,Semarang,205600000
Mercedes-Benz,E-Class,2013,Automatic,Bensin,263770.0,Abu-abu,Bandung,244200000
Toyota,Yaris,2019,Manual,Bensin,99505.0,Hitam,Surabaya,104200000
Suzuki,Baleno,2014,Manual,Diesel,145105.0,Abu-abu,Semarang,52500000
Toyota,Calya,2013,Manual,Bensin,189698.0,Merah,Medan,29000000
Toyota,Rush,2015,Manual,Bensin,152347.0,Silver,Yogyakarta,73700000
Daihatsu,Terios,2010,Manual,Bensin,192915.0,Abu-abu,Bali,30000000
Mercedes-Benz,GLA,2018,Automatic,Bensin,137894.0,Silver,Yogyakarta,308800000
Toyota,Yaris,2012,Manual,Bensin,196530.0,Hitam,Medan,38600000
Toyota,Calya,2019,Manual,Bensin,96637.0,Hitam,Semarang,69200000
Daihatsu,Xenia,2015,Manual,Bensin,173488.0,Silver,Semarang,52700000
Nissan,Livina,2021,Automatic,Bensin,18520.0,,Yogyakarta,139600000
Nissan,X-Trail,2019,Automatic,Bensin,87132.0,Hitam,Makassar,217500000
Mercedes-Benz,E-Class,2015,Automatic,Bensin,248618.0,Putih,Yogyakarta,340200000
Suzuki,XL7,2020,Automatic,Bensin,83346.0,Merah,Bali,131200000
Suzuki,Baleno,2014,Manual,Bensin,240488.0,Silver,Yogyakarta,46400000
Mitsubishi,Triton,2021,Automatic,Diesel,66530.0,Merah,Makassar,248300000
BMW,X5,2020,Automatic,Bensin,93644.0,Silver,Yogyakarta,912200000
Toyota,Agya,2022,Manual,Diesel,54574.0,Abu-abu,Makassar,108200000
Toyota,Avanza,2023,Automatic,Bensin,19223.0,Hitam,Makassar,196500000
Honda,City,2009,Automatic,Bensin,221362.0,Abu-abu,Medan,31900000
Honda,City,2013,Manual,Bensin,225843.0,Merah,Semarang,59000000
Nissan,Grand Livina,2008,Manual,Bensin,260474.0,Putih,Surabaya,19400000
Nissan,X-Trail,2008,Manual,Bensin,221300.0,Putih,Bali,41700000
Toyota,Innova,2020,Manual,Bensin,25590.0,Hitam,Jakarta,187900000
Suzuki,Ignis,2023,Manual,Bensin,41896.0,Putih,Bandung,126300000
Toyota,Fortuner,2013,Manual,Diesel,136245.0,Biru,Bandung,107000000
Honda,Mobilio,2019,Manual,Bensin,102196.0,Putih,Yogyakarta,114800000
Mitsubishi,Xpander,2011,Automatic,Bensin,359196.0,Abu-abu,Bali,29000000
Nissan,Livina,2012,Manual,Bensin,196349.0,Putih,Makassar,36900000
Daihatsu,Sigra,2019,Manual,Bensin,82739.0,Biru,Medan,74800000
BMW,Seri 5,2019,Automatic,Bensin,101142.0,Merah,Bali,476200000
Daihatsu,Sigra,2008,Manual,Bensin,270026.0,Silver,Semarang,14000000
Honda,HR-V,2021,Automatic,Bensin,48148.0,Hitam,Yogyakarta,227900000
Toyota,Fortuner,2016,Manual,Diesel,135313.0,Biru,Medan,165600000
Mercedes-Benz,GLA,2023,Automatic,Bensin,32140.0,Merah,Makassar,760600000
Mitsubishi,Triton,2014,Manual,Bensin,111502.0,Abu-abu,Makassar,76000000
Nissan,X-Trail,2018,Automatic,Diesel,38791.0,Merah,Bali,215400000
Toyota,Agya,2016,,,,,Jakarta,43600000
Honda,Brio,2018,Manual,Bensin,43166.0,Abu-abu,Yogyakarta,68400000
Toyota,Agya,2011,Manual,Bensin,153213.0,Hitam,Medan,20000000
Daihatsu,Sigra,2022,Automatic,Bensin,10637.0,Biru,Surabaya,139700000
Honda,HR-V,2012,Manual,Bensin,165644.0,Silver,Yogyakarta,58600000
Toyota,Yaris,2015,Manual,Bensin,139044.0,Putih,Makassar,58300000
Suzuki,Ertiga,2015,Manual,Bensin,162375.0,Abu-abu,Bandung,58800000
Suzuki,Baleno,2009,Automatic,Bensin,323022.0,Hitam,Bandung,23000000
Daihatsu,Sigra,2021,Automatic,Bensin,46553.0,Hitam,Yogyakarta,97000000
Suzuki,Baleno,2019,Manual,Bensin,60404.0,Silver,Medan,104000000
Toyota,Yaris,2017,Manual,Bensin,125400.0,Biru,Makassar,86200000
Honda,HR-V,2013,Manual,Bensin,93846.0,Abu-abu,Jakarta,79900000
Suzuki,Baleno,2018,Automatic,Bensin,66337.0,Hitam,Semarang,101100000
Daihatsu,Gran Max,2012,Manual,Bensin,188703.0,Abu-abu,Yogyakarta,22500000
Honda,Mobilio,2008,MT,Bensin,291171.0,Silver,Bali,17600000
Honda,HR-V,2019,Manual,Diesel,95035.0,Silver,Makassar,176300000
Honda,HR-V,2016,Manual,Bensin,128942.0,Abu-abu,Bandung,112800000
Nissan,Grand Livina,2008,Manual,Bensin,201627.0,Merah,Yogyakarta,19000000
Honda,City,2010,Automatic,Bensin,205030.0,Hitam,Yogyakarta,35400000
Toyota,Calya,2022,Manual,Bensin,47874.0,Abu-abu,Surabaya,113800000
Honda,Jazz,2015,Manual,Bensin,184736.0,Hitam,Bandung,71900000
Honda,BR-V,2017,Automatic,Bensin,149892.0,Putih,Makassar,90000000
Toyota,Fortuner,2016,Automatic,Diesel,148679.0,,Jakarta,180200000
Honda,HR-V,2022,Automatic,Bensin,39931.0,Biru,Makassar,299000000
Honda,CR-V,2013,Automatic,Bensin,103038.0,Biru,Jakarta,103200000
Mercedes-Benz,GLA,2016,Automatic,Diesel,133327.0,Putih,Bali,239700000
Honda,City,2016,Manual,Bensin,136615.0,Putih,Bandung,103100000
Honda,CR-V,2022,Automatic,Bensin,12033.0,Silver,Yogyakarta,391800000
Honda,Brio,2020,Manual,Bensin,55820.0,Silver,Bali,83000000
Mitsubishi,Xpander,2008,Manual,Diesel,180501.0,Merah,Yogyakarta,27000000
Daihatsu,Ayla,2020,Manual,Bensin,71485.0,Hitam,Bali,69300000
Daihatsu,Xenia,2011,Manual,Bensin,267309.0,Merah,Jakarta,25100000
Daihatsu,Ayla,2012,Manual,Bensin,194639.0,Hitam,Bandung,20800000
Mitsubishi,Xpander,2023,,,,,Semarang,194800000
BMW,Seri 3,2019,Automatic,Bensin,80455.0,Putih,Medan,425000000
Toyota,Avanza,2022,Automatic,Bensin,43985.0,Hitam,Yogyakarta,173000000
Daihatsu,Gran Max,2016,Manual,Bensin,233462.0,Merah,Makassar,40800000
Toyota,Agya,2020,Matic,Bensin,96742.0,Silver,Medan,81100000
Honda,City,2012,Manual,Bensin,250308.0,Biru,Bali,47600000
Honda,City,2021,Automatic,Bensin,28821.0,Hitam,Semarang,203300000
Toyota,Fortuner,2022,Manual,Diesel,46095.0,Biru,Yogyakarta,376500000
Toyota,Innova,2015,Automatic,Bensin,188950.0,Abu-abu,Bandung,101800000
Toyota,Calya,2022,Manual,Bensin,57992.0,Merah,Bandung,98800000
Toyota,Calya,2021,Manual,Bensin,31113.0,Hitam,Semarang,90100000
Toyota,Fortuner,2008,,,,,Semarang,57400000
Toyota,Fortuner,2021,Automatic,Bensin,58023.0,Merah,Surabaya,340300000
Toyota,Fortuner,2017,Manual,Diesel,151442.0,Merah,Yogyakarta,160200000
Suzuki,XL7,2017,Manual,Diesel,90863.0,Putih,Yogyakarta,97000000
Honda,HR-V,2008,Manual,Bensin,212725.0,Biru,Bali,37000000
Mercedes-Benz,E-Class,2023,Automatic,Bensin,37535.0,,Bali,1031900000
Suzuki,XL7,2019,Automatic,Bensin,72833.0,Merah,Makassar,145700000
BMW,X5,2023,Automatic,Bensin,35033.0,Silver,Bali,1303800000
Suzuki,Baleno,2019,Manual,Bensin,,,Bali,103200000
Mitsubishi,Pajero Sport,2008,Automatic,Diesel,,,Surabaya,55000000
Mitsubishi,Xpander,2023,Automatic,Bensin,25943.0,Putih,Makassar,207500000
Honda,Mobilio,2013,Manual,Bensin,144478.0,Abu-abu,Medan,43700000
Mercedes-Benz,GLA,2008,Automatic,Bensin,10728.0,Putih,Semarang,99300000
BMW,Seri 5,2017,Automatic,Bensin,143329.0,Merah,Jakarta,371200000
Suzuki,XL7,2020,Automatic,Bensin,82559.0,Hitam,Medan,147600000
Toyota,Innova,2011,Automatic,Bensin,224301.0,Merah,Medan,56500000
Daihatsu,Sigra,2023,Manual,Bensin,32619.0,Merah,Jakarta,124600000
Toyota,Yaris,2021,Automatic,Bensin,58068.0,Hitam,Surabaya,178500000
Toyota,Innova,2008,Automatic,Bensin,201886.0,Biru,Medan,39900000
Honda,Mobilio,2021,Manual,Bensin,22906.0,Silver,Surabaya,148400000
Honda,Mobilio,2011,Automatic,Bensin,166181.0,Merah,Semarang,37500000
Toyota,Yaris,2019,Automatic,Bensin,66077.0,Biru,Semarang,111800000
Toyota,Fortuner,2014,Automatic,Bensin,135375.0,Silver,Bali,128700000
Toyota,Avanza,2016,Automatic,Diesel,114986.0,Hitam,Semarang,70800000
Suzuki,Ignis,2023,Manual,Bensin,13237.0,Biru,Bandung,137700000
Mercedes-Benz,C-Class,2016,Automatic,Bensin,144469.0,Silver,Medan,292200000
Honda,Jazz,2023,Manual,Bensin,16801.0,Biru,Bandung,212500000
Suzuki,XL7,2012,Manual,Bensin,125015.0,Putih,Makassar,49600000
Honda,Jazz,2015,Manual,Bensin,81727.0,Putih,Bandung,54900000
Daihatsu,Ayla,2013,MT,Bensin,11681.0,Biru,Bali,29700000
Mitsubishi,Xpander,2023,Automatic,Bensin,46587.0,Merah,Surabaya,195100000
Honda,Jazz,2022,Manual,Bensin,51758.0,Biru,Semarang,175400000
Honda,Mobilio,2018,Automatic,Bensin,,,Bandung,97800000
BMW,X5,2018,Automatic,Bensin,66410.0,Biru,Makassar,669700000
Daihatsu,Sigra,2015,Automatic,Bensin,142368.0,Putih,Makassar,39300000
Nissan,Livina,2011,Automatic,Bensin,199058.0,Putih,Yogyakarta,33900000
Daihatsu,Terios,2021,Manual,Bensin,72743.0,,Makassar,147700000
Toyota,Avanza,2023,Matic,Bensin,41669.0,,Makassar,199600000
Mercedes-Benz,C-Class,2008,Automatic,Bensin,269077.0,Silver,Yogyakarta,81900000
Honda,Jazz,2022,Manual,Bensin,22131.0,Putih,Makassar,173100000
Honda,City,2014,Automatic,Bensin,121744.0,Silver,Surabaya,74800000
Toyota,Avanza,2019,Manual,Bensin,83753.0,,Bali,94300000
Daihatsu,Gran Max,2016,Manual,Diesel,95140.0,Putih,Medan,40700000
Toyota,Calya,2015,Automatic,Bensin,168555.0,Putih,Bali,42300000
Toyota,Calya,2012,Manual,Bensin,105398.0,Abu-abu,Jakarta,29800000
Toyota,Innova,2016,Automatic,Bensin,98209.0,Biru,Bandung,115100000
Daihatsu,Terios,2015,Manual,Bensin,143303.0,Silver,Jakarta,60300000
BMW,Seri 5,2017,Automatic,Bensin,150079.0,Abu-abu,Bandung,369100000
Honda,City,2011,MT,Bensin,161928.0,Putih,Bali,47200000
BMW,X5,2014,Automatic,Bensin,214363.0,Abu-abu,Surabaya,322400000
Mitsubishi,Triton,2019,Manual,Diesel,76361.0,Abu-abu,Semarang,178100000
Toyota,Calya,2012,Manual,Bensin,195526.0,Hitam,Makassar,27600000
Honda,HR-V,2009,Matic,Bensin,254951.0,Merah,Surabaya,40700000
Honda,Mobilio,2018,Manual,Bensin,52842.0,Putih,Makassar,80600000
Daihatsu,Gran Max,2014,Manual,Bensin,147290.0,Hitam,Jakarta,33600000
BMW,Seri 3,2023,Automatic,Bensin,18781.0,Putih,Bali,676000000
Daihatsu,Gran Max,2019,Manual,Bensin,108980.0,Biru,Bali,68100000
Honda,Mobilio,2013,Manual,Bensin,193963.0,Hitam,Jakarta,42200000
Honda,HR-V,2013,Automatic,Bensin,197818.0,Biru,Bandung,63000000
Honda,Mobilio,2009,Automatic,Bensin,206340.0,Biru,Makassar,22800000
Toyota,Innova,2008,Manual,Bensin,240232.0,Biru,Bali,33400000
Toyota,Fortuner,2013,Automatic,Diesel,110608.0,Biru,Surabaya,121900000
Toyota,Innova,2019,Automatic,Bensin,64298.0,Putih,Medan,151100000
Nissan,Grand Livina,2011,Manual,Bensin,154946.0,Biru,Semarang,30700000
Suzuki,Ertiga,2016,Manual,Bensin,151049.0,Putih,Bali,64200000
Toyota,Rush,2010,Automatic,Diesel,174888.0,Putih,Medan,33500000
Honda,City,2012,Automatic,Bensin,178660.0,Biru,Bandung,56500000
Honda,Brio,2008,Automatic,Bensin,251485.0,Merah,Semarang,16800000
Daihatsu,Sigra,2008,,,,,Makassar,15400000
BMW,Seri 5,2012,Automatic,Bensin,232062.0,Abu-abu,Yogyakarta,173200000
Mitsubishi,Triton,2022,Automatic,Diesel,41173.0,Biru,Semarang,318100000
Honda,CR-V,2014,Manual,Diesel,219715.0,Abu-abu,Semarang,97900000
Daihatsu,Xenia,2019,Manual,Bensin,69500.0,Silver,Jakarta,95400000
Daihatsu,Sigra,2015,Manual,Bensin,192460.0,Hitam,Makassar,36400000
Honda,HR-V,2012,Manual,Bensin,162229.0,Silver,Medan,62700000
Suzuki,Carry,2020,Manual,Bensin,90548.0,Merah,Surabaya,81600000
BMW,Seri 5,2020,Automatic,Diesel,58384.0,Silver,Bandung,568100000
Toyota,Avanza,2011,Automatic,Bensin,193641.0,Hitam,Jakarta,31700000
Suzuki,XL7,2019,Automatic,Bensin,,,Bali,124100000
Daihatsu,Xenia,2019,Manual,Bensin,81332.0,Putih,Surabaya,92000000
Toyota,Avanza,2016,MT,Bensin,112247.0,Silver,Makassar,67200000
Mitsubishi,Pajero Sport,2015,Automatic,Bensin,167092.0,Silver,Bandung,139900000
Suzuki,Carry,2013,Manual,Diesel,165482.0,Silver,Bandung,27200000
Honda,City,2014,Automatic,Diesel,191207.0,Putih,Bandung,77900000
Honda,CR-V,2015,Automatic,Bensin,127207.0,Hitam,Semarang,121700000
Suzuki,XL7,2013,,,,,Jakarta,59700000
Nissan,Grand Livina,2022,MT,Bensin,55731.0,Hitam,Semarang,144800000
Mitsubishi,Pajero Sport,2021,Manual,Diesel,53563.0,Biru,Surabaya,330600000
Daihatsu,Terios,2023,Manual,Bensin,31100.0,Merah,Bandung,188800000
Honda,Jazz,2022,Manual,Bensin,36816.0,Biru,Yogyakarta,156400000
Suzuki,Carry,2016,Manual,Bensin,164151.0,Silver,Medan,42900000
Toyota,Yaris,2017,Manual,Bensin,57884.0,Biru,Jakarta,88700000
Toyota,Avanza,2023,Automatic,Bensin,40292.0,Silver,Makassar,169900000
Suzuki,Ertiga,2022,Automatic,Bensin,55974.0,Silver,Jakarta,174400000
Toyota,Yaris,2008,Manual,Bensin,222621.0,Silver,Yogyakarta,21800000
Honda,City,2009,,,,,Surabaya,39400000
Mitsubishi,Triton,2017,Manual,Bensin,83376.0,Putih,Makassar,143400000
Toyota,Rush,2009,Manual,Bensin,280692.0,Putih,Jakarta,29000000
Honda,Mobilio,2019,Automatic,Bensin,73164.0,Merah,Makassar,112300000
Nissan,Livina,2009,Automatic,Bensin,219452.0,Abu-abu,Surabaya,26800000
Toyota,Innova,2020,Automatic,Bensin,118803.0,Hitam,Bandung,171800000
Suzuki,Ertiga,2012,Manual,Bensin,114683.0,Merah,Bandung,38200000
Daihatsu,Xenia,2023,Manual,Bensin,13715.0,Biru,Semarang,161900000
Daihatsu,Gran Max,2014,MT,Bensin,138429.0,Biru,Semarang,36600000
Honda,BR-V,2019,Automatic,Bensin,87471.0,Biru,Jakarta,91800000
Honda,HR-V,2013,Manual,Bensin,72984.0,Merah,Makassar,78400000
Daihatsu,Xenia,2022,Manual,Bensin,41047.0,Hitam,Semarang,121900000
Mercedes-Benz,C-Class,2023,Automatic,Bensin,29700.0,,Jakarta,802100000
Honda,CR-V,2015,Automatic,Bensin,182004.0,Silver,Makassar,114000000
Mitsubishi,Triton,2018,Automatic,Bensin,97632.0,Abu-abu,Bandung,147400000
Suzuki,Carry,2010,Automatic,Bensin,228582.0,Silver,Bandung,20100000
Toyota,Fortuner,2008,Automatic,Diesel,195057.0,Merah,Yogyakarta,65300000
Suzuki,Ertiga,2010,Automatic,Bensin,122572.0,Merah,Bandung,36300000
Honda,CR-V,2013,Automatic,Bensin,139768.0,Merah,Bandung,96900000
Toyota,Agya,2020,Manual,Bensin,51571.0,Silver,Makassar,80100000
Honda,BR-V,2012,Manual,Bensin,183723.0,Biru,Bandung,46000000
Toyota,Yaris,2011,Manual,Bensin,244216.0,Abu-abu,Surabaya,36100000
Toyota,Yaris,2021,Automatic,Bensin,18177.0,Silver,Jakarta,168400000
Toyota,Calya,2012,Automatic,Bensin,253170.0,Biru,Medan,28100000
Toyota,Rush,2017,Matic,Bensin,116217.0,Putih,Surabaya,97000000
Honda,Brio,2015,Automatic,Bensin,96138.0,Merah,Makassar,46900000
Honda,Mobilio,2010,Manual,Bensin,230422.0,Biru,Jakarta,23600000
BMW,X5,2010,Automatic,Bensin,253644.0,Silver,Makassar,191500000
Mitsubishi,Pajero Sport,2021,Automatic,Bensin,62374.0,Silver,Jakarta,449500000
Toyota,Yaris,2016,,,,,Bandung,71700000
Suzuki,XL7,2008,Automatic,Bensin,166836.0,Silver,Bandung,24300000
Daihatsu,Gran Max,2014,Manual,Diesel,33764.0,Silver,Medan,43600000
Toyota,Innova,2022,Manual,Bensin,26071.0,Silver,Bali,228400000
Mitsubishi,Pajero Sport,2008,Automatic,Bensin,128563.0,Putih,Medan,57300000
Honda,HR-V,2011,Manual,Bensin,284103.0,Biru,Jakarta,50400000
Mercedes-Benz,C-Class,2018,Automatic,Bensin,97690.0,Putih,Bali,384900000
Mitsubishi,Triton,2021,Automatic,Diesel,79658.0,Merah,Medan,282500000
Honda,Brio,2010,Manual,Bensin,184656.0,Putih,Makassar,20800000
BMW,X5,2008,Automatic,Diesel,267639.0,Merah,Makassar,147300000
Daihatsu,Gran Max,2008,Manual,Bensin,245432.0,Merah,Yogyakarta,16200000
Honda,Mobilio,2018,Automatic,Bensin,87120.0,Abu-abu,Surabaya,98000000
Toyota,Calya,2019,Manual,Bensin,49002.0,Hitam,Semarang,74000000
BMW,Seri 5,2008,Automatic,Bensin,260935.0,Biru,Semarang,112600000
Mercedes-Benz,C-Class,2015,Automatic,Bensin,72727.0,Biru,Bali,251100000
Honda,Jazz,2019,Manual,Bensin,77895.0,Abu-abu,Medan,120100000
Toyota,Innova,2015,Automatic,Bensin,159656.0,Putih,Semarang,102900000
Honda,City,2021,,,,,Surabaya,222600000
Toyota,Agya,2008,Manual,Bensin,227391.0,Abu-abu,Jakarta,14800000
Mercedes-Benz,C-Class,2023,Manual,Bensin,21975.0,Abu-abu,Jakarta,753500000
Mercedes-Benz,C-Class,2023,,,,,Bali,802200000
Daihatsu,Ayla,2023,Automatic,Bensin,5966.0,Silver,Yogyakarta,120100000
Honda,CR-V,2008,Automatic,Bensin,242917.0,Hitam,Yogyakarta,45800000
Toyota,Avanza,2010,Automatic,Bensin,105481.0,Merah,Medan,31100000
Honda,Mobilio,2013,Manual,Bensin,214570.0,Hitam,Bandung,37700000
Daihatsu,Ayla,2023,Manual,Bensin,13501.0,Abu-abu,Bali,97900000
Toyota,Avanza,2013,Manual,Bensin,173244.0,Merah,Jakarta,41100000
Daihatsu,Xenia,2011,Manual,Bensin,253228.0,Putih,Semarang,26300000
Honda,Jazz,2021,Manual,Bensin,73636.0,Silver,Makassar,147200000
Nissan,X-Trail,2015,Automatic,Bensin,214816.0,Abu-abu,Medan,90400000
Honda,Jazz,2013,,,,,Medan,46300000
Honda,CR-V,2020,Manual,Bensin,58262.0,Merah,Medan,241600000
Mitsubishi,Xpander,2020,Automatic,Bensin,28991.0,Hitam,Makassar,139500000
Daihatsu,Xenia,2012,Manual,Bensin,133384.0,Hitam,Surabaya,35200000
Toyota,Fortuner,2013,Automatic,Diesel,159844.0,Biru,Yogyakarta,117300000
Toyota,Avanza,2023,Manual,Bensin,26911.0,Abu-abu,Yogyakarta,174600000
Honda,Jazz,2016,Manual,Bensin,138888.0,Hitam,Semarang,75100000
Suzuki,Ertiga,2023,Automatic,Bensin,34763.0,Putih,Bali,200200000
Toyota,Avanza,2015,Automatic,Bensin,170670.0,Abu-abu,Medan,52700000
Toyota,Innova,2017,Manual,Bensin,121578.0,Putih,Medan,130400000
Mitsubishi,Pajero Sport,2012,Automatic,Diesel,151413.0,Merah,Semarang,128600000
Suzuki,Ignis,2013,Manual,Bensin,140413.0,Merah,Semarang,36300000
Toyota,Rush,2014,Manual,Bensin,126469.0,Merah,Jakarta,59700000
Daihatsu,Ayla,2018,Automatic,Bensin,164710.0,Putih,Jakarta,58900000
Toyota,Agya,2022,Manual,Bensin,44936.0,Abu-abu,Surabaya,105200000
Toyota,Calya,2020,,,,,Surabaya,90300000
Toyota,Yaris,2022,Automatic,Bensin,47623.0,Merah,Semarang,196800000
Mercedes-Benz,C-Class,2019,Automatic,Bensin,61836.0,Merah,Medan,406400000
Mercedes-Benz,C-Class,2008,Automatic,Bensin,250766.0,Silver,Bali,90300000
Mitsubishi,Pajero Sport,2013,Automatic,Diesel,129898.0,Merah,Bandung,114100000
Toyota,Agya,2017,Manual,Bensin,80052.0,Abu-abu,Surabaya,45900000
Mitsubishi,Pajero Sport,2011,Automatic,Bensin,261678.0,Silver,Semarang,84500000
Honda,CR-V,2023,Manual,Bensin,21181.0,Biru,Surabaya,359800000
Mercedes-Benz,GLA,2015,Automatic,Diesel,179197.0,Merah,Surabaya,21530000000
Toyota,Fortuner,2009,Automatic,Bensin,114333.0,Hitam,Makassar,58400000
Honda,Jazz,2010,Manual,Bensin,191480.0,Merah,Bandung,31800000
Honda,Mobilio,2020,Automatic,Bensin,84983.0,Merah,Jakarta,113000000
Toyota,Innova,2016,Manual,Bensin,111901.0,Biru,Jakarta,107000000
Mercedes-Benz,C-Class,2011,Automatic,Bensin,223676.0,,Surabaya,136200000
Daihatsu,Xenia,2014,Automatic,Bensin,129126.0,Putih,Bandung,40900000
Toyota,Calya,2012,MT,Bensin,286987.0,Abu-abu,Surabaya,22700000
BMW,X5,2012,Matic,Diesel,96436.0,Abu-abu,Surabaya,357000000
Toyota,Agya,2015,Manual,Bensin,76075.0,Biru,Yogyakarta,40100000
Daihatsu,Gran Max,2013,Automatic,Bensin,196374.0,Abu-abu,Jakarta,35200000
Honda,Mobilio,2019,Automatic,Bensin,75230.0,Merah,Surabaya,110400000
Toyota,Rush,2009,Manual,Bensin,178824.0,Merah,Jakarta,29700000
Daihatsu,Gran Max,2013,Manual,Bensin,198508.0,Abu-abu,Surabaya,29000000
Mercedes-Benz,C-Class,2018,Automatic,Bensin,119395.0,Abu-abu,Yogyakarta,362300000
Daihatsu,Gran Max,2015,Manual,Bensin,144756.0,Hitam,Semarang,37700000
Honda,BR-V,2011,Manual,Bensin,235509.0,Merah,Medan,34200000
Honda,Mobilio,2021,Automatic,Bensin,44815.0,Silver,Bali,148000000
BMW,Seri 5,2014,Automatic,Bensin,163110.0,Putih,Bali,277300000
BMW,Seri 3,2008,Automatic,Bensin,297824.0,Merah,Jakarta,81700000
Honda,City,2021,Manual,Bensin,50760.0,Putih,Bali,180900000
BMW,Seri 5,2015,Automatic,Bensin,116331.0,Putih,Makassar,318800000
Daihatsu,Terios,2022,Manual,Bensin,32020.0,Putih,Makassar,160600000
Nissan,Grand Livina,2009,Manual,Bensin,51661.0,Silver,Medan,25300000
Toyota,Calya,2017,Automatic,Bensin,103218.0,Biru,Bandung,65500000
Honda,Brio,2013,Manual,Bensin,224467.0,Biru,Semarang,27700000
Toyota,Rush,2020,Manual,Bensin,64924.0,Merah,Makassar,117000000
Daihatsu,Xenia,2016,Manual,Bensin,97593.0,Putih,Yogyakarta,57900000
Mitsubishi,Pajero Sport,2009,Matic,Bensin,235525.0,Abu-abu,Bali,63800000
Toyota,Fortuner,2015,Automatic,Bensin,156595.0,Hitam,Medan,141500000
Honda,HR-V,2020,Manual,Bensin,71446.0,Merah,Yogyakarta,207400000
Mitsubishi,Pajero Sport,2015,Automatic,Diesel,123968.0,Biru,Semarang,158500000
Daihatsu,Xenia,2013,Automatic,Bensin,118641.0,Silver,Yogyakarta,46200000
Toyota,Calya,2020,Automatic,Bensin,38100.0,Abu-abu,Bandung,99400000
Mitsubishi,Pajero Sport,2017,Automatic,Diesel,124850.0,Hitam,Jakarta,189800000
Honda,HR-V,2016,Automatic,Diesel,106776.0,Silver,Bandung,118000000
Toyota,Yaris,2022,Manual,Bensin,20536.0,Merah,Surabaya,171200000
Honda,CR-V,2022,Automatic,Bensin,64635.0,Putih,Jakarta,304700000
Toyota,Avanza,2020,Manual,Bensin,118421.0,Merah,Surabaya,114800000
BMW,X5,2020,Automatic,Bensin,69957.0,Merah,Medan,772000000
Daihatsu,Sigra,2019,MT,Bensin,153091.0,Putih,Bandung,63700000
Suzuki,Ignis,2018,Manual,Diesel,112231.0,Silver,Bandung,80400000
Honda,CR-V,2008,Automatic,Diesel,211854.0,Hitam,Medan,51700000
Toyota,Calya,2012,Manual,Bensin,154920.0,Biru,Yogyakarta,29900000
Toyota,Rush,2008,Automatic,Bensin,215639.0,Abu-abu,Makassar,24200000
Honda,Jazz,2018,Manual,Diesel,22082.0,Silver,Bali,124200000
Mitsubishi,Triton,2009,Automatic,Diesel,150066.0,Silver,Semarang,53100000
Toyota,Agya,2017,Automatic,Bensin,123969.0,Hitam,Semarang,49500000
Toyota,Innova,2015,Manual,Bensin,176102.0,Biru,Surabaya,97700000
Honda,BR-V,2019,Manual,Bensin,85698.0,Putih,Makassar,121800000
Toyota,Avanza,2016,Manual,Bensin,125786.0,Hitam,Semarang,63900000
Daihatsu,Terios,2018,Manual,Bensin,102003.0,Merah,Surabaya,90400000
Honda,City,2023,Automatic,Bensin,42344.0,Abu-abu,Semarang,254200000
Daihatsu,Terios,2014,Manual,Bensin,91071.0,Putih,Semarang,56400000
Toyota,Avanza,2018,Automatic,Bensin,38912.0,Silver,Makassar,100900000
Mitsubishi,Xpander,2009,Manual,Bensin,178157.0,Putih,Bali,31300000
Honda,Brio,2010,Manual,Bensin,208978.0,Abu-abu,Bandung,21100000
Daihatsu,Terios,2008,Manual,Bensin,349346.0,Hitam,Jakarta,18600000
Mercedes-Benz,E-Class,2022,Manual,Bensin,65557.0,Silver,Medan,894700000
Honda,Brio,2019,Manual,Bensin,115239.0,Abu-abu,Semarang,77200000
Toyota,Agya,2017,Manual,Bensin,96466.0,Abu-abu,Bandung,49600000
BMW,Seri 3,2021,Automatic,Bensin,80401.0,Hitam,Bandung,563100000
BMW,X5,2013,Automatic,Bensin,106890.0,Putih,Yogyakarta,327100000
Toyota,Calya,2018,Manual,Bensin,93825.0,Putih,Semarang,64000000
Toyota,Calya,2010,Manual,Bensin,214351.0,Abu-abu,Bandung,19000000
Toyota,Yaris,2021,Automatic,Bensin,53736.0,Hitam,Surabaya,174000000
Daihatsu,Ayla,2013,Manual,Bensin,177039.0,Abu-abu,Yogyakarta,24600000
Honda,Mobilio,2015,Manual,Bensin,161092.0,Silver,Surabaya,51100000
Suzuki,Ignis,2023,Manual,Bensin,23348.0,Abu-abu,Bali,150100000
Nissan,Livina,2020,Manual,Diesel,65566.0,Silver,Semarang,123500000
Honda,Jazz,2018,Manual,Bensin,69427.0,Abu-abu,Semarang,111000000
Honda,Brio,2016,Manual,Bensin,110491.0,Silver,Medan,48300000
BMW,Seri 3,2021,Automatic,Bensin,78157.0,Biru,Medan,499900000
Honda,BR-V,2014,Manual,Bensin,172110.0,Putih,Yogyakarta,55700000
Mitsubishi,Xpander,2020,Manual,,,,Bandung,134600000
Mitsubishi,Triton,2008,Automatic,Bensin,263564.0,Hitam,Surabaya,37600000
BMW,Seri 5,2011,Automatic,Bensin,218620.0,Hitam,Surabaya,164400000
Suzuki,XL7,2012,Manual,Bensin,164152.0,Abu-abu,Semarang,45800000
Honda,City,2014,Manual,Bensin,28116.0,Merah,Yogyakarta,71200000
Suzuki,Ertiga,2020,Manual,Bensin,84169.0,Silver,Bali,127600000
Mitsubishi,Triton,2009,Automatic,Diesel,214874.0,Putih,Bandung,48100000
Toyota,Yaris,2013,Automatic,Diesel,163291.0,Silver,Bandung,53000000
Mercedes-Benz,C-Class,2014,Automatic,Bensin,131228.0,Merah,Makassar,220700000
Honda,Brio,2009,Manual,Bensin,,,Yogyakarta,14600000
Daihatsu,Terios,2009,Manual,Diesel,146149.0,Silver,Makassar,32200000
Toyota,Fortuner,2022,Manual,Bensin,46243.0,Biru,Jakarta,427300000
Daihatsu,Gran Max,2021,Manual,Diesel,62170.0,Biru,Semarang,92400000
Nissan,Grand Livina,2013,Manual,Bensin,196163.0,Putih,Bandung,34900000
Toyota,Avanza,2009,Manual,Bensin,96642.0,Merah,Surabaya,28600000
Suzuki,Baleno,2010,Automatic,Bensin,312362.0,Biru,Medan,29800000
Honda,City,2018,Automatic,Bensin,87695.0,Putih,Makassar,132000000
Toyota,Calya,2011,Manual,Bensin,186039.0,Merah,Bali,22900000
Toyota,Agya,2012,Automatic,Bensin,115628.0,Hitam,Medan,28800000
Mitsubishi,Xpander,2017,Manual,Bensin,71390.0,Abu-abu,Bandung,94000000
Daihatsu,Xenia,2018,Automatic,Bensin,124530.0,Abu-abu,Bandung,74900000
Honda,CR-V,2017,Manual,Bensin,106502.0,Merah,Bali,148600000
Mitsubishi,Pajero Sport,2009,Automatic,Bensin,246130.0,Merah,Surabaya,68500000
Nissan,Livina,2009,,,,,Jakarta,27300000
Suzuki,Ignis,2019,Automatic,Bensin,25192.0,Putih,Medan,89800000
Suzuki,XL7,2022,,,,,Semarang,189900000
Mercedes-Benz,GLA,2013,Automatic,Bensin,191065.0,Abu-abu,Semarang,158600000
Toyota,Yaris,2011,Automatic,Bensin,327083.0,Merah,Jakarta,32400000
Toyota,Yaris,2009,Manual,Bensin,262032.0,Putih,Makassar,27600000
Toyota,Calya,2012,Manual,Bensin,221669.0,Silver,Medan,25100000
Daihatsu,Xenia,2015,Automatic,Diesel,147471.0,Biru,Surabaya,59900000
Honda,Brio,2021,Manual,Bensin,59192.0,Abu-abu,Bali,95200000
Nissan,Grand Livina,2011,Matic,Bensin,74771.0,Putih,Bandung,34000000
Toyota,Innova,2022,Automatic,Bensin,50159.0,Biru,Bandung,277800000
Toyota,Agya,2011,Manual,Bensin,123372.0,Silver,Surabaya,27100000
Toyota,Rush,2012,Manual,Bensin,180859.0,Merah,Bali,45700000
Toyota,Innova,2009,Manual,Bensin,198774.0,Silver,Medan,37200000
BMW,Seri 3,2019,Automatic,Bensin,55112.0,Hitam,Bandung,466200000
Toyota,Innova,2016,Manual,Bensin,180231.0,Silver,Bali,95200000
Mitsubishi,Triton,2013,Manual,Bensin,94283.0,Abu-abu,Bali,80200000
Mitsubishi,Xpander,2022,MT,Diesel,31638.0,Merah,Surabaya,174300000
Daihatsu,Gran Max,2009,Manual,Bensin,169882.0,Putih,Yogyakarta,17200000
Toyota,Innova,2013,Automatic,Bensin,199804.0,Biru,Bandung,70300000
Daihatsu,Ayla,2016,Manual,Bensin,153761.0,Hitam,Bandung,37700000
Toyota,Calya,2011,Manual,Bensin,162195.0,Biru,Semarang,26300000
Toyota,Agya,2019,Automatic,Bensin,122004.0,Abu-abu,Bali,66300000
Nissan,Livina,2015,Automatic,Diesel,153135.0,Silver,Surabaya,60800000
Daihatsu,Ayla,2020,Manual,Bensin,61264.0,Merah,Semarang,73100000
Honda,City,2016,Automatic,Bensin,68650.0,Abu-abu,Yogyakarta,103400000
Toyota,Avanza,2013,Manual,Bensin,127707.0,Putih,Makassar,40200000
Mitsubishi,Xpander,2009,Manual,Bensin,192110.0,Putih,Makassar,23200000
Honda,BR-V,2020,Automatic,Bensin,35600.0,Merah,Semarang,150400000
Honda,HR-V,2018,,,,,Jakarta,178600000
Mitsubishi,Triton,2022,Manual,Bensin,38414.0,Hitam,Semarang,282500000
Honda,CR-V,2023,Manual,Bensin,25138.0,Hitam,Medan,357400000
Daihatsu,Gran Max,2013,Manual,Bensin,148835.0,Putih,Semarang,34500000
Suzuki,Ignis,2014,Manual,Bensin,191037.0,Silver,Medan,38200000
Toyota,Calya,2008,Manual,Bensin,308806.0,Silver,Bandung,13500000
Daihatsu,Terios,2023,Manual,Bensin,,,Surabaya,183700000
Honda,Brio,2013,Manual,Bensin,182673.0,Putih,Makassar,31800000
Mercedes-Benz,GLA,2022,Automatic,Bensin,50173.0,Putih,Yogyakarta,545800000
Mercedes-Benz,GLA,2018,Automatic,Bensin,113649.0,Hitam,Medan,366900000
Mitsubishi,Triton,2019,Automatic,Diesel,99886.0,Abu-abu,Bandung,187900000
Honda,City,2021,Automatic,Bensin,63856.0,Biru,Bandung,195200000
Suzuki,Baleno,2020,Manual,Bensin,82565.0,Hitam,Surabaya,140000000
Toyota,Avanza,2019,Manual,Bensin,66301.0,Merah,Surabaya,91900000
Honda,Jazz,2018,Manual,Bensin,56233.0,Abu-abu,Surabaya,108500000
Toyota,Fortuner,2013,Automatic,Diesel,201586.0,Silver,Surabaya,124700000
Daihatsu,Terios,2023,Manual,Bensin,24602.0,Hitam,Surabaya,215400000
Honda,HR-V,2012,Automatic,Bensin,181511.0,Hitam,Semarang,67500000
Daihatsu,Terios,2021,Automatic,Bensin,50776.0,Biru,Semarang,159000000
Daihatsu,Xenia,2016,Manual,Bensin,69421.0,Putih,Bali,66800000
Honda,Mobilio,2009,Manual,Bensin,289802.0,Biru,Makassar,22900000
Honda,BR-V,2011,Automatic,Bensin,171230.0,Silver,Surabaya,43500000
BMW,X5,2010,Automatic,Bensin,142860.0,Silver,Medan,218800000
Mercedes-Benz,GLA,2022,Automatic,Bensin,28955.0,Silver,Surabaya,666200000
Mercedes-Benz,E-Class,2010,Automatic,Bensin,167307.0,Hitam,Jakarta,186500000
Honda,Mobilio,2008,Manual,Bensin,326631.0,Silver,Surabaya,19100000
Honda,Brio,2011,Manual,Bensin,97855.0,Silver,Bali,26200000
Mitsubishi,Xpander,2013,Manual,Bensin,185769.0,Silver,Surabaya,49800000
Toyota,Agya,2023,Automatic,Bensin,29808.0,Abu-abu,Surabaya,135600000
Mitsubishi,Triton,2017,Matic,Bensin,51418.0,Abu-abu,Makassar,146800000
Honda,HR-V,2020,Manual,Bensin,78292.0,Biru,Makassar,195400000
BMW,Seri 3,2022,Automatic,Bensin,46054.0,Hitam,Bandung,585600000
Daihatsu,Terios,2010,Manual,Bensin,243269.0,Putih,Makassar,29000000
Nissan,X-Trail,2014,Automatic,Bensin,186768.0,Hitam,Semarang,88300000
Suzuki,XL7,2011,Manual,Bensin,124798.0,Putih,Yogyakarta,40700000
Suzuki,Baleno,2023,Automatic,Bensin,20339.0,Putih,Bali,204800000
Toyota,Calya,2011,Automatic,Bensin,78166.0,,Jakarta,27600000
Toyota,Yaris,2021,Manual,Diesel,49809.0,Merah,Medan,155700000
Honda,HR-V,2013,Manual,Bensin,185556.0,Merah,Semarang,71200000
Daihatsu,Ayla,2018,Automatic,Bensin,62614.0,Silver,Surabaya,58000000
Toyota,Fortuner,2020,Automatic,Diesel,73381.0,Merah,Jakarta,277600000
Toyota,Avanza,2019,Automatic,Bensin,51904.0,Merah,Jakarta,119300000
Nissan,X-Trail,2018,Manual,Bensin,108892.0,Putih,Jakarta,157700000
Honda,Mobilio,2008,Manual,Bensin,279137.0,Putih,Bandung,20400000
Daihatsu,Xenia,2018,Manual,Bensin,117272.0,Putih,Medan,66000000
Toyota,Calya,2018,Manual,Bensin,65154.0,Merah,Medan,68000000
Suzuki,XL7,2020,Automatic,Bensin,40567.0,Biru,Surabaya,166400000
Honda,Mobilio,2014,Automatic,Bensin,108987.0,Hitam,Semarang,57000000
BMW,Seri 5,2018,Automatic,Diesel,77619.0,Biru,Yogyakarta,510100000
Honda,City,2017,Automatic,Bensin,100409.0,Silver,Jakarta,120100000
Nissan,X-Trail,2010,Automatic,Diesel,273238.0,Putih,Jakarta,53900000
Suzuki,XL7,2015,Automatic,Bensin,126293.0,Abu-abu,Bali,75000000
Mitsubishi,Xpander,2017,Manual,Bensin,45781.0,Merah,Jakarta,99000000
Suzuki,Carry,2009,Manual,Bensin,139800.0,Putih,Surabaya,20500000
Daihatsu,Ayla,2010,Manual,Bensin,248150.0,Silver,Medan,14800000
Honda,Mobilio,2011,Manual,Bensin,229517.0,Putih,Jakarta,30900000
Honda,CR-V,2015,Automatic,Bensin,130079.0,Biru,Semarang,123300000
Toyota,Avanza,2014,Manual,Diesel,136160.0,Putih,Bandung,51300000
Toyota,Rush,2016,Manual,Bensin,169449.0,,Medan,69800000
Honda,Mobilio,2012,Manual,Bensin,105092.0,Biru,Bandung,38200000
Honda,Mobilio,2013,Manual,Bensin,261731.0,Silver,Medan,40500000
Nissan,X-Trail,2008,Automatic,,,,Yogyakarta,47700000
Honda,Brio,2018,Manual,Diesel,98196.0,Abu-abu,Jakarta,75000000
Daihatsu,Ayla,2010,Manual,Bensin,185807.0,Putih,Surabaya,17900000
Mitsubishi,Xpander,2017,Automatic,Bensin,129475.0,Biru,Semarang,92800000
Toyota,Agya,2015,Manual,Bensin,192009.0,Hitam,Surabaya,38600000
Suzuki,Ertiga,2008,Manual,Bensin,266034.0,Silver,Jakarta,19400000
Toyota,Avanza,2012,Manual,Bensin,299207.0,Biru,Medan,28900000
Honda,HR-V,2014,Automatic,Bensin,170825.0,Silver,Bali,76000000
Honda,BR-V,2014,Automatic,Bensin,110226.0,Hitam,Bandung,65700000
Toyota,Agya,2022,,,,,Bandung,111700000
Toyota,Innova,2021,Automatic,Bensin,51548.0,Merah,Bandung,228300000
Daihatsu,Ayla,2023,Manual,Bensin,35002.0,Merah,Bandung,105400000
Honda,HR-V,2011,Automatic,Bensin,142379.0,Putih,Surabaya,61400000
Nissan,X-Trail,2020,Manual,Bensin,62368.0,Merah,Yogyakarta,223600000
Daihatsu,Ayla,2011,Manual,Bensin,297580.0,Biru,Bandung,16200000
Toyota,Rush,2009,MT,Bensin,176309.0,Silver,Yogyakarta,30200000
Nissan,Livina,2014,Manual,Bensin,82326.0,Merah,Semarang,51400000
Daihatsu,Ayla,2021,Manual,Bensin,59408.0,Merah,Bali,79200000
Honda,BR-V,2017,Manual,Bensin,128484.0,Hitam,Surabaya,88100000
Honda,Jazz,2013,Manual,Bensin,135855.0,Hitam,Bali,48000000
Honda,HR-V,2010,Manual,Bensin,186139.0,Silver,Surabaya,48000000
Honda,CR-V,2008,Manual,Bensin,271000.0,Biru,Surabaya,44400000
Toyota,Innova,2015,Automatic,Bensin,,,Yogyakarta,102100000
Toyota,Fortuner,2009,Automatic,Diesel,234947.0,Abu-abu,Surabaya,62500000
Suzuki,Baleno,2015,Manual,Bensin,159164.0,Hitam,Bandung,54800000
Daihatsu,Sigra,2019,Manual,Bensin,74430.0,Abu-abu,Medan,71200000
Honda,CR-V,2013,Manual,Bensin,225847.0,Putih,Medan,85600000
Honda,BR-V,2019,Manual,Bensin,90299.0,Hitam,Jakarta,123700000
Toyota,Fortuner,2008,Automatic,Diesel,251376.0,Merah,Bali,52700000
Mercedes-Benz,E-Class,2020,Automatic,Bensin,57850.0,Hitam,Bali,725200000
Daihatsu,Sigra,2020,Manual,Bensin,62678.0,Merah,Yogyakarta,80800000
Toyota,Innova,2013,Manual,Bensin,184583.0,Merah,Jakarta,66000000
Honda,CR-V,2023,Manual,Bensin,16065.0,Abu-abu,Surabaya,422500000
Toyota,Innova,2015,Automatic,Bensin,142900.0,Merah,Makassar,107800000
BMW,X5,2015,Manual,Bensin,101722.0,Abu-abu,Surabaya,411000000
Mercedes-Benz,C-Class,2011,Automatic,Bensin,105762.0,Abu-abu,Medan,144900000
Suzuki,Baleno,2015,Automatic,Diesel,157015.0,Merah,Makassar,60900000
Mitsubishi,Xpander,2013,Manual,Bensin,97322.0,Putih,Bandung,50300000
Honda,Mobilio,2022,Automatic,Bensin,66554.0,Abu-abu,Semarang,159000000
Daihatsu,Gran Max,2015,Manual,Bensin,131769.0,Biru,Bali,43800000
Honda,Mobilio,2021,Manual,Bensin,40864.0,Silver,Surabaya,125200000
Suzuki,XL7,2022,Automatic,Bensin,35928.0,Merah,Semarang,216300000
Toyota,Rush,2011,Automatic,Bensin,283210.0,Biru,Semarang,35800000
Mitsubishi,Triton,2023,Automatic,Diesel,16690.0,Merah,Makassar,368500000
Nissan,Grand Livina,2014,Automatic,Bensin,74636.0,Biru,Medan,45400000
Honda,Mobilio,2019,Manual,Bensin,31459.0,Silver,Jakarta,106600000
Toyota,Rush,2017,Automatic,Diesel,84458.0,Putih,Bali,104700000
Honda,Brio,2018,Automatic,Bensin,26020.0,Biru,Yogyakarta,70400000
Toyota,Innova,2008,Automatic,Bensin,187588.0,Hitam,Bali,37600000
Mercedes-Benz,C-Class,2015,Automatic,Bensin,197796.0,Hitam,Surabaya,234500000
Honda,City,2019,Automatic,Bensin,48798.0,Abu-abu,Surabaya,158900000
Toyota,Fortuner,2008,Automatic,Diesel,363488.0,Silver,Bali,43600000
Suzuki,Baleno,2009,Automatic,Bensin,169752.0,Merah,Semarang,28400000
Toyota,Calya,2020,Manual,Bensin,101849.0,Hitam,Yogyakarta,87600000
Honda,Brio,2009,Manual,Bensin,213212.0,Abu-abu,Makassar,17300000
Mitsubishi,Triton,2014,Manual,Bensin,72392.0,Silver,Bandung,102100000
Toyota,Calya,2012,Automatic,Bensin,75626.0,Putih,Semarang,33800000
Nissan,Grand Livina,2022,Automatic,Bensin,60486.0,Merah,Yogyakarta,156100000
Mitsubishi,Xpander,2008,Manual,Bensin,320181.0,Merah,Medan,22600000
Toyota,Yaris,2013,Automatic,Bensin,195994.0,Merah,Bandung,46200000
Mercedes-Benz,C-Class,2017,Manual,Bensin,71669.0,Silver,Yogyakarta,313900000
Mitsubishi,Xpander,2023,Manual,Bensin,44534.0,Silver,Surabaya,216500000
Honda,Mobilio,2022,Automatic,Bensin,44905.0,Hitam,Bandung,170500000
Daihatsu,Sigra,2008,Automatic,Bensin,247373.0,Abu-abu,Semarang,16800000
Daihatsu,Terios,2019,Automatic,Bensin,92127.0,Biru,Medan,106600000
Honda,Brio,2016,Manual,,,,Yogyakarta,39300000
Honda,City,2011,Manual,Bensin,227898.0,Silver,Surabaya,46900000
Toyota,Calya,2022,Manual,Bensin,51437.0,Putih,Bandung,110700000
Daihatsu,Terios,2016,Automatic,Bensin,164068.0,Merah,Bandung,73100000
Toyota,Avanza,2011,Manual,Bensin,270482.0,Silver,Semarang,28600000
Toyota,Rush,2020,Manual,Bensin,108855.0,Merah,Yogyakarta,131600000
Mitsubishi,Pajero Sport,2016,Automatic,Diesel,66201.0,Biru,Jakarta,184800000
Suzuki,XL7,2008,Manual,Bensin,249892.0,Biru,Bali,23900000
Toyota,Fortuner,2017,Automatic,Bensin,126740.0,Hitam,Bali,180200000
Toyota,Calya,2012,Automatic,Bensin,187490.0,Hitam,Yogyakarta,30300000
Honda,HR-V,2020,,,,,Medan,203700000
Mitsubishi,Pajero Sport,2019,Manual,Diesel,93857.0,Hitam,Medan,283900000
Toyota,Avanza,2021,Manual,Bensin,45941.0,Merah,Medan,141800000
Toyota,Fortuner,2022,Automatic,Diesel,56134.0,Putih,Semarang,346100000
Mitsubishi,Pajero Sport,2012,Automatic,Diesel,170316.0,Silver,Yogyakarta,102500000
Suzuki,Carry,2021,Manual,Bensin,44956.0,Merah,Semarang,87300000
Honda,CR-V,2009,Automatic,Bensin,167385.0,Putih,Yogyakarta,50500000
Toyota,Avanza,2013,Manual,Bensin,134201.0,Silver,Semarang,41200000
Mitsubishi,Pajero Sport,2022,Manual,Diesel,11210.0,Silver,Jakarta,427400000
Mitsubishi,Xpander,2016,Manual,Bensin,129416.0,Merah,Yogyakarta,74800000
Daihatsu,Terios,2018,Automatic,Bensin,117766.0,Biru,Bali,89700000
Toyota,Innova,2017,MT,Bensin,143082.0,Silver,Medan,115400000
Suzuki,XL7,2022,Automatic,Bensin,38426.0,,Jakarta,186600000
Nissan,Grand Livina,2021,Automatic,Bensin,39866.0,Hitam,Bandung,133700000
Honda,CR-V,2023,Automatic,Bensin,42372.0,Merah,Yogyakarta,397100000
Honda,City,2011,Manual,Bensin,138268.0,Hitam,Makassar,49000000
Suzuki,Baleno,2008,Manual,Bensin,336025.0,Putih,Bali,17600000
Honda,CR-V,2016,Automatic,Bensin,125159.0,Merah,Semarang,151500000
Suzuki,Ignis,2020,Automatic,Bensin,68573.0,Hitam,Bandung,92700000
Toyota,Fortuner,2014,,,,,Surabaya,129400000
Honda,Jazz,2012,Automatic,Bensin,230763.0,Biru,Yogyakarta,38000000
Toyota,Agya,2021,Manual,Bensin,56881.0,Abu-abu,Yogyakarta,95800000
Toyota,Rush,2017,Manual,Bensin,124951.0,Merah,Surabaya,84100000
Toyota,Fortuner,2014,Automatic,Diesel,152515.0,Biru,Bali,123600000
Suzuki,Ertiga,2011,Manual,Bensin,239502.0,Putih,Bandung,29300000
Toyota,Rush,2010,Automatic,Bensin,209497.0,Biru,Yogyakarta,32400000
BMW,Seri 3,2010,Automatic,Bensin,231717.0,Biru,Jakarta,111700000
Honda,Brio,2011,Manual,Bensin,239761.0,Silver,Medan,21400000
Honda,Brio,2013,Automatic,Bensin,,,Bali,35400000
Mitsubishi,Triton,2009,Manual,Diesel,226950.0,Abu-abu,Surabaya,40400000
Toyota,Calya,2009,Automatic,Bensin,214254.0,,Surabaya,19200000
Toyota,Yaris,2008,Manual,Bensin,109447.0,Abu-abu,Bandung,26100000
Suzuki,Ertiga,2020,Manual,Bensin,85603.0,Biru,Semarang,116200000
Toyota,Avanza,2016,Automatic,Bensin,106183.0,Putih,Semarang,69100000
Honda,BR-V,2013,Manual,Bensin,117065.0,Silver,Jakarta,55400000
Toyota,Agya,2011,Manual,Bensin,226954.0,Abu-abu,Semarang,21500000
Suzuki,Ignis,2010,Manual,Bensin,321846.0,Merah,Jakarta,19000000
Daihatsu,Ayla,2012,Manual,Bensin,234931.0,Silver,Bandung,21900000
Daihatsu,Terios,2019,Manual,Bensin,78768.0,Putih,Bandung,104600000
Mercedes-Benz,C-Class,2018,Automatic,Bensin,127135.0,Hitam,Makassar,358000000
Daihatsu,Gran Max,2023,Manual,Bensin,37436.0,Hitam,Yogyakarta,119300000
Toyota,Fortuner,2099,Matic,Diesel,18777.0,Putih,Bandung,391900000
Honda,City,2022,Manual,Bensin,28445.0,Silver,Yogyakarta,224000000
BMW,Seri 3,2020,Automatic,Bensin,84116.0,Hitam,Jakarta,516400000
Toyota,Agya,2020,Manual,Bensin,98979.0,Biru,Makassar,72500000
Toyota,Yaris,2011,Manual,Bensin,103708.0,Abu-abu,Makassar,45600000
Toyota,Rush,2012,Automatic,Bensin,159200.0,Biru,Makassar,47100000
Suzuki,Ignis,2011,Automatic,Bensin,107551.0,Biru,Medan,26200000
Nissan,Livina,2017,Automatic,Bensin,143717.0,Abu-abu,Jakarta,86100000
Nissan,Grand Livina,2020,Automatic,Bensin,38560.0,Silver,Jakarta,111000000
Toyota,Yaris,2012,Manual,Bensin,227787.0,Abu-abu,Makassar,38000000
Mitsubishi,Triton,2023,Automatic,Diesel,11538.0,Hitam,Makassar,352400000
Honda,City,2013,Manual,Bensin,142763.0,Putih,Bali,65600000
Daihatsu,Gran Max,2019,Automatic,Bensin,37644.0,Merah,Makassar,69600000
Daihatsu,Xenia,2010,Manual,Bensin,148775.0,Merah,Jakarta,30900000
Mitsubishi,Triton,2012,Automatic,Diesel,160621.0,Merah,Semarang,79900000
Toyota,Yaris,2013,Manual,Bensin,214941.0,Merah,Yogyakarta,46300000
Honda,Brio,2013,Manual,Bensin,172681.0,Silver,Jakarta,33700000
Suzuki,Ignis,2014,Manual,Bensin,171307.0,Merah,Jakarta,41200000
Daihatsu,Xenia,2011,Manual,Bensin,192000.0,,Yogyakarta,27900000
Toyota,Innova,2022,Automatic,Bensin,63445.0,Biru,Jakarta,286800000
Honda,HR-V,2018,Manual,Bensin,44055.0,Silver,Bali,154700000
Toyota,Yaris,2011,Manual,Bensin,222334.0,Putih,Medan,34700000
Nissan,Grand Livina,2010,Automatic,Bensin,160801.0,Abu-abu,Surabaya,29100000
Honda,Brio,2012,Automatic,Bensin,187528.0,Merah,Bandung,28100000
Honda,Jazz,2008,MT,Bensin,333512.0,Merah,Jakarta,18700000
Toyota,Calya,2022,Automatic,Bensin,46937.0,Abu-abu,Yogyakarta,114400000
Mitsubishi,Pajero Sport,2008,Automatic,Bensin,277324.0,Merah,Makassar,50400000
Daihatsu,Sigra,2020,Manual,Bensin,95371.0,Silver,Yogyakarta,80800000
Suzuki,XL7,2016,Manual,Bensin,117409.0,Putih,Bandung,78700000
BMW,Seri 5,2009,Matic,Bensin,141005.0,Putih,Surabaya,139200000
Toyota,Yaris,2022,Automatic,Bensin,56512.0,Hitam,Surabaya,211300000
Mercedes-Benz,E-Class,2017,Automatic,Bensin,164270.0,Silver,Bali,362400000
Toyota,Fortuner,2010,Manual,Bensin,299961.0,Silver,Bali,56000000
Mercedes-Benz,GLA,2019,Manual,Bensin,64360.0,Merah,Bandung,382800000
Honda,Mobilio,2011,Automatic,Diesel,241008.0,Silver,Surabaya,31900000
BMW,Seri 3,2016,Automatic,Bensin,161684.0,Putih,Makassar,281300000
Mitsubishi,Pajero Sport,2021,,,,,Bandung,372900000
Toyota,Fortuner,2013,Automatic,Bensin,194289.0,Putih,Yogyakarta,109400000
Toyota,Innova,2011,Automatic,Bensin,250820.0,Hitam,Jakarta,58100000
Suzuki,Ertiga,2018,Automatic,Bensin,119939.0,Silver,Surabaya,92100000
Honda,Jazz,2018,Automatic,Bensin,85173.0,Putih,Bandung,117000000
Toyota,Calya,2022,Automatic,Bensin,39683.0,Hitam,Semarang,134200000
Suzuki,Ertiga,2022,Automatic,Bensin,66914.0,Silver,Surabaya,156100000
Toyota,Avanza,2009,Automatic,Bensin,210543.0,Biru,Jakarta,28800000
Mercedes-Benz,GLA,2016,Automatic,Bensin,84894.0,Putih,Yogyakarta,281100000
Toyota,Rush,2013,Matic,Bensin,146323.0,Hitam,Yogyakarta,53200000
Toyota,Yaris,2008,Manual,Bensin,226076.0,Merah,Makassar,21600000
Toyota,Avanza,2021,Automatic,Diesel,47765.0,Silver,Bandung,160300000
Honda,BR-V,2014,Automatic,Bensin,,,Surabaya,66300000
Toyota,Agya,2018,Manual,Bensin,104520.0,Putih,Makassar,59200000
Toyota,Rush,2013,Manual,Bensin,136667.0,Biru,Yogyakarta,48200000
Honda,HR-V,2012,Manual,Bensin,193047.0,Silver,Bali,57700000
Toyota,Rush,2008,Automatic,Bensin,266318.0,Hitam,Jakarta,25700000
Toyota,Fortuner,2014,Manual,Diesel,117319.0,Abu-abu,Surabaya,133600000
Honda,Jazz,2013,Manual,Diesel,159002.0,Hitam,Yogyakarta,49900000
Daihatsu,Ayla,2013,Manual,Bensin,162450.0,Biru,Medan,28800000
Daihatsu,Sigra,2021,Manual,Bensin,48319.0,Putih,Surabaya,116000000
Toyota,Innova,2021,Automatic,Bensin,55472.0,Putih,Makassar,219500000
Suzuki,Ertiga,2012,Automatic,Bensin,245582.0,Putih,Bali,39800000
Toyota,Fortuner,2022,MT,Diesel,39216.0,Hitam,Medan,402300000
Toyota,Agya,2009,Manual,Bensin,235444.0,Biru,Jakarta,17300000
Toyota,Avanza,2010,Manual,Bensin,144549.0,Merah,Jakarta,28400000
BMW,Seri 3,2019,Automatic,Bensin,124480.0,Silver,Makassar,415200000
Nissan,X-Trail,2020,Automatic,Diesel,63900.0,Putih,Bandung,218900000
Mitsubishi,Xpander,2016,Automatic,Bensin,63963.0,Putih,Yogyakarta,85100000
Suzuki,Carry,2016,Automatic,Bensin,79780.0,Silver,Makassar,52000000
Honda,City,2019,Automatic,Bensin,81185.0,Putih,Makassar,174800000
Suzuki,Carry,2023,Manual,Bensin,29194.0,Silver,Semarang,124700000
Suzuki,Ertiga,2014,Manual,Bensin,137134.0,Putih,Yogyakarta,56900000
Nissan,Livina,2016,Manual,Diesel,103283.0,Merah,Yogyakarta,65000000
BMW,Seri 5,2021,Automatic,Bensin,70623.0,Putih,Semarang,667700000
Suzuki,XL7,2022,,,,,Jakarta,213400000
Honda,CR-V,2022,Manual,Bensin,39554.0,Merah,Semarang,358600000
Toyota,Fortuner,2013,Manual,Bensin,154008.0,Hitam,Makassar,102100000
Honda,Mobilio,2022,Manual,Bensin,21747.0,Biru,Bandung,162200000
Mitsubishi,Triton,2014,Manual,Bensin,115330.0,Hitam,Bali,79400000
Toyota,Yaris,2023,,,,,Surabaya,209900000
Mitsubishi,Triton,2020,Manual,Diesel,60509.0,Abu-abu,Semarang,248500000
Toyota,Fortuner,2009,Automatic,Diesel,224284.0,Putih,Makassar,54500000
Mitsubishi,Xpander,2011,Manual,Bensin,284968.0,Silver,Bali,33600000
Mitsubishi,Triton,2016,Manual,Bensin,156194.0,Merah,Bandung,117100000
Toyota,Agya,2008,Matic,Bensin,288690.0,Hitam,Bandung,13600000
Daihatsu,Sigra,2012,Automatic,Bensin,225084.0,Biru,Bali,24400000
Suzuki,Ertiga,2017,Automatic,Bensin,149678.0,Silver,Yogyakarta,74000000
Honda,Brio,2018,Automatic,Bensin,84352.0,Abu-abu,Bandung,67700000
Honda,Jazz,2008,Automatic,Bensin,,,Medan,23000000
Toyota,Calya,2008,MT,,,,Bali,16200000
Suzuki,Ignis,2016,MT,Bensin,115823.0,Biru,Yogyakarta,47100000
Daihatsu,Sigra,2014,Automatic,Bensin,162860.0,Hitam,Bandung,38100000
Honda,City,2008,Manual,Diesel,285076.0,Hitam,Surabaya,31600000
Toyota,Calya,2015,Manual,Bensin,112114.0,Biru,Medan,40300000
Toyota,Calya,2014,Manual,Bensin,159555.0,Biru,Jakarta,40100000
Suzuki,Ignis,2010,Manual,Bensin,252466.0,Biru,Medan,22700000
Honda,BR-V,2009,Automatic,Bensin,82910.0,Hitam,Jakarta,38000000
Suzuki,Ignis,2017,Manual,Bensin,99144.0,Biru,Bandung,58200000
Toyota,Yaris,2019,Manual,Bensin,87484.0,Hitam,Semarang,119000000
Honda,City,2011,Manual,Bensin,129556.0,Putih,Jakarta,55500000
Toyota,Fortuner,2011,Automatic,Bensin,191441.0,Merah,Jakarta,81500000
Mitsubishi,Xpander,2021,Manual,Bensin,46623.0,Hitam,Bandung,166200000
Honda,HR-V,2019,MT,Bensin,135408.0,Silver,Bali,149400000
Daihatsu,Terios,2019,Manual,Bensin,116507.0,Silver,Makassar,117400000
BMW,X5,2008,Automatic,Bensin,169655.0,Abu-abu,Jakarta,157600000
Mercedes-Benz,C-Class,2009,Automatic,Bensin,184759.0,Silver,Medan,106100000
Honda,City,2014,Automatic,Bensin,189961.0,Biru,Jakarta,80700000
Daihatsu,Sigra,2023,Manual,Bensin,15669.0,Abu-abu,Surabaya,142100000
Daihatsu,Ayla,2010,Manual,Bensin,118935.0,Hitam,Semarang,17500000
Mitsubishi,Xpander,2014,Automatic,Bensin,74349.0,Putih,Makassar,67200000
Mitsubishi,Xpander,2009,Manual,Bensin,225117.0,Abu-abu,Bali,26500000
Daihatsu,Xenia,2008,Automatic,Bensin,196292.0,Silver,Makassar,22600000
Toyota,Innova,2014,Automatic,Bensin,123670.0,Hitam,Surabaya,85600000
Toyota,Calya,2023,Manual,Bensin,28908.0,Biru,Semarang,140900000
Toyota,Yaris,2011,Automatic,Bensin,277382.0,Merah,Bali,37400000
Mercedes-Benz,GLA,2008,Manual,Bensin,180021.0,Putih,Surabaya,94400000
Suzuki,Carry,2020,Automatic,Bensin,111542.0,Hitam,Jakarta,78900000
Honda,CR-V,2020,Automatic,Bensin,37815.0,Biru,Semarang,300700000
Toyota,Agya,2021,Manual,Diesel,64083.0,Putih,Medan,105100000
Mitsubishi,Xpander,2012,Manual,Bensin,227759.0,Merah,Makassar,46800000
Suzuki,Carry,2013,Manual,Bensin,,,Surabaya,28000000
Toyota,Agya,2013,Manual,Bensin,292486.0,,Bali,23800000
Toyota,Avanza,2014,Manual,Bensin,164710.0,Putih,Bali,41000000
Toyota,Fortuner,2013,Automatic,Bensin,153365.0,Hitam,Makassar,96200000
Daihatsu,Terios,2018,Automatic,Bensin,65170.0,Biru,Bali,97200000
Suzuki,Ignis,2012,Automatic,Bensin,143502.0,Abu-abu,Semarang,29200000
Daihatsu,Ayla,2012,Manual,Bensin,204762.0,Biru,Makassar,21000000
Honda,BR-V,2012,,,,,Bali,44500000
Mercedes-Benz,C-Class,2023,Automatic,Bensin,47590.0,Abu-abu,Bandung,832200000
Honda,BR-V,2011,Manual,Diesel,241147.0,Merah,Makassar,41000000
Toyota,Agya,2017,Manual,Bensin,80261.0,,Medan,54400000
Honda,City,2018,Manual,Bensin,64992.0,Silver,Bali,129300000
Daihatsu,Ayla,2022,Automatic,Bensin,67467.0,Biru,Semarang,90200000
Honda,CR-V,2023,Automatic,Bensin,31309.0,Abu-abu,Bandung,386200000
Suzuki,Carry,2022,Manual,Bensin,51111.0,Putih,Surabaya,101400000
Daihatsu,Terios,2019,Manual,Bensin,50913.0,Hitam,Surabaya,126100000
BMW,Seri 3,2015,Automatic,Bensin,114136.0,Hitam,Makassar,238800000
Daihatsu,Ayla,2014,Manual,Bensin,229200.0,Merah,Yogyakarta,25900000
BMW,X5,2022,Automatic,Bensin,28143.0,Biru,Jakarta,1217900000
Nissan,X-Trail,2020,Automatic,Bensin,90071.0,Merah,Bandung,212700000
Suzuki,Carry,2009,Manual,Bensin,209751.0,Biru,Makassar,15100000
BMW,Seri 3,2012,Automatic,Bensin,223493.0,Merah,Bali,133800000
Toyota,Rush,2021,Automatic,Bensin,49247.0,Merah,Makassar,157300000
Honda,City,2008,Manual,Bensin,234693.0,Merah,Bandung,31600000
Daihatsu,Gran Max,2017,Automatic,Bensin,160103.0,Hitam,Jakarta,49900000
Honda,HR-V,2020,Automatic,Bensin,87915.0,Merah,Makassar,193700000
Nissan,Grand Livina,2022,Manual,Bensin,37358.0,Putih,Yogyakarta,143200000
Toyota,Calya,2019,Automatic,Bensin,72158.0,Putih,Semarang,74900000
Toyota,Innova,2017,Automatic,Diesel,141612.0,Merah,Makassar,143900000
Daihatsu,Gran Max,2016,Manual,Bensin,104073.0,Biru,Bandung,51200000
Suzuki,XL7,2008,Automatic,Bensin,252448.0,Silver,Jakarta,25100000
Nissan,Livina,2019,Automatic,Bensin,90853.0,Hitam,Yogyakarta,106000000
Toyota,Yaris,2020,Automatic,Bensin,75344.0,Biru,Semarang,134200000
Toyota,Fortuner,2010,Automatic,Diesel,280663.0,Hitam,Surabaya,67900000
Toyota,Agya,2019,Automatic,Bensin,86760.0,Merah,Medan,61900000
Toyota,Innova,2017,Automatic,Bensin,105694.0,Biru,Bandung,129900000
Nissan,X-Trail,2021,Automatic,Diesel,39744.0,Hitam,Semarang,291900000
Mitsubishi,Xpander,2018,Matic,Bensin,126919.0,Putih,Medan,112900000
Toyota,Rush,2011,Automatic,Bensin,209633.0,Hitam,Bali,40500000
Nissan,X-Trail,2020,Manual,Bensin,76058.0,Biru,Yogyakarta,232600000
Honda,BR-V,2012,Automatic,Bensin,211877.0,Putih,Makassar,45100000
Toyota,Calya,2009,Manual,Bensin,188333.0,Silver,Bali,18900000
Honda,CR-V,2018,Manual,Bensin,124086.0,Abu-abu,Bandung,177100000
Toyota,Avanza,2018,Automatic,Bensin,52253.0,Hitam,Bali,92600000
Daihatsu,Ayla,2013,Automatic,Bensin,117641.0,Hitam,Yogyakarta,29800000
Mercedes-Benz,E-Class,2014,Manual,Bensin,,,Bandung,327100000
Mitsubishi,Xpander,2009,Matic,Bensin,263667.0,Silver,Yogyakarta,27700000
Daihatsu,Terios,2011,Manual,Bensin,,,Bali,36600000
Suzuki,Ertiga,2011,Manual,Bensin,254806.0,Abu-abu,Surabaya,30700000
Honda,Mobilio,2012,Automatic,Bensin,193614.0,Biru,Bandung,39400000
Suzuki,Baleno,2018,Manual,Bensin,149069.0,Abu-abu,Yogyakarta,91900000
Mercedes-Benz,C-Class,2022,Automatic,Bensin,28927.0,Silver,Bali,611600000
Toyota,Fortuner,2014,Automatic,Bensin,155925.0,Hitam,Semarang,139500000
Toyota,Rush,2010,Automatic,Bensin,207486.0,Hitam,Medan,30700000
Toyota,Innova,2023,Automatic,Bensin,45452.0,Silver,Semarang,271200000
Toyota,Agya,2010,Manual,Bensin,170412.0,Biru,Bandung,18200000
Nissan,X-Trail,2008,Manual,Diesel,197431.0,Putih,Yogyakarta,43300000
Toyota,Innova,2021,Automatic,Bensin,71915.0,,Bandung,233800000
Suzuki,Carry,2021,Manual,Bensin,54776.0,Merah,Jakarta,94900000
Toyota,Agya,2021,Automatic,Bensin,63651.0,Merah,Medan,93200000
Toyota,Agya,2019,Manual,Bensin,64371.0,Merah,Jakarta,71400000
Suzuki,Ertiga,2012,Manual,Bensin,99730.0,,Semarang,37800000
Honda,Brio,2022,Manual,Bensin,18105.0,Abu-abu,Makassar,120600000
Toyota,Avanza,2012,Manual,,,,Bandung,30900000
Suzuki,Ignis,2019,Manual,Bensin,108133.0,Abu-abu,Makassar,84100000
BMW,Seri 5,2011,Manual,Bensin,185767.0,,Yogyakarta,175200000
Suzuki,Carry,2019,,,,,Bandung,67100000
Toyota,Rush,2013,Manual,Bensin,103845.0,Putih,Medan,52900000
Honda,City,2023,Automatic,Bensin,13508.0,Merah,Bali,293500000
Honda,Brio,2010,Manual,Bensin,283357.0,Hitam,Yogyakarta,16900000
Honda,Mobilio,2008,Automatic,Bensin,122921.0,Silver,Makassar,21300000
Toyota,Avanza,2018,Manual,Bensin,158205.0,Hitam,Bandung,83700000
Honda,City,2009,Manual,Bensin,252911.0,Putih,Bandung,35500000
Honda,CR-V,2023,Automatic,Bensin,12064.0,Putih,Bali,389100000
Mitsubishi,Xpander,2017,Automatic,Bensin,134962.0,Silver,Bandung,98500000
Suzuki,Ignis,2010,Manual,Bensin,195197.0,Silver,Makassar,21600000
Honda,BR-V,2019,Manual,Bensin,112577.0,Hitam,Jakarta,127900000
Daihatsu,Xenia,2014,Manual,Bensin,125018.0,Biru,Bali,41600000
Toyota,Yaris,2012,Automatic,Bensin,254661.0,Abu-abu,Semarang,36500000
Nissan,X-Trail,2021,Manual,Bensin,65526.0,Silver,Makassar,261400000
Toyota,Yaris,2012,Manual,Bensin,230250.0,Biru,Makassar,38800000
Toyota,Calya,2022,Manual,Bensin,31486.0,Hitam,Yogyakarta,112300000
Toyota,Rush,2015,Matic,Bensin,84574.0,Merah,Makassar,73000000
Daihatsu,Xenia,2012,Automatic,Bensin,185989.0,Abu-abu,Semarang,34400000
Nissan,X-Trail,2010,Automatic,Diesel,248862.0,Hitam,Bandung,54500000
Toyota,Yaris,2019,Manual,Bensin,111356.0,Merah,Medan,105200000
Toyota,Calya,2019,Manual,Bensin,48171.0,Hitam,Yogyakarta,77800000
Daihatsu,Xenia,2023,Manual,Bensin,14677.0,Merah,Surabaya,166800000
Honda,Jazz,2014,Automatic,Bensin,81889.0,Silver,Makassar,58800000
BMW,Seri 5,2009,Automatic,Bensin,164576.0,Hitam,Bali,133000000
Daihatsu,Terios,2020,Manual,Bensin,48268.0,Silver,Surabaya,126200000
Honda,BR-V,2015,Automatic,Bensin,115166.0,Abu-abu,Makassar,67700000
Nissan,Livina,2019,Manual,Bensin,68504.0,Biru,Semarang,100500000
Toyota,Rush,2010,Automatic,Bensin,190754.0,Biru,Semarang,31600000
Mitsubishi,Triton,2013,Automatic,Diesel,98712.0,Putih,Surabaya,97300000
Toyota,Yaris,2010,Automatic,Bensin,202283.0,Hitam,Medan,36200000
Mercedes-Benz,C-Class,2008,Automatic,Bensin,224767.0,,Surabaya,86300000
Honda,City,2017,Automatic,Bensin,143774.0,Merah,Medan,109400000
Suzuki,Carry,2009,Manual,Bensin,201461.0,Hitam,Makassar,17300000
Nissan,Grand Livina,2012,Automatic,Bensin,232050.0,Hitam,Yogyakarta,33300000
Toyota,Yaris,2023,Automatic,Bensin,36858.0,Biru,Makassar,193000000
BMW,Seri 5,2014,Automatic,Bensin,223477.0,Biru,Semarang,242700000
Daihatsu,Xenia,2016,Manual,Bensin,67612.0,Abu-abu,Makassar,61700000
Toyota,Yaris,2019,Manual,Bensin,90298.0,Putih,Yogyakarta,106900000
Honda,Mobilio,2009,Manual,Diesel,262785.0,Merah,Semarang,23100000
Toyota,Calya,2021,Automatic,Bensin,51995.0,Biru,Medan,100800000
Honda,Brio,2008,Manual,Bensin,291601.0,Hitam,Medan,15200000
Daihatsu,Sigra,2015,Manual,Bensin,172706.0,Putih,Medan,35700000
Toyota,Fortuner,2020,Automatic,Bensin,75156.0,Biru,Yogyakarta,266300000
Daihatsu,Xenia,2016,Manual,Bensin,194574.0,Biru,Jakarta,54300000
Mitsubishi,Xpander,2023,Manual,Bensin,26633.0,Putih,Medan,228400000
Honda,Mobilio,2023,,,,,Medan,176700000
Toyota,Calya,2015,Automatic,Bensin,189739.0,Biru,Makassar,45600000
BMW,Seri 5,2010,Automatic,Bensin,137696.0,Putih,Semarang,152500000
Honda,City,2014,Manual,Bensin,101598.0,Hitam,Semarang,72200000
Suzuki,Baleno,2017,Manual,Bensin,121470.0,Biru,Bali,73800000
Daihatsu,Terios,2008,Manual,Bensin,166651.0,Hitam,Jakarta,26700000
Nissan,X-Trail,2010,Automatic,Diesel,169180.0,Abu-abu,Bali,62600000
Suzuki,Ertiga,2017,MT,Bensin,74476.0,Putih,Semarang,77400000
Toyota,Fortuner,2012,Automatic,Diesel,214191.0,Biru,Surabaya,105100000
Toyota,Agya,2009,Manual,Bensin,281125.0,,Medan,15500000
Honda,Brio,2009,Manual,Bensin,222424.0,Hitam,Jakarta,19400000
Toyota,Rush,2012,MT,Bensin,178198.0,Silver,Bandung,47200000
Toyota,Agya,2021,Manual,Bensin,55207.0,Biru,Makassar,84600000
Suzuki,XL7,2022,Automatic,Bensin,45219.0,Putih,Surabaya,223100000
Nissan,X-Trail,2017,Automatic,Diesel,86717.0,Hitam,Yogyakarta,175500000
Nissan,Grand Livina,2017,Manual,Bensin,141199.0,Abu-abu,Bali,63200000
Nissan,Grand Livina,2012,Manual,Bensin,198906.0,Abu-abu,Surabaya,36400000
Honda,City,2014,Automatic,Bensin,133388.0,Putih,Makassar,82300000
Toyota,Agya,2013,Manual,Bensin,111789.0,Hitam,Jakarta,30000000
Toyota,Agya,2021,Automatic,Bensin,63772.0,Biru,Semarang,89700000
Toyota,Innova,2019,Manual,Bensin,113075.0,Silver,Surabaya,151800000
BMW,X5,2023,Manual,Bensin,24837.0,Hitam,Yogyakarta,1273800000
Toyota,Fortuner,2017,Automatic,Diesel,114921.0,Putih,Medan,207100000
Nissan,Livina,2011,Manual,Bensin,53280.0,Abu-abu,Medan,37400000
Mitsubishi,Triton,2009,Manual,Diesel,244150.0,Abu-abu,Bali,43500000
Toyota,Avanza,2016,Manual,Bensin,138471.0,Merah,Bandung,64800000
Mercedes-Benz,C-Class,2015,Manual,Bensin,131057.0,Abu-abu,Makassar,223500000
BMW,Seri 3,2014,Manual,Bensin,149532.0,Merah,Semarang,220000000
Honda,Jazz,2020,Manual,Bensin,57918.0,Putih,Semarang,124100000
Toyota,Yaris,2023,Automatic,Bensin,16237.0,Abu-abu,Semarang,195800000
Mitsubishi,Xpander,2021,Manual,Bensin,90848.0,Hitam,Makassar,145300000
Toyota,Yaris,2021,Manual,Bensin,52178.0,Putih,Surabaya,142500000
Honda,BR-V,2014,Manual,Bensin,26905.0,Abu-abu,Surabaya,66000000
Honda,City,2022,Automatic,Bensin,40675.0,Silver,Surabaya,245500000
Toyota,Calya,2018,Automatic,Bensin,114224.0,Biru,Makassar,66200000
Suzuki,XL7,2008,Manual,Bensin,208833.0,Putih,Bandung,24800000
Nissan,Livina,2022,Manual,Bensin,62343.0,Putih,Makassar,158200000
Mitsubishi,Xpander,2020,Manual,Bensin,67763.0,Abu-abu,Semarang,148400000
Daihatsu,Ayla,2019,Automatic,Bensin,71916.0,Biru,Semarang,63500000
Toyota,Avanza,2009,Manual,Bensin,384272.0,Silver,Surabaya,22800000
Toyota,Calya,2016,Manual,Bensin,107305.0,Hitam,Yogyakarta,49300000
Honda,CR-V,2018,Manual,Bensin,70377.0,Putih,Yogyakarta,158500000
Toyota,Rush,2016,Manual,Bensin,118480.0,Abu-abu,Makassar,68000000
BMW,Seri 5,2015,Automatic,Bensin,190948.0,Biru,Medan,292500000
Mitsubishi,Pajero Sport,2020,Automatic,Bensin,65620.0,Merah,Surabaya,316500000
Nissan,Grand Livina,2020,Manual,Bensin,88355.0,Silver,Bandung,98000000
Toyota,Avanza,2010,Automatic,Bensin,219481.0,,Makassar,27700000
Toyota,Yaris,2008,Manual,Bensin,264086.0,Abu-abu,Makassar,23400000
Honda,City,2011,Automatic,Bensin,111643.0,Putih,Bandung,56900000
Honda,Brio,2009,Automatic,Bensin,170990.0,Biru,Bandung,19200000
Honda,City,2019,Automatic,Bensin,55651.0,Putih,Bali,150900000
Honda,City,2013,Automatic,Bensin,190008.0,Biru,Makassar,66800000
Suzuki,Ignis,2012,Automatic,Bensin,172411.0,Merah,Yogyakarta,32800000
Daihatsu,Terios,2021,Manual,Bensin,44042.0,Biru,Jakarta,151000000
Suzuki,Baleno,2019,Automatic,Bensin,87854.0,Putih,Bali,108800000
BMW,X5,2013,Automatic,Bensin,223418.0,Abu-abu,Bandung,279900000
BMW,Seri 5,2013,Matic,Bensin,246489.0,Merah,Makassar,207500000
Nissan,Grand Livina,2010,Manual,Bensin,140849.0,Hitam,Bandung,29500000
Daihatsu,Terios,2008,Manual,Bensin,308834.0,Biru,Makassar,19100000
Mitsubishi,Pajero Sport,2017,Manual,Diesel,93493.0,Merah,Bali,197500000
Suzuki,Carry,2009,Manual,Bensin,273056.0,Silver,Makassar,15200000
Daihatsu,Sigra,2009,MT,Bensin,169058.0,,Surabaya,19300000
Mercedes-Benz,C-Class,2008,Manual,Bensin,277837.0,Silver,Semarang,73300000
Nissan,X-Trail,2012,Automatic,Diesel,140477.0,Abu-abu,Bandung,67800000
Toyota,Yaris,2018,Matic,Bensin,69054.0,Putih,Makassar,105600000
Honda,BR-V,2009,Manual,Bensin,274128.0,Abu-abu,Yogyakarta,28700000
Mercedes-Benz,GLA,2008,Automatic,Bensin,243887.0,Biru,Jakarta,80100000
Toyota,Innova,2012,Manual,Bensin,214104.0,Putih,Bali,59700000
Nissan,Grand Livina,2012,Manual,Bensin,198642.0,Hitam,Medan,30100000
Suzuki,Ignis,2013,Automatic,Bensin,112987.0,Merah,Bandung,38400000
Honda,Mobilio,2010,Manual,Bensin,197704.0,Hitam,Makassar,30100000
Honda,Brio,2010,Manual,Bensin,152769.0,Hitam,Makassar,21000000
Suzuki,Ertiga,2013,Automatic,Diesel,249922.0,Silver,Bali,42400000
Nissan,Livina,2020,Manual,Bensin,88453.0,Putih,Yogyakarta,106300000
Mitsubishi,Xpander,2017,Automatic,Bensin,133472.0,Hitam,Bali,91800000
Suzuki,Baleno,2015,Manual,Bensin,142232.0,,Yogyakarta,52100000
Mercedes-Benz,C-Class,2023,Automatic,Bensin,24703.0,Abu-abu,Bandung,773700000
Daihatsu,Xenia,2013,Automatic,Bensin,156248.0,Biru,Semarang,37900000
Honda,CR-V,2016,Automatic,Bensin,161176.0,Biru,Jakarta,157800000
Toyota,Agya,2008,,,,,Surabaya,15400000
Honda,Mobilio,2011,Automatic,Diesel,68329.0,Hitam,Yogyakarta,38400000
Honda,Brio,2012,Automatic,Bensin,225590.0,Merah,Bandung,29400000
Honda,Mobilio,2012,Manual,Bensin,199013.0,Merah,Jakarta,35000000
Toyota,Fortuner,2023,Manual,Diesel,26025.0,Silver,Bali,477600000
Mercedes-Benz,GLA,2019,Automatic,Bensin,,,Makassar,361900000
Toyota,Calya,2010,Manual,Bensin,195216.0,Hitam,Bali,20300000
Toyota,Agya,2014,Automatic,Bensin,121206.0,Merah,Bandung,34700000
Toyota,Agya,2012,Manual,,,,Makassar,23400000
Suzuki,XL7,2022,Automatic,Bensin,63328.0,Abu-abu,Surabaya,244700000
Mercedes-Benz,E-Class,2011,Automatic,Bensin,185917.0,Abu-abu,Makassar,191300000
Toyota,Agya,2023,MT,Bensin,23278.0,Silver,Bali,125700000
Honda,Jazz,2015,Manual,Bensin,201444.0,Hitam,Medan,49200000
Toyota,Agya,2014,Manual,Bensin,225306.0,Abu-abu,Medan,30700000
Mercedes-Benz,GLA,2014,Manual,Bensin,20330.0,Merah,Surabaya,207400000
BMW,X5,2021,Automatic,Bensin,70783.0,Biru,Bandung,999400000
Mitsubishi,Xpander,2014,Manual,Bensin,93650.0,Putih,Yogyakarta,66100000
Daihatsu,Ayla,2016,Manual,Bensin,124037.0,Merah,Medan,34200000
Toyota,Innova,2009,Manual,Bensin,237830.0,Abu-abu,Semarang,38700000
Mercedes-Benz,E-Class,2018,Automatic,Bensin,101631.0,Abu-abu,Makassar,511100000
Nissan,Livina,2017,Automatic,Bensin,74239.0,Putih,Medan,81300000
Suzuki,Carry,2009,Manual,Bensin,186408.0,Merah,Jakarta,16400000
Mercedes-Benz,E-Class,2008,Manual,Diesel,196605.0,Biru,Bandung,139800000
Suzuki,Ignis,2011,Manual,Bensin,111491.0,Abu-abu,Bandung,27000000
Nissan,Livina,2008,Automatic,Bensin,313411.0,Hitam,Surabaya,20200000
Mercedes-Benz,GLA,2011,Automatic,Bensin,214660.0,Merah,Bandung,132200000
Suzuki,Ignis,2014,Manual,Bensin,234325.0,Silver,Surabaya,32700000
Honda,Brio,2020,Automatic,Bensin,79287.0,Merah,Bali,96400000
Honda,BR-V,2010,Manual,Bensin,201983.0,Hitam,Jakarta,35400000
Toyota,Agya,2013,MT,Bensin,260185.0,Putih,Bandung,24500000
Suzuki,XL7,2018,Manual,Bensin,102002.0,Merah,Medan,106400000
BMW,Seri 5,2010,Automatic,Bensin,188971.0,Biru,Bandung,163000000
Suzuki,Baleno,2008,Manual,Bensin,270167.0,Silver,Jakarta,19300000
Mercedes-Benz,E-Class,2013,Manual,Bensin,222205.0,Merah,Yogyakarta,225900000
Nissan,X-Trail,2010,Automatic,Diesel,216869.0,Abu-abu,Yogyakarta,55000000
Suzuki,XL7,2008,Automatic,Bensin,322435.0,Putih,Bali,23500000
Toyota,Agya,2021,Manual,Bensin,38180.0,Biru,Jakarta,95700000
Honda,Jazz,2020,Automatic,Bensin,71482.0,Hitam,Bali,120900000
Honda,City,2015,Manual,Bensin,151962.0,Putih,Yogyakarta,81900000
Honda,BR-V,2013,Automatic,Bensin,155672.0,Putih,Yogyakarta,52000000
Toyota,Calya,2012,Automatic,Bensin,189619.0,Merah,Yogyakarta,28100000
Toyota,Yaris,2016,Manual,Bensin,108624.0,Abu-abu,Yogyakarta,76400000
Toyota,Avanza,2015,Manual,Bensin,143995.0,Hitam,Semarang,57300000
Toyota,Avanza,2010,Automatic,Bensin,261917.0,Putih,Surabaya,28100000
Toyota,Calya,2014,Automatic,Bensin,223220.0,Silver,Bandung,37000000
Honda,Mobilio,2014,Automatic,Bensin,110774.0,Silver,Semarang,52300000
Toyota,Agya,2022,Automatic,Bensin,27323.0,Abu-abu,Surabaya,113100000
Honda,City,2012,Manual,Bensin,247037.0,Hitam,Jakarta,59300000
BMW,Seri 5,2021,Automatic,Bensin,35631.0,Silver,Makassar,682700000
Suzuki,XL7,2018,Automatic,Bensin,108385.0,Silver,Medan,129400000
Toyota,Rush,2011,Manual,Bensin,194274.0,,Yogyakarta,32900000
Daihatsu,Ayla,2011,MT,Bensin,167523.0,Hitam,Semarang,21200000
Daihatsu,Ayla,2009,Manual,Bensin,205181.0,Hitam,Makassar,13800000
Toyota,Avanza,2015,Manual,Bensin,108586.0,Silver,Bandung,60200000
Mitsubishi,Triton,2019,Automatic,Diesel,66911.0,Biru,Surabaya,187000000
Toyota,Agya,2018,Automatic,Diesel,142283.0,Hitam,Surabaya,61600000
Honda,CR-V,2020,Manual,Bensin,83667.0,Silver,Yogyakarta,252200000
Daihatsu,Sigra,2013,Manual,Bensin,168208.0,Putih,Makassar,34800000
Mitsubishi,Pajero Sport,2021,Manual,Diesel,27751.0,Putih,Jakarta,358100000
Toyota,Yaris,2011,Automatic,Bensin,222696.0,Hitam,Bandung,39700000
Toyota,Fortuner,2017,Automatic,Diesel,141087.0,Putih,Medan,167900000
Honda,City,2012,Automatic,Bensin,140951.0,Abu-abu,Surabaya,60800000
Honda,Brio,2008,MT,Bensin,173896.0,Abu-abu,Surabaya,16200000
Daihatsu,Xenia,2020,Manual,Bensin,34601.0,Silver,Surabaya,103900000
Mercedes-Benz,C-Class,2012,Automatic,Bensin,136691.0,Hitam,Bandung,172200000
Daihatsu,Gran Max,2015,Manual,Diesel,189560.0,Merah,Jakarta,41800000
Toyota,Rush,2010,Manual,Bensin,244113.0,Putih,Bandung,26600000
Nissan,X-Trail,2011,Manual,Bensin,183080.0,,Surabaya,59000000
BMW,Seri 5,2013,Automatic,Bensin,133914.0,Biru,Semarang,230100000
Mercedes-Benz,GLA,2023,Automatic,Bensin,21536.0,Putih,Semarang,748600000
Daihatsu,Xenia,2016,Manual,Bensin,137808.0,Biru,Surabaya,61200000
Mercedes-Benz,E-Class,2018,Matic,Bensin,91063.0,Biru,Yogyakarta,590200000
Daihatsu,Ayla,2023,Manual,Bensin,29816.0,Abu-abu,Bali,98000000
Suzuki,Ignis,2013,Manual,Bensin,134847.0,Silver,Bandung,39100000
Honda,Mobilio,2023,Matic,Bensin,27509.0,Biru,Medan,182800000
Toyota,Calya,2022,Manual,Bensin,36613.0,Silver,Jakarta,112800000
Toyota,Avanza,2008,Manual,Bensin,218276.0,Merah,Semarang,20200000
Toyota,Innova,2009,Manual,Bensin,113617.0,Abu-abu,Semarang,47700000
Toyota,Innova,2013,Automatic,Bensin,190666.0,Putih,Bandung,69000000
Toyota,Yaris,2017,Automatic,Diesel,56930.0,Biru,Bali,101300000
Mitsubishi,Triton,2011,Manual,Diesel,172318.0,Silver,Surabaya,63700000
BMW,Seri 3,2011,Automatic,Bensin,128953.0,Abu-abu,Surabaya,159300000
Daihatsu,Xenia,2015,Manual,Bensin,129977.0,Silver,Surabaya,54500000
Honda,HR-V,2013,Automatic,Bensin,156868.0,Abu-abu,Bali,73200000
Toyota,Avanza,2019,Automatic,Bensin,94098.0,Biru,Semarang,107800000
Honda,City,2014,Matic,Diesel,123844.0,Biru,Bandung,85700000
Toyota,Innova,2012,Manual,Bensin,188151.0,Biru,Surabaya,59600000
Daihatsu,Xenia,2014,Manual,Bensin,192835.0,Hitam,Bali,45800000
Mercedes-Benz,E-Class,2012,Automatic,Bensin,200147.0,Silver,Jakarta,227900000
Toyota,Rush,2014,Automatic,Bensin,110104.0,Merah,Bali,70100000
BMW,Seri 5,2009,Automatic,Bensin,357293.0,Abu-abu,Makassar,124200000
Suzuki,Baleno,2018,Automatic,Bensin,135554.0,Hitam,Bali,87200000
Suzuki,Ertiga,2011,Automatic,Bensin,198350.0,Biru,Bali,32100000
Mitsubishi,Xpander,2018,Manual,Bensin,141665.0,Abu-abu,Jakarta,106900000
Honda,Brio,2023,Manual,Bensin,12049.0,Silver,Makassar,136800000
Toyota,Innova,2008,Manual,Bensin,274581.0,Hitam,Makassar,33000000
Toyota,Agya,2022,Manual,Bensin,29206.0,Abu-abu,Semarang,92000000
Toyota,Rush,2008,Manual,Bensin,262163.0,Abu-abu,Jakarta,23500000
Toyota,Avanza,2013,Manual,Bensin,220724.0,Silver,Yogyakarta,34100000
Toyota,Yaris,2018,,,,,Surabaya,119500000
Toyota,Innova,2020,Automatic,Bensin,40293.0,Hitam,Surabaya,218400000
Mercedes-Benz,C-Class,2011,Automatic,Bensin,,,Semarang,144100000
Honda,BR-V,2011,Manual,Bensin,160975.0,Silver,Surabaya,38100000
Honda,Mobilio,2013,Manual,Bensin,169471.0,,Bandung,36400000
Mercedes-Benz,C-Class,2014,Automatic,Bensin,182302.0,Silver,Makassar,214400000
Toyota,Yaris,2008,Manual,Bensin,279642.0,Biru,Surabaya,22500000
Nissan,X-Trail,2015,Manual,Bensin,161081.0,,Bandung,111500000
Nissan,Grand Livina,2008,Manual,Bensin,322239.0,Silver,Yogyakarta,16500000
Toyota,Calya,2012,Manual,Bensin,118012.0,Silver,Yogyakarta,28300000
Mercedes-Benz,C-Class,2016,Automatic,Bensin,170987.0,Silver,Surabaya,286600000
Toyota,Innova,2011,Automatic,Bensin,237194.0,Putih,Semarang,52300000
Toyota,Calya,2010,Manual,Bensin,194364.0,Merah,Semarang,18600000
Toyota,Yaris,2022,MT,Bensin,49969.0,Hitam,Yogyakarta,159800000
Toyota,Agya,2018,Manual,Bensin,53567.0,Putih,Semarang,69700000
Mercedes-Benz,C-Class,2016,Manual,Bensin,150555.0,Putih,Bali,241500000
Toyota,Yaris,2023,Automatic,Bensin,20267.0,Hitam,Bali,214700000
Mercedes-Benz,GLA,2019,Automatic,Bensin,111797.0,Silver,Semarang,408600000
Honda,Mobilio,2023,Automatic,Bensin,37222.0,Biru,Yogyakarta,184900000
Daihatsu,Terios,2017,Manual,Diesel,146906.0,Merah,Semarang,98000000
Toyota,Fortuner,2019,Automatic,Diesel,148596.0,Merah,Makassar,245900000
Suzuki,Ertiga,2020,Manual,Bensin,54173.0,Biru,Semarang,117100000
Toyota,Agya,2020,Manual,Bensin,59492.0,Biru,Surabaya,92200000
Toyota,Rush,2012,Manual,Bensin,183008.0,,Medan,41900000
Nissan,Livina,2022,,,,,Bali,147700000
Suzuki,Carry,2015,Manual,Bensin,53260.0,Biru,Surabaya,43400000
Nissan,X-Trail,2017,Automatic,Diesel,115758.0,Merah,Medan,165600000
Suzuki,Ignis,2010,Manual,Bensin,254332.0,Abu-abu,Yogyakarta,19800000
Suzuki,XL7,2012,Manual,Bensin,202649.0,Silver,Bandung,37400000
Suzuki,Ignis,2013,Automatic,Bensin,118137.0,Silver,Medan,42000000
Toyota,Rush,2018,Automatic,Bensin,87614.0,Biru,Bali,105500000
Toyota,Avanza,2018,Automatic,Bensin,167817.0,Merah,Surabaya,91400000
Toyota,Fortuner,2014,Automatic,Diesel,126174.0,Putih,Bandung,139300000
Suzuki,Baleno,2020,Automatic,Bensin,63801.0,Biru,Bali,124900000
Mitsubishi,Pajero Sport,2016,Automatic,Bensin,103899.0,Hitam,Surabaya,203100000
Honda,Mobilio,2013,Manual,Bensin,177354.0,Biru,Jakarta,40700000
Toyota,Innova,2009,Automatic,Bensin,296931.0,Merah,Semarang,37100000
Toyota,Innova,2020,Manual,Bensin,62604.0,Putih,Bali,186900000
Nissan,Grand Livina,2020,Manual,Bensin,54374.0,Biru,Bandung,123900000
Toyota,Rush,2011,Automatic,Bensin,158602.0,Silver,Medan,39600000
Mitsubishi,Xpander,2016,Automatic,Bensin,83446.0,Biru,Bali,84100000
Daihatsu,Terios,2008,Automatic,Bensin,186300.0,Silver,Yogyakarta,27000000
Honda,City,2015,Automatic,Bensin,165340.0,Merah,Makassar,79200000
Honda,CR-V,2018,Automatic,Bensin,105850.0,Silver,Surabaya,212800000
Toyota,Agya,2017,Automatic,Bensin,134439.0,Hitam,Jakarta,57200000
Daihatsu,Sigra,2023,Manual,Bensin,19175.0,Abu-abu,Yogyakarta,140700000
Mercedes-Benz,GLA,2012,Automatic,Bensin,101319.0,Merah,Bali,156000000
Mercedes-Benz,C-Class,2019,Automatic,Bensin,,,Jakarta,409400000
Suzuki,Ertiga,2012,Manual,Bensin,188115.0,Hitam,Bali,35600000
Mitsubishi,Xpander,2015,Manual,Bensin,165537.0,Abu-abu,Surabaya,61800000
BMW,Seri 5,2023,Automatic,Bensin,46267.0,Biru,Surabaya,887000000
Honda,Mobilio,2013,Manual,Bensin,226737.0,Hitam,Medan,35600000
Toyota,Rush,2014,Manual,Bensin,119090.0,Biru,Bandung,61200000
Honda,BR-V,2010,Automatic,Bensin,287356.0,Abu-abu,Surabaya,32400000
Honda,HR-V,2013,Automatic,Bensin,160483.0,Merah,Surabaya,83300000
Honda,BR-V,2020,Manual,Bensin,84716.0,Merah,Bandung,129600000
Suzuki,Baleno,2016,Automatic,Bensin,125271.0,Abu-abu,Medan,79600000
Toyota,Innova,2008,Automatic,Bensin,272648.0,Abu-abu,Surabaya,36500000
Mercedes-Benz,E-Class,2010,Automatic,Bensin,294883.0,Putih,Surabaya,152800000
Mercedes-Benz,C-Class,2018,Automatic,Bensin,111848.0,Biru,Bali,379100000
BMW,Seri 3,2020,Automatic,Diesel,94556.0,Hitam,Medan,496100000
Toyota,Avanza,2020,Manual,Bensin,53158.0,Merah,Yogyakarta,116500000
BMW,Seri 3,2021,Matic,Bensin,95269.0,Merah,Jakarta,480300000
Toyota,Agya,2015,Manual,Bensin,124983.0,Abu-abu,Bali,40300000
Toyota,Fortuner,2009,Automatic,Bensin,373506.0,Biru,Jakarta,52000000
Honda,CR-V,2017,Automatic,Diesel,83143.0,Putih,Jakarta,196800000
Daihatsu,Terios,2014,Manual,Bensin,197918.0,,Makassar,44500000
Honda,BR-V,2014,Manual,Bensin,133173.0,Biru,Medan,57700000
Toyota,Yaris,2020,MT,Bensin,42669.0,Putih,Yogyakarta,134900000
Honda,Brio,2011,Manual,Bensin,135933.0,Biru,Medan,25100000
Daihatsu,Gran Max,2021,Automatic,Bensin,59951.0,Putih,Yogyakarta,90700000
Toyota,Rush,2018,Matic,Bensin,59442.0,Biru,Medan,115700000
Toyota,Yaris,2008,Manual,Bensin,163335.0,Hitam,Bandung,25900000
Honda,HR-V,2013,Automatic,Bensin,246877.0,Silver,Bandung,71600000
Mercedes-Benz,GLA,2010,Automatic,Bensin,216647.0,Biru,Bali,85900000
Mercedes-Benz,C-Class,2019,Automatic,Bensin,57191.0,Abu-abu,Yogyakarta,422600000
Honda,CR-V,2017,Automatic,Bensin,64883.0,Abu-abu,Semarang,175600000
Daihatsu,Xenia,2021,Manual,Bensin,71450.0,Merah,Surabaya,129500000
Suzuki,Baleno,2019,Manual,Bensin,91020.0,Hitam,Semarang,115400000
Honda,CR-V,2018,Automatic,Bensin,68244.0,Putih,Yogyakarta,201700000
Daihatsu,Gran Max,2022,Automatic,Bensin,46349.0,Putih,Yogyakarta,112400000
Honda,Jazz,2018,Automatic,Diesel,167908.0,Hitam,Semarang,93800000
Toyota,Rush,2010,Manual,Bensin,172691.0,Abu-abu,Bandung,31500000
Daihatsu,Ayla,2019,Manual,Bensin,73474.0,Putih,Jakarta,61100000
Mitsubishi,Xpander,2008,Manual,Bensin,147454.0,Biru,Yogyakarta,27900000
Daihatsu,Ayla,2008,Manual,Bensin,341475.0,Abu-abu,Makassar,10900000
Daihatsu,Sigra,2008,Manual,Bensin,207504.0,Putih,Medan,15500000
Mitsubishi,Xpander,2015,Automatic,Bensin,185772.0,Merah,Bandung,63300000
Mitsubishi,Pajero Sport,2022,Automatic,Bensin,44828.0,Silver,Medan,426700000
Toyota,Yaris,2021,MT,Bensin,59890.0,Biru,Semarang,154400000
Mitsubishi,Triton,2021,Automatic,Bensin,41737.0,Abu-abu,Semarang,247500000
Toyota,Calya,2014,Manual,Bensin,152833.0,Putih,Bandung,38500000
Nissan,X-Trail,2014,Manual,Bensin,123537.0,Putih,Makassar,97300000
Daihatsu,Sigra,2010,Manual,Bensin,150171.0,Biru,Jakarta,22900000
Toyota,Calya,2016,Automatic,Bensin,178905.0,Abu-abu,Yogyakarta,46600000
Daihatsu,Terios,2014,MT,Bensin,119105.0,Silver,Medan,54600000
Mitsubishi,Pajero Sport,2022,Manual,Bensin,37093.0,Merah,Medan,406400000
BMW,X5,2022,Automatic,Bensin,44202.0,Putih,Makassar,1143400000
Toyota,Agya,2023,Manual,Diesel,38260.0,Merah,Yogyakarta,134700000
Mercedes-Benz,C-Class,2010,Automatic,Bensin,183886.0,Abu-abu,Surabaya,144100000
Suzuki,Baleno,2015,Manual,Bensin,187657.0,Biru,Surabaya,63800000
Toyota,Avanza,2008,Manual,Bensin,183729.0,Putih,Yogyakarta,20200000
Mercedes-Benz,C-Class,2012,Automatic,Bensin,198385.0,Biru,Jakarta,165400000
Daihatsu,Terios,2023,Manual,Diesel,24866.0,Biru,Medan,252800000
Honda,Mobilio,2022,Manual,Bensin,42740.0,Merah,Medan,162000000
Toyota,Avanza,2010,Manual,Diesel,86496.0,Abu-abu,Surabaya,35300000
Honda,BR-V,2020,Manual,Bensin,70828.0,Biru,Surabaya,153400000
Honda,Brio,2021,Manual,Bensin,89705.0,Hitam,Jakarta,100500000
Honda,HR-V,2015,Manual,Bensin,162912.0,Putih,Medan,92400000
Toyota,Rush,2010,Manual,Bensin,271970.0,Silver,Semarang,30500000
Suzuki,Carry,2013,Manual,Bensin,180130.0,Hitam,Semarang,32600000
Toyota,Calya,2014,Automatic,Bensin,163717.0,Silver,Makassar,39300000
Toyota,Agya,2018,Manual,Bensin,122313.0,Silver,Medan,57500000
Toyota,Fortuner,2018,Automatic,Bensin,116531.0,Merah,Semarang,218100000
Toyota,Calya,2017,Manual,Bensin,170680.0,Merah,Makassar,46500000
Toyota,Rush,2016,Automatic,Diesel,185268.0,Putih,Bali,71200000
Toyota,Fortuner,2015,Automatic,Diesel,125325.0,Silver,Bandung,138700000
Daihatsu,Ayla,2012,Manual,Bensin,247653.0,Silver,Jakarta,22000000
Honda,BR-V,2013,Manual,Bensin,171024.0,Hitam,Jakarta,60100000
Suzuki,Ertiga,2013,Manual,Bensin,190179.0,Silver,Bandung,41300000
Toyota,Fortuner,2015,Manual,,,,Jakarta,131900000
Mitsubishi,Triton,2023,Automatic,,,,Surabaya,361700000
Daihatsu,Gran Max,2021,Manual,Bensin,66586.0,Merah,Bali,91400000
Suzuki,Ignis,2014,Manual,Bensin,144622.0,Abu-abu,Bali,38800000
Honda,CR-V,2018,Automatic,Bensin,117049.0,Biru,Semarang,212500000
Daihatsu,Terios,2017,Automatic,Bensin,89961.0,Putih,Surabaya,87400000
Suzuki,Ignis,2017,Manual,Bensin,81875.0,Biru,Bali,56700000
Suzuki,Ertiga,2019,Automatic,Bensin,84048.0,Biru,Bandung,112600000
Mitsubishi,Xpander,2008,Automatic,Bensin,-5000.0,,Jakarta,25500000
Suzuki,Carry,2021,Automatic,Bensin,58875.0,Abu-abu,Yogyakarta,101600000
Honda,HR-V,2014,Manual,Bensin,175299.0,Hitam,Yogyakarta,84300000
Toyota,Calya,2021,Manual,Bensin,38750.0,Biru,Medan,101500000
Honda,CR-V,2013,Automatic,Bensin,251594.0,Merah,Bandung,85200000
Suzuki,Baleno,2018,,,,,Surabaya,99600000
Honda,Mobilio,2008,Manual,Bensin,170154.0,Merah,Semarang,23400000
Mercedes-Benz,C-Class,2008,Automatic,Bensin,63991.0,Biru,Bandung,102100000
Honda,HR-V,2022,Automatic,Bensin,31077.0,Abu-abu,Jakarta,251000000
Suzuki,Carry,2017,MT,Bensin,111022.0,Biru,Semarang,48500000
Mitsubishi,Xpander,2023,Automatic,Bensin,31049.0,Merah,Surabaya,250400000
Toyota,Yaris,2012,Manual,Bensin,116577.0,Biru,Medan,47700000
Honda,CR-V,2022,Manual,Bensin,57293.0,Silver,Semarang,279400000
Daihatsu,Xenia,2014,Manual,Bensin,196180.0,Biru,Semarang,36400000
Toyota,Yaris,2020,Automatic,Bensin,70467.0,Merah,Jakarta,142400000
Honda,Jazz,2019,Manual,Bensin,138262.0,Hitam,Surabaya,124700000
Toyota,Innova,2020,Manual,Bensin,65997.0,Hitam,Bandung,198600000
Daihatsu,Sigra,2017,Automatic,Bensin,107470.0,Merah,Surabaya,64300000
Mitsubishi,Xpander,2013,Manual,Bensin,96834.0,Abu-abu,Bali,51200000
Mercedes-Benz,E-Class,2012,Automatic,Bensin,183326.0,Merah,Jakarta,277400000
Mercedes-Benz,GLA,2016,Automatic,Bensin,167840.0,,Surabaya,238500000
Nissan,Grand Livina,2012,Manual,Bensin,206321.0,Putih,Bandung,27900000
Toyota,Rush,2015,Manual,Bensin,159027.0,Merah,Medan,60500000
Daihatsu,Sigra,2013,Manual,Bensin,280314.0,Silver,Jakarta,27200000
Suzuki,Ignis,2018,Manual,Bensin,136974.0,Biru,Semarang,65700000
Honda,Jazz,2022,Manual,Bensin,44779.0,Putih,Bali,181800000
Nissan,Grand Livina,2014,Manual,Bensin,157596.0,Abu-abu,Medan,41700000
Nissan,Grand Livina,2013,Manual,Bensin,213361.0,Merah,Surabaya,39300000
Honda,City,2013,Automatic,Diesel,136029.0,Hitam,Yogyakarta,67800000
Mitsubishi,Pajero Sport,2010,Automatic,Bensin,242480.0,Putih,Bandung,68100000
Toyota,Avanza,2021,Manual,Diesel,84058.0,Hitam,Makassar,128100000
BMW,X5,2008,Automatic,Bensin,249074.0,Merah,Semarang,153200000
Honda,CR-V,2011,Automatic,Bensin,284427.0,Merah,Jakarta,67400000
Honda,Mobilio,2017,Manual,Bensin,130338.0,Hitam,Bali,68200000
Daihatsu,Sigra,2022,Manual,Bensin,6015.0,Abu-abu,Surabaya,112000000
Mitsubishi,Triton,2019,Automatic,Bensin,85122.0,Hitam,Medan,176100000
BMW,X5,2019,Automatic,Bensin,54292.0,Hitam,Bali,758600000
Honda,Brio,2010,Manual,Diesel,149051.0,Silver,Yogyakarta,21900000
Suzuki,Ertiga,2012,Manual,Bensin,196636.0,Biru,Semarang,33600000
Nissan,Livina,2008,Automatic,Bensin,168985.0,Abu-abu,Bali,22200000
Mitsubishi,Xpander,2010,Manual,Bensin,288547.0,Biru,Makassar,29600000
Suzuki,Baleno,2019,Manual,Bensin,83203.0,Silver,Bali,96200000
Toyota,Yaris,2011,Manual,Diesel,194594.0,Merah,Bandung,38800000
Honda,Brio,2008,Manual,Bensin,205106.0,Merah,Jakarta,18100000
Toyota,Innova,2023,Manual,Bensin,18536.0,Biru,Medan,323700000
Honda,BR-V,2017,Automatic,Bensin,132228.0,Abu-abu,Medan,84400000
Toyota,Fortuner,2021,Automatic,Diesel,59659.0,Silver,Bali,391400000
Honda,HR-V,2008,Manual,Bensin,214470.0,Putih,Makassar,38100000
Toyota,Agya,2019,Automatic,Bensin,117052.0,Abu-abu,Makassar,71500000
Nissan,Livina,2022,Manual,Bensin,59455.0,Biru,Medan,158000000
Mitsubishi,Xpander,2021,Manual,Bensin,49162.0,Hitam,Jakarta,193400000
Toyota,Agya,2019,Manual,Bensin,57565.0,Abu-abu,Bandung,74200000
Daihatsu,Ayla,2008,Manual,Bensin,325408.0,Abu-abu,Bali,10600000
Daihatsu,Ayla,2023,Manual,Bensin,43788.0,Silver,Jakarta,109900000
BMW,Seri 5,2015,Automatic,Bensin,135307.0,Hitam,Bali,313700000
Nissan,X-Trail,2016,Manual,Diesel,72336.0,,Bali,164000000
Honda,BR-V,2021,Automatic,Bensin,52872.0,Merah,Yogyakarta,181300000
Mitsubishi,Triton,2020,Automatic,Diesel,61521.0,Merah,Yogyakarta,221700000
Honda,Mobilio,2015,Manual,Bensin,133899.0,,Makassar,54700000
Honda,Jazz,2012,Automatic,Bensin,91967.0,Putih,Semarang,49800000
Mitsubishi,Pajero Sport,2022,Automatic,Bensin,49980.0,Merah,Bandung,384000000
Honda,CR-V,2014,Manual,Bensin,111554.0,Biru,Surabaya,99700000
Honda,BR-V,2016,Manual,Bensin,212750.0,Abu-abu,Surabaya,78600000
Mitsubishi,Xpander,2010,Automatic,Bensin,222921.0,Biru,Jakarta,32000000
Toyota,Innova,2017,Manual,Bensin,131138.0,Biru,Makassar,114000000
Mercedes-Benz,E-Class,2008,Automatic,Bensin,320047.0,Biru,Surabaya,135100000
Toyota,Innova,2018,Matic,Bensin,7342.0,Putih,Makassar,175900000
Honda,Brio,2021,Manual,Bensin,72100.0,Abu-abu,Medan,96700000
Daihatsu,Ayla,2021,Automatic,Bensin,51592.0,Putih,Bandung,93600000
Mitsubishi,Xpander,2023,Manual,Bensin,16583.0,Hitam,Makassar,217800000
Honda,City,2012,Automatic,Bensin,118198.0,Biru,Surabaya,65900000
Toyota,Yaris,2009,Automatic,Bensin,277561.0,Merah,Semarang,21100000
Honda,HR-V,2019,Manual,Bensin,87949.0,Putih,Makassar,169600000
Honda,HR-V,2018,Automatic,Bensin,71485.0,Hitam,Surabaya,173300000
Daihatsu,Xenia,2018,Manual,Bensin,115532.0,Hitam,Bandung,71800000
Toyota,Avanza,2013,Manual,Bensin,115163.0,Putih,Bandung,44000000
Toyota,Rush,2020,Manual,Diesel,54248.0,Hitam,Semarang,138300000
Toyota,Fortuner,2019,Automatic,Bensin,87054.0,Abu-abu,Makassar,269500000
Daihatsu,Ayla,2009,Manual,Bensin,378952.0,Hitam,Bali,10400000
BMW,Seri 5,2012,Automatic,Bensin,183077.0,Putih,Bali,195700000
Toyota,Innova,2012,Automatic,Bensin,190058.0,Putih,Medan,71700000
Toyota,Yaris,2015,Automatic,Bensin,55994.0,Merah,Makassar,73000000
Nissan,Livina,2009,Manual,Bensin,255241.0,Silver,Medan,21500000
Toyota,Innova,2009,Manual,Bensin,258042.0,Biru,Semarang,40200000
Toyota,Avanza,2014,Manual,Bensin,209248.0,Abu-abu,Medan,38000000
Toyota,Agya,2013,Automatic,Bensin,135535.0,Merah,Jakarta,36900000
Daihatsu,Xenia,2011,,,,,Bali,31400000
Toyota,Rush,2022,Automatic,Bensin,29805.0,Silver,Surabaya,213000000
Toyota,Avanza,2022,Manual,Bensin,37774.0,Silver,Makassar,139800000
Toyota,Calya,2017,Automatic,Bensin,142218.0,Merah,Surabaya,60600000
Honda,Jazz,2012,Automatic,Bensin,183875.0,Biru,Yogyakarta,39500000
Toyota,Yaris,2023,Manual,Bensin,50333.0,Silver,Medan,178000000
Daihatsu,Xenia,2017,Automatic,Bensin,166807.0,Putih,Surabaya,72200000
Mitsubishi,Xpander,2013,Manual,Bensin,94444.0,Merah,Jakarta,55000000
Toyota,Fortuner,2011,Automatic,Diesel,147190.0,Biru,Semarang,91400000
Mitsubishi,Pajero Sport,2022,Automatic,Diesel,46275.0,Abu-abu,Yogyakarta,494500000
Daihatsu,Ayla,2010,Manual,Bensin,242590.0,Merah,Surabaya,14900000
Nissan,X-Trail,2023,Automatic,Diesel,40784.0,Abu-abu,Bali,337900000
Toyota,Agya,2019,Manual,Bensin,85976.0,Silver,Makassar,63100000
Honda,City,2012,Manual,Diesel,104719.0,Silver,Semarang,62300000
Honda,HR-V,2009,Automatic,Bensin,242319.0,Biru,Surabaya,40800000
Mercedes-Benz,GLA,2015,Automatic,Bensin,178054.0,Biru,Semarang,215800000
Mercedes-Benz,E-Class,2018,Manual,Bensin,69242.0,Abu-abu,Surabaya,613800000
Honda,City,2015,Manual,Bensin,110219.0,Hitam,Medan,90300000
Daihatsu,Gran Max,2020,Automatic,Bensin,109767.0,Merah,Makassar,88100000
Toyota,Avanza,2013,Manual,Bensin,234606.0,Biru,Jakarta,44300000
Daihatsu,Gran Max,2010,Manual,Bensin,261296.0,Merah,Semarang,16700000
Toyota,Rush,2023,MT,Bensin,19838.0,Merah,Medan,205800000
Toyota,Agya,2008,Manual,Bensin,240554.0,Abu-abu,Surabaya,13100000
Honda,City,2018,Manual,Bensin,99143.0,Merah,Semarang,110200000
Toyota,Innova,2023,Manual,Bensin,27582.0,Merah,Jakarta,354500000
Toyota,Innova,2009,Automatic,Bensin,236113.0,Putih,Bandung,46600000
Honda,City,2015,Manual,Bensin,164273.0,Putih,Bali,79800000
Honda,Jazz,2020,MT,Bensin,36093.0,Biru,Semarang,132600000
Toyota,Fortuner,2015,Automatic,Diesel,85556.0,Putih,Makassar,155200000
Suzuki,Ignis,2021,Manual,Bensin,64945.0,Biru,Yogyakarta,87900000
Mitsubishi,Triton,2016,Automatic,Diesel,121200.0,Silver,Yogyakarta,128200000
Honda,CR-V,2008,Automatic,Bensin,178759.0,Silver,Bali,49600000
Mercedes-Benz,E-Class,2012,Automatic,Bensin,181547.0,Merah,Semarang,230300000
Mercedes-Benz,GLA,2010,Automatic,Bensin,177595.0,Putih,Jakarta,127700000
Toyota,Avanza,2021,Automatic,Bensin,44776.0,Abu-abu,Makassar,133000000
Daihatsu,Sigra,2009,MT,Bensin,187924.0,Merah,Jakarta,17500000
Toyota,Yaris,2018,Manual,Bensin,95538.0,Abu-abu,Yogyakarta,90700000
Toyota,Yaris,2011,Automatic,Bensin,360346.0,Putih,Semarang,27000000
Mitsubishi,Xpander,2013,,,,,Yogyakarta,49400000
Suzuki,Ertiga,2010,Manual,Bensin,206290.0,,Semarang,29700000
Nissan,Grand Livina,2012,Manual,Bensin,156264.0,Silver,Makassar,30700000
Daihatsu,Xenia,2008,Automatic,Bensin,275119.0,Putih,Bandung,19200000
Mitsubishi,Pajero Sport,2016,Automatic,Diesel,130465.0,Abu-abu,Medan,179300000
Toyota,Agya,2012,Manual,Bensin,161051.0,Abu-abu,Bali,24900000
Toyota,Innova,2013,Automatic,Bensin,163376.0,Abu-abu,Makassar,71500000
Suzuki,XL7,2016,Automatic,Bensin,150313.0,Hitam,Makassar,79000000
Toyota,Calya,2009,Manual,Bensin,218778.0,Putih,Semarang,17600000
Nissan,Livina,2009,Manual,Bensin,160791.0,Silver,Surabaya,24600000
Honda,Mobilio,2010,Manual,Bensin,27780.0,Biru,Jakarta,35200000
Honda,Mobilio,2012,Automatic,Bensin,172436.0,Merah,Semarang,34300000
Toyota,Agya,2018,Automatic,Bensin,119101.0,Abu-abu,Yogyakarta,54800000
Suzuki,Ertiga,2017,Automatic,Bensin,102507.0,Silver,Yogyakarta,83500000
Honda,BR-V,2018,Manual,Bensin,81865.0,Abu-abu,Medan,92300000
Honda,CR-V,2020,Automatic,Bensin,88798.0,Hitam,Jakarta,321700000
Honda,HR-V,2019,Automatic,Bensin,50985.0,Biru,Bali,157200000
Toyota,Rush,2017,Manual,Bensin,113699.0,,Makassar,83400000
Honda,Mobilio,2015,Automatic,Bensin,178900.0,Biru,Bandung,55700000
Toyota,Innova,2022,Manual,Bensin,65322.0,Silver,Bandung,245700000
Honda,Brio,2022,Manual,Bensin,21321.0,Hitam,Makassar,117300000
BMW,X5,2008,Matic,Bensin,210546.0,Silver,Makassar,144000000
Honda,CR-V,2022,Manual,Bensin,35976.0,Biru,Semarang,339500000
Daihatsu,Terios,2023,Automatic,Diesel,19587.0,Silver,Bandung,235800000
Suzuki,Ignis,2016,Manual,Bensin,162386.0,Abu-abu,Surabaya,49100000
Toyota,Yaris,2014,Manual,Bensin,93638.0,Abu-abu,Yogyakarta,58000000
Honda,Brio,2014,Automatic,Bensin,139750.0,Merah,Makassar,37900000
Toyota,Avanza,2019,Manual,Bensin,55890.0,Merah,Yogyakarta,97000000
Daihatsu,Terios,2023,MT,Bensin,28010.0,Hitam,Bandung,199600000
Toyota,Innova,2017,Automatic,Bensin,125348.0,Hitam,Medan,133400000
Suzuki,Baleno,2012,Manual,Bensin,266274.0,Silver,Surabaya,39900000
Honda,Jazz,2018,Automatic,Bensin,96027.0,Biru,Bali,104100000
Daihatsu,Xenia,2017,Manual,Bensin,133018.0,Putih,Bandung,72900000
Toyota,Calya,2012,Manual,Bensin,219154.0,Putih,Makassar,28700000
Nissan,Livina,2015,Automatic,Bensin,155324.0,Putih,Surabaya,60800000
Mercedes-Benz,GLA,2021,Automatic,Bensin,29810.0,Biru,Bali,554600000
Honda,Mobilio,2011,Manual,Bensin,188221.0,Hitam,Medan,30700000
Daihatsu,Xenia,2008,,,,,Bali,17400000
Toyota,Avanza,2019,Automatic,Bensin,103723.0,Abu-abu,Makassar,99300000
Honda,City,2015,Automatic,Bensin,121337.0,Merah,Surabaya,92400000
Honda,BR-V,2022,Manual,Bensin,51940.0,Merah,Semarang,206200000
Toyota,Rush,2011,Manual,Bensin,189049.0,Abu-abu,Bandung,41300000
BMW,X5,2020,Manual,Bensin,38961.0,Putih,Makassar,850200000
Mitsubishi,Triton,2023,Automatic,Diesel,500.0,Biru,Jakarta,388100000
Nissan,Livina,2009,MT,Diesel,297370.0,Merah,Yogyakarta,21500000
Suzuki,XL7,2018,Manual,Bensin,77798.0,Silver,Medan,110600000
Nissan,Livina,2012,Manual,Bensin,109621.0,Putih,Medan,41200000
Nissan,Livina,2018,Manual,Bensin,93139.0,Abu-abu,Yogyakarta,79400000
Suzuki,Ignis,2016,Automatic,Bensin,137481.0,Biru,Semarang,46800000
Honda,City,2020,Automatic,Bensin,80981.0,Silver,Makassar,178600000
Honda,Mobilio,2010,Automatic,Bensin,276473.0,Abu-abu,Yogyakarta,27200000
Toyota,Calya,2019,Automatic,Bensin,80955.0,Silver,Semarang,75100000
BMW,X5,2017,Automatic,Diesel,94641.0,Hitam,Semarang,593700000
Honda,Brio,2017,Manual,Bensin,118782.0,Hitam,Surabaya,55600000
Nissan,X-Trail,2019,Manual,Diesel,61366.0,Abu-abu,Makassar,201300000
Mitsubishi,Triton,2016,MT,Diesel,84321.0,Abu-abu,Semarang,130000000
Honda,HR-V,2011,Automatic,Bensin,229562.0,Abu-abu,Yogyakarta,52600000
Mercedes-Benz,E-Class,2023,Manual,Bensin,38438.0,Putih,Jakarta,1066700000
Toyota,Fortuner,2008,Automatic,Bensin,306132.0,Hitam,Semarang,47200000
Toyota,Rush,2016,Manual,Bensin,140639.0,Putih,Yogyakarta,74900000
Toyota,Calya,2010,Manual,Bensin,284399.0,Hitam,Semarang,17300000
Mitsubishi,Pajero Sport,2017,Manual,Diesel,94266.0,Biru,Surabaya,214500000
Toyota,Yaris,2019,Manual,Bensin,37332.0,Abu-abu,Semarang,131300000
Honda,Jazz,2011,Automatic,Bensin,259076.0,Putih,Semarang,30000000
Nissan,Livina,2008,Manual,Bensin,282839.0,Abu-abu,Bandung,17800000
Daihatsu,Terios,2020,Manual,Bensin,63834.0,Silver,Medan,124700000
Honda,BR-V,2022,Automatic,Bensin,55701.0,Merah,Surabaya,219300000
Mitsubishi,Pajero Sport,2021,Automatic,Diesel,104798.0,Silver,Medan,393700000
Daihatsu,Sigra,2009,Automatic,Bensin,55962.0,Silver,Yogyakarta,23300000
Honda,CR-V,2010,Manual,Diesel,190059.0,Abu-abu,Makassar,60300000
Honda,Brio,2017,Manual,Bensin,150065.0,Silver,Bandung,52000000
Toyota,Agya,2010,Manual,Bensin,266232.0,Putih,Jakarta,16500000
Daihatsu,Ayla,2017,Automatic,Bensin,47236.0,Abu-abu,Jakarta,49400000
Toyota,Rush,2013,Automatic,Bensin,142387.0,Biru,Yogyakarta,57000000
Mitsubishi,Xpander,2019,Manual,Bensin,64810.0,Silver,Makassar,117500000
Honda,BR-V,2016,Automatic,Bensin,48300.0,Merah,Makassar,90700000
Suzuki,XL7,2013,Automatic,Bensin,204065.0,Abu-abu,Bandung,52000000
Honda,Mobilio,2021,Automatic,Diesel,44828.0,Hitam,Medan,151200000
Toyota,Rush,2023,Manual,Diesel,17542.0,,Makassar,201800000
Nissan,Livina,2017,Automatic,Bensin,109377.0,Silver,Makassar,77900000
Nissan,Livina,2018,Automatic,Bensin,96718.0,Abu-abu,Medan,77100000
Nissan,X-Trail,2021,Automatic,Diesel,46416.0,Abu-abu,Semarang,284500000
Toyota,Calya,2019,Automatic,Diesel,73342.0,Biru,Bali,79000000
Honda,CR-V,2023,Automatic,Diesel,14011.0,Putih,Makassar,459800000
Toyota,Calya,2009,Manual,Bensin,272466.0,Silver,Bali,16100000
Suzuki,XL7,2009,Automatic,Bensin,189825.0,Silver,Makassar,34300000
Mitsubishi,Xpander,2018,Manual,Bensin,61919.0,Biru,Yogyakarta,102800000
Honda,HR-V,2014,Automatic,Bensin,136495.0,Merah,Jakarta,77700000
Mitsubishi,Xpander,2014,Automatic,Bensin,172543.0,Merah,Yogyakarta,66100000
Honda,BR-V,2012,Manual,Bensin,186125.0,Silver,Bali,48900000
Honda,HR-V,2009,Automatic,Diesel,260252.0,Silver,Semarang,37400000
Suzuki,Ertiga,2017,Automatic,Bensin,96373.0,Silver,Medan,84600000
Mercedes-Benz,GLA,2008,Automatic,Bensin,,,Bali,97000000
Suzuki,Carry,2010,Automatic,Bensin,211996.0,Merah,Yogyakarta,19700000
Toyota,Avanza,2009,Automatic,Bensin,225696.0,Hitam,Jakarta,27200000
Toyota,Fortuner,2023,Manual,Bensin,22303.0,Merah,Surabaya,403200000
BMW,Seri 3,2009,Manual,Bensin,224135.0,Merah,Yogyakarta,89600000
Toyota,Rush,2023,Manual,Bensin,43722.0,Silver,Surabaya,219500000
Honda,Brio,2013,Manual,Bensin,255296.0,Putih,Surabaya,27500000
Honda,CR-V,2019,Automatic,Bensin,59338.0,Hitam,Surabaya,237400000
Mitsubishi,Triton,2016,Automatic,Diesel,104754.0,Putih,Bali,138700000
Honda,CR-V,2013,Automatic,Bensin,158891.0,Putih,Jakarta,101400000
Nissan,Grand Livina,2012,Manual,Bensin,217692.0,Putih,Makassar,29600000
Honda,HR-V,2011,Manual,Bensin,147303.0,Merah,Surabaya,52100000
Daihatsu,Terios,2008,Manual,Bensin,407388.0,Merah,Medan,16900000
Nissan,Grand Livina,2009,Automatic,Bensin,267243.0,Abu-abu,Makassar,0
Toyota,Agya,2019,Manual,Bensin,88224.0,Silver,Medan,63700000
Mitsubishi,Pajero Sport,2009,Automatic,Bensin,276412.0,Silver,Jakarta,66400000
Mitsubishi,Pajero Sport,2023,Automatic,Bensin,32963.0,Putih,Semarang,508500000
Toyota,Agya,2016,Manual,Bensin,173712.0,Abu-abu,Bali,40000000
Mitsubishi,Xpander,2023,Automatic,Bensin,35829.0,Biru,Yogyakarta,250300000
Honda,Mobilio,2019,Manual,Bensin,43939.0,Abu-abu,Semarang,106400000
Mitsubishi,Triton,2023,Automatic,Bensin,33566.0,Abu-abu,Semarang,320800000
Honda,CR-V,2011,Manual,Bensin,205399.0,Silver,Jakarta,71900000
Toyota,Avanza,2011,Manual,Bensin,240532.0,Biru,Semarang,31000000
Suzuki,Carry,2011,Manual,Bensin,184450.0,Hitam,Yogyakarta,23600000
Honda,BR-V,2008,Manual,Bensin,164596.0,Hitam,Yogyakarta,24500000
Suzuki,Baleno,2019,Manual,Bensin,56599.0,Silver,Bali,106400000
Nissan,Livina,2008,Manual,Bensin,249684.0,Putih,Surabaya,19000000
Toyota,Yaris,2008,Matic,Bensin,263935.0,Abu-abu,Semarang,25800000
Mitsubishi,Triton,2022,Automatic,Diesel,28961.0,Biru,Semarang,303100000
Toyota,Avanza,2019,Manual,Bensin,111680.0,Abu-abu,Surabaya,87800000
Mercedes-Benz,E-Class,2019,Manual,Bensin,114910.0,Merah,Medan,611400000
Honda,Mobilio,2023,Manual,Bensin,53481.0,Merah,Medan,176200000
Toyota,Avanza,2023,Manual,Bensin,31279.0,Silver,Surabaya,171100000
Honda,CR-V,2011,Automatic,Bensin,221952.0,Abu-abu,Surabaya,66500000
Suzuki,Ertiga,2016,Manual,Bensin,141119.0,Hitam,Medan,67100000
BMW,X5,2014,Automatic,Bensin,265942.0,Biru,Jakarta,297000000
Suzuki,Baleno,2011,Automatic,Bensin,244864.0,Hitam,Jakarta,34500000
Honda,BR-V,2013,Automatic,Bensin,127860.0,Hitam,Medan,58800000
Toyota,Agya,2012,Manual,Bensin,74033.0,Putih,Jakarta,31100000
Toyota,Calya,2017,Automatic,Bensin,113412.0,Silver,Bandung,54700000
Suzuki,Ertiga,2021,Manual,Bensin,54542.0,Silver,Jakarta,153800000
Mitsubishi,Pajero Sport,2010,Manual,Diesel,123478.0,,Surabaya,94700000
Mitsubishi,Triton,2017,Manual,Diesel,82024.0,Putih,Makassar,142400000
Toyota,Fortuner,2016,Automatic,Diesel,133413.0,Biru,Bandung,174100000
Mitsubishi,Pajero Sport,2013,Automatic,Bensin,182226.0,Putih,Bandung,118600000
Honda,Mobilio,2021,Manual,Bensin,104552.0,Silver,Yogyakarta,127300000
Mercedes-Benz,GLA,2020,Automatic,Bensin,41105.0,Biru,Medan,469300000
Suzuki,Carry,2022,Manual,Bensin,7964.0,Hitam,Jakarta,106300000
Mitsubishi,Pajero Sport,2023,Manual,Bensin,6866.0,Merah,Makassar,501400000
Mitsubishi,Pajero Sport,2021,Automatic,Bensin,32457.0,Hitam,Bali,416700000
Honda,Jazz,2014,Automatic,Bensin,106499.0,Abu-abu,Surabaya,64300000
Toyota,Fortuner,2011,Automatic,Bensin,208731.0,Putih,Surabaya,89700000
Toyota,Yaris,2009,Manual,Bensin,216404.0,Biru,Bali,26700000
Honda,BR-V,2014,Manual,Bensin,171523.0,Merah,Surabaya,55900000
Honda,Brio,2019,Manual,Bensin,116192.0,Abu-abu,Makassar,76600000
Honda,City,2021,Automatic,Bensin,101439.0,Silver,Semarang,183000000
Toyota,Agya,2010,Automatic,Bensin,210421.0,Biru,Bali,21000000
Toyota,Rush,2012,Automatic,Bensin,234412.0,Hitam,Yogyakarta,39200000
Daihatsu,Terios,2022,Manual,Bensin,24030.0,Silver,Yogyakarta,172100000
Toyota,Yaris,2021,Automatic,Diesel,65185.0,Biru,Makassar,160400000
Honda,City,2012,Manual,Bensin,277106.0,Merah,Bali,43300000
Honda,Brio,2012,Manual,Bensin,231485.0,Putih,Semarang,25200000
Honda,Jazz,2011,Automatic,Bensin,251556.0,Hitam,Yogyakarta,27800000
Toyota,Rush,2015,Automatic,Bensin,179144.0,Silver,Surabaya,59900000
Suzuki,XL7,2010,Manual,Bensin,230809.0,Putih,Bali,33000000
Toyota,Innova,2009,Automatic,Bensin,165040.0,Abu-abu,Jakarta,46000000
BMW,X5,2016,Manual,Bensin,97475.0,Putih,Medan,473300000
Toyota,Rush,2021,Automatic,Bensin,95721.0,Putih,Medan,177400000
BMW,X5,2023,Automatic,Bensin,12334.0,Abu-abu,Surabaya,1455000000
Honda,Mobilio,2014,Automatic,Bensin,136357.0,Silver,Bandung,50600000
Mercedes-Benz,C-Class,2008,Manual,Bensin,190713.0,Merah,Bali,98200000
BMW,X5,2010,Automatic,Bensin,188457.0,Merah,Surabaya,182100000
Mitsubishi,Triton,2020,Manual,Diesel,39500.0,Merah,Jakarta,251600000
